dataset,dataset_label,repeat,execution_order,method,k,w,seed,taskset_cpu,runtime_s,throughput_windows_s,throughput_mwindows_s,score_count,window_count,minimizers_processed,checksum,load1_before
Synthetic_300M,Synthetic 300 Mb,1,KSSD-Array then ntHash,KSSD-Array,4,4,42,15,4.926431095000,60896009.345280408859,60.896009345280,299999997,299999994,299999994,8e3619853ea92c39,0.620000
Synthetic_300M,Synthetic 300 Mb,1,KSSD-Array then ntHash,ntHash,4,4,42,15,6.123791828000,48989254.113489113748,48.989254113489,299999997,299999994,299999994,c877f20b1f7c3740,0.680000
Synthetic_300M,Synthetic 300 Mb,2,ntHash then KSSD-Array,ntHash,4,4,42,15,6.129341463000,48944898.209858469665,48.944898209858,299999997,299999994,299999994,c877f20b1f7c3740,0.730000
Synthetic_300M,Synthetic 300 Mb,2,ntHash then KSSD-Array,KSSD-Array,4,4,42,15,4.928192291000,60874246.840543985367,60.874246840544,299999997,299999994,299999994,8e3619853ea92c39,0.750000
Synthetic_300M,Synthetic 300 Mb,3,KSSD-Array then ntHash,KSSD-Array,4,4,42,15,4.932190646000,60824898.210960201919,60.824898210960,299999997,299999994,299999994,8e3619853ea92c39,0.790000
Synthetic_300M,Synthetic 300 Mb,3,KSSD-Array then ntHash,ntHash,4,4,42,15,6.257103596000,47945505.359985090792,47.945505359985,299999997,299999994,299999994,c877f20b1f7c3740,0.820000
Synthetic_300M,Synthetic 300 Mb,4,ntHash then KSSD-Array,ntHash,4,4,42,15,6.118135530000,49034545.333126999438,49.034545333127,299999997,299999994,299999994,c877f20b1f7c3740,0.830000
Synthetic_300M,Synthetic 300 Mb,4,ntHash then KSSD-Array,KSSD-Array,4,4,42,15,4.935388509000,60785486.989105440676,60.785486989105,299999997,299999994,299999994,8e3619853ea92c39,0.860000
Synthetic_300M,Synthetic 300 Mb,5,KSSD-Array then ntHash,KSSD-Array,4,4,42,15,4.923728624000,60929433.140911467373,60.929433140911,299999997,299999994,299999994,8e3619853ea92c39,0.880000
Synthetic_300M,Synthetic 300 Mb,5,KSSD-Array then ntHash,ntHash,4,4,42,15,6.112406911000,49080501.080534167588,49.080501080534,299999997,299999994,299999994,c877f20b1f7c3740,0.900000
Human_GRCh38,GRCh38.p14 chr1,1,KSSD-Array then ntHash,KSSD-Array,4,4,42,15,3.857720296000,59745390.623312309384,59.745390623312,230481009,230481006,230481006,5554dcfdfb9afa95,0.930000
Human_GRCh38,GRCh38.p14 chr1,1,KSSD-Array then ntHash,ntHash,4,4,42,15,4.684277092000,49203111.061389788985,49.203111061390,230481009,230481006,230481006,fbcb140f0f5a8fed,1.020000
Human_GRCh38,GRCh38.p14 chr1,2,ntHash then KSSD-Array,ntHash,4,4,42,15,4.671256506000,49340259.029654756188,49.340259029655,230481009,230481006,230481006,fbcb140f0f5a8fed,1.010000
Human_GRCh38,GRCh38.p14 chr1,2,ntHash then KSSD-Array,KSSD-Array,4,4,42,15,3.853097037000,59817077.999014332891,59.817077999014,230481009,230481006,230481006,5554dcfdfb9afa95,1.010000
Human_GRCh38,GRCh38.p14 chr1,3,KSSD-Array then ntHash,KSSD-Array,4,4,42,15,3.852108102000,59832434.577922448516,59.832434577922,230481009,230481006,230481006,5554dcfdfb9afa95,1.090000
Human_GRCh38,GRCh38.p14 chr1,3,KSSD-Array then ntHash,ntHash,4,4,42,15,4.668800843000,49366210.671753861010,49.366210671754,230481009,230481006,230481006,fbcb140f0f5a8fed,1.080000
Human_GRCh38,GRCh38.p14 chr1,4,ntHash then KSSD-Array,ntHash,4,4,42,15,4.676085268000,49289307.784282267094,49.289307784282,230481009,230481006,230481006,fbcb140f0f5a8fed,1.070000
Human_GRCh38,GRCh38.p14 chr1,4,ntHash then KSSD-Array,KSSD-Array,4,4,42,15,3.853452859000,59811554.580639548600,59.811554580640,230481009,230481006,230481006,5554dcfdfb9afa95,1.060000
Human_GRCh38,GRCh38.p14 chr1,5,KSSD-Array then ntHash,KSSD-Array,4,4,42,15,3.855389190000,59781514.820297561586,59.781514820298,230481009,230481006,230481006,5554dcfdfb9afa95,1.050000
Human_GRCh38,GRCh38.p14 chr1,5,KSSD-Array then ntHash,ntHash,4,4,42,15,4.687515027000,49169123.655590154231,49.169123655590,230481009,230481006,230481006,fbcb140f0f5a8fed,1.050000
Synthetic_300M,Synthetic 300 Mb,1,KSSD-Array then ntHash,KSSD-Array,5,5,42,15,4.985799339000,60170891.686982914805,60.170891686983,299999996,299999992,299999992,fa4116ea4802ab9a,1.030000
Synthetic_300M,Synthetic 300 Mb,1,KSSD-Array then ntHash,ntHash,5,5,42,15,6.202110294000,48370631.572002805769,48.370631572003,299999996,299999992,299999992,4cb538ed61db95f6,1.030000
Synthetic_300M,Synthetic 300 Mb,2,ntHash then KSSD-Array,ntHash,5,5,42,15,6.199159739000,48393654.080672822893,48.393654080673,299999996,299999992,299999992,4cb538ed61db95f6,1.020000
Synthetic_300M,Synthetic 300 Mb,2,ntHash then KSSD-Array,KSSD-Array,5,5,42,15,4.980820838000,60231034.553827092052,60.231034553827,299999996,299999992,299999992,fa4116ea4802ab9a,1.020000
Synthetic_300M,Synthetic 300 Mb,3,KSSD-Array then ntHash,KSSD-Array,5,5,42,15,5.143391819000,58327267.794722914696,58.327267794723,299999996,299999992,299999992,fa4116ea4802ab9a,1.020000
Synthetic_300M,Synthetic 300 Mb,3,KSSD-Array then ntHash,ntHash,5,5,42,15,6.208814169000,48318404.100072845817,48.318404100073,299999996,299999992,299999992,4cb538ed61db95f6,1.010000
Synthetic_300M,Synthetic 300 Mb,4,ntHash then KSSD-Array,ntHash,5,5,42,15,6.193137585000,48440711.655851259828,48.440711655851,299999996,299999992,299999992,4cb538ed61db95f6,1.080000
Synthetic_300M,Synthetic 300 Mb,4,ntHash then KSSD-Array,KSSD-Array,5,5,42,15,4.980733960000,60232085.152365773916,60.232085152366,299999996,299999992,299999992,fa4116ea4802ab9a,1.070000
Synthetic_300M,Synthetic 300 Mb,5,KSSD-Array then ntHash,KSSD-Array,5,5,42,15,4.984330172000,60188627.488058790565,60.188627488059,299999996,299999992,299999992,fa4116ea4802ab9a,1.060000
Synthetic_300M,Synthetic 300 Mb,5,KSSD-Array then ntHash,ntHash,5,5,42,15,6.228616216000,48164789.994503654540,48.164789994504,299999996,299999992,299999992,4cb538ed61db95f6,1.050000
Human_GRCh38,GRCh38.p14 chr1,1,KSSD-Array then ntHash,KSSD-Array,5,5,42,15,3.902661235000,59057394.460218884051,59.057394460219,230481008,230481004,230481004,3193a6305a4930e1,1.110000
Human_GRCh38,GRCh38.p14 chr1,1,KSSD-Array then ntHash,ntHash,5,5,42,15,4.745830276000,48564948.722578376532,48.564948722578,230481008,230481004,230481004,46c8ee0d251f319f,1.100000
Human_GRCh38,GRCh38.p14 chr1,2,ntHash then KSSD-Array,ntHash,5,5,42,15,4.771593528000,48302732.126599527895,48.302732126600,230481008,230481004,230481004,46c8ee0d251f319f,1.080000
Human_GRCh38,GRCh38.p14 chr1,2,ntHash then KSSD-Array,KSSD-Array,5,5,42,15,3.894610573000,59179473.706009477377,59.179473706009,230481008,230481004,230481004,3193a6305a4930e1,1.080000
Human_GRCh38,GRCh38.p14 chr1,3,KSSD-Array then ntHash,KSSD-Array,5,5,42,15,3.895837731000,59160832.640952728689,59.160832640953,230481008,230481004,230481004,3193a6305a4930e1,1.070000
Human_GRCh38,GRCh38.p14 chr1,3,KSSD-Array then ntHash,ntHash,5,5,42,15,4.771898124000,48299648.905077926815,48.299648905078,230481008,230481004,230481004,46c8ee0d251f319f,1.060000
Human_GRCh38,GRCh38.p14 chr1,4,ntHash then KSSD-Array,ntHash,5,5,42,15,4.756144863000,48459626.575507856905,48.459626575508,230481008,230481004,230481004,46c8ee0d251f319f,1.050000
Human_GRCh38,GRCh38.p14 chr1,4,ntHash then KSSD-Array,KSSD-Array,5,5,42,15,3.892679923000,59208824.912163212895,59.208824912163,230481008,230481004,230481004,3193a6305a4930e1,1.040000
Human_GRCh38,GRCh38.p14 chr1,5,KSSD-Array then ntHash,KSSD-Array,5,5,42,15,3.894248142000,59184981.438196189702,59.184981438196,230481008,230481004,230481004,3193a6305a4930e1,1.040000
Human_GRCh38,GRCh38.p14 chr1,5,KSSD-Array then ntHash,ntHash,5,5,42,15,4.744232937000,48581300.088048361242,48.581300088048,230481008,230481004,230481004,46c8ee0d251f319f,1.110000
Synthetic_300M,Synthetic 300 Mb,1,KSSD-Array then ntHash,KSSD-Array,6,6,42,15,4.799442917000,62507252.443273507059,62.507252443274,299999995,299999990,299999990,6fe26f6cce2012ea,1.130000
Synthetic_300M,Synthetic 300 Mb,1,KSSD-Array then ntHash,ntHash,6,6,42,15,6.297032935000,47641483.393321335316,47.641483393321,299999995,299999990,299999990,ed8ca86d6fd287e3,1.120000
Synthetic_300M,Synthetic 300 Mb,2,ntHash then KSSD-Array,ntHash,6,6,42,15,6.303033871000,47596125.316776037216,47.596125316776,299999995,299999990,299999990,ed8ca86d6fd287e3,1.580000
Synthetic_300M,Synthetic 300 Mb,2,ntHash then KSSD-Array,KSSD-Array,6,6,42,15,4.804087215000,62446824.250670894980,62.446824250671,299999995,299999990,299999990,6fe26f6cce2012ea,1.490000
Synthetic_300M,Synthetic 300 Mb,3,KSSD-Array then ntHash,KSSD-Array,6,6,42,15,4.800847675000,62488962.430994018912,62.488962430994,299999995,299999990,299999990,6fe26f6cce2012ea,1.490000
Synthetic_300M,Synthetic 300 Mb,3,KSSD-Array then ntHash,ntHash,6,6,42,15,6.257591420000,47941767.025754459202,47.941767025754,299999995,299999990,299999990,ed8ca86d6fd287e3,1.410000
Synthetic_300M,Synthetic 300 Mb,4,ntHash then KSSD-Array,ntHash,6,6,42,15,6.295133273000,47655860.009621754289,47.655860009622,299999995,299999990,299999990,ed8ca86d6fd287e3,1.350000
Synthetic_300M,Synthetic 300 Mb,4,ntHash then KSSD-Array,KSSD-Array,6,6,42,15,4.797725700000,62529625.234723195434,62.529625234723,299999995,299999990,299999990,6fe26f6cce2012ea,1.290000
Synthetic_300M,Synthetic 300 Mb,5,KSSD-Array then ntHash,KSSD-Array,6,6,42,15,4.799427920000,62507447.762649171054,62.507447762649,299999995,299999990,299999990,6fe26f6cce2012ea,1.270000
Synthetic_300M,Synthetic 300 Mb,5,KSSD-Array then ntHash,ntHash,6,6,42,15,6.256442264000,47950572.760212399065,47.950572760212,299999995,299999990,299999990,ed8ca86d6fd287e3,1.300000
Human_GRCh38,GRCh38.p14 chr1,1,KSSD-Array then ntHash,KSSD-Array,6,6,42,15,3.774412568000,61064072.315265774727,61.064072315266,230481007,230481002,230481002,441f9890d4c163e8,1.200000
Human_GRCh38,GRCh38.p14 chr1,1,KSSD-Array then ntHash,ntHash,6,6,42,15,4.798140818000,48035480.979499667883,48.035480979500,230481007,230481002,230481002,f5cd425fa9451793,1.180000
Human_GRCh38,GRCh38.p14 chr1,2,ntHash then KSSD-Array,ntHash,6,6,42,15,4.814494181000,47872319.154434554279,47.872319154435,230481007,230481002,230481002,f5cd425fa9451793,1.150000
Human_GRCh38,GRCh38.p14 chr1,2,ntHash then KSSD-Array,KSSD-Array,6,6,42,15,3.768186711000,61164963.330289714038,61.164963330290,230481007,230481002,230481002,441f9890d4c163e8,1.140000
Human_GRCh38,GRCh38.p14 chr1,3,KSSD-Array then ntHash,KSSD-Array,6,6,42,15,3.770107610000,61133799.308184728026,61.133799308185,230481007,230481002,230481002,441f9890d4c163e8,1.130000
Human_GRCh38,GRCh38.p14 chr1,3,KSSD-Array then ntHash,ntHash,6,6,42,15,4.852322245000,47499112.870645716786,47.499112870646,230481007,230481002,230481002,f5cd425fa9451793,1.180000
Human_GRCh38,GRCh38.p14 chr1,4,ntHash then KSSD-Array,ntHash,6,6,42,15,4.794327318000,48073689.323353789747,48.073689323354,230481007,230481002,230481002,f5cd425fa9451793,1.170000
Human_GRCh38,GRCh38.p14 chr1,4,ntHash then KSSD-Array,KSSD-Array,6,6,42,15,3.772524525000,61094633.175380080938,61.094633175380,230481007,230481002,230481002,441f9890d4c163e8,1.140000
Human_GRCh38,GRCh38.p14 chr1,5,KSSD-Array then ntHash,KSSD-Array,6,6,42,15,3.771806173000,61106268.834774509072,61.106268834775,230481007,230481002,230481002,441f9890d4c163e8,1.130000
Human_GRCh38,GRCh38.p14 chr1,5,KSSD-Array then ntHash,ntHash,6,6,42,15,4.794639998000,48070554.222244232893,48.070554222244,230481007,230481002,230481002,f5cd425fa9451793,1.120000
Synthetic_300M,Synthetic 300 Mb,1,KSSD-Array then ntHash,KSSD-Array,7,7,42,15,5.165817773000,58074055.489916719496,58.074055489917,299999994,299999988,299999988,87611d4a1cf0e411,1.080000
Synthetic_300M,Synthetic 300 Mb,1,KSSD-Array then ntHash,ntHash,7,7,42,15,6.488545260000,46235323.324229992926,46.235323324230,299999994,299999988,299999988,60d3def523b1d362,1.150000
Synthetic_300M,Synthetic 300 Mb,2,ntHash then KSSD-Array,ntHash,7,7,42,15,6.422320750000,46712084.257081054151,46.712084257081,299999994,299999988,299999988,60d3def523b1d362,1.120000
Synthetic_300M,Synthetic 300 Mb,2,ntHash then KSSD-Array,KSSD-Array,7,7,42,15,5.166793712000,58063086.068879231811,58.063086068879,299999994,299999988,299999988,87611d4a1cf0e411,1.100000
Synthetic_300M,Synthetic 300 Mb,3,KSSD-Array then ntHash,KSSD-Array,7,7,42,15,5.165962250000,58072431.326806545258,58.072431326807,299999994,299999988,299999988,87611d4a1cf0e411,1.090000
Synthetic_300M,Synthetic 300 Mb,3,KSSD-Array then ntHash,ntHash,7,7,42,15,6.722750456000,44624590.777760080993,44.624590777760,299999994,299999988,299999988,60d3def523b1d362,1.070000
Synthetic_300M,Synthetic 300 Mb,4,ntHash then KSSD-Array,ntHash,7,7,42,15,6.415400381000,46762473.140177965164,46.762473140178,299999994,299999988,299999988,60d3def523b1d362,1.060000
Synthetic_300M,Synthetic 300 Mb,4,ntHash then KSSD-Array,KSSD-Array,7,7,42,15,5.167123526000,58059379.941365078092,58.059379941365,299999994,299999988,299999988,87611d4a1cf0e411,1.050000
Synthetic_300M,Synthetic 300 Mb,5,KSSD-Array then ntHash,KSSD-Array,7,7,42,15,5.166001765000,58071987.127940908074,58.071987127941,299999994,299999988,299999988,87611d4a1cf0e411,1.050000
Synthetic_300M,Synthetic 300 Mb,5,KSSD-Array then ntHash,ntHash,7,7,42,15,6.417326103000,46748440.578663237393,46.748440578663,299999994,299999988,299999988,60d3def523b1d362,1.040000
Human_GRCh38,GRCh38.p14 chr1,1,KSSD-Array then ntHash,KSSD-Array,7,7,42,15,4.069949943000,56629934.821780681610,56.629934821781,230481006,230481000,230481000,ba7d2812dc84bb5b,1.020000
Human_GRCh38,GRCh38.p14 chr1,1,KSSD-Array then ntHash,ntHash,7,7,42,15,4.920015053000,46845588.380763843656,46.845588380764,230481006,230481000,230481000,33accd02451c661e,1.020000
Human_GRCh38,GRCh38.p14 chr1,2,ntHash then KSSD-Array,ntHash,7,7,42,15,5.002662473000,46071667.086063675582,46.071667086064,230481006,230481000,230481000,33accd02451c661e,1.090000
Human_GRCh38,GRCh38.p14 chr1,2,ntHash then KSSD-Array,KSSD-Array,7,7,42,15,4.065358120000,56693898.347139954567,56.693898347140,230481006,230481000,230481000,ba7d2812dc84bb5b,1.080000
Human_GRCh38,GRCh38.p14 chr1,3,KSSD-Array then ntHash,KSSD-Array,7,7,42,15,4.065695759000,56689190.156395077705,56.689190156395,230481006,230481000,230481000,ba7d2812dc84bb5b,1.070000
Human_GRCh38,GRCh38.p14 chr1,3,KSSD-Array then ntHash,ntHash,7,7,42,15,4.914565802000,46897530.582702733576,46.897530582703,230481006,230481000,230481000,33accd02451c661e,1.070000
Human_GRCh38,GRCh38.p14 chr1,4,ntHash then KSSD-Array,ntHash,7,7,42,15,4.917631475000,46868294.456733360887,46.868294456733,230481006,230481000,230481000,33accd02451c661e,1.060000
Human_GRCh38,GRCh38.p14 chr1,4,ntHash then KSSD-Array,KSSD-Array,7,7,42,15,4.064057984000,56712035.336944647133,56.712035336945,230481006,230481000,230481000,ba7d2812dc84bb5b,1.050000
Human_GRCh38,GRCh38.p14 chr1,5,KSSD-Array then ntHash,KSSD-Array,7,7,42,15,4.063622429000,56718113.955463655293,56.718113955464,230481006,230481000,230481000,ba7d2812dc84bb5b,1.050000
Human_GRCh38,GRCh38.p14 chr1,5,KSSD-Array then ntHash,ntHash,7,7,42,15,4.934626676000,46706876.757458686829,46.706876757459,230481006,230481000,230481000,33accd02451c661e,1.120000
Synthetic_300M,Synthetic 300 Mb,1,KSSD-Array then ntHash,KSSD-Array,8,8,42,15,4.479701927000,66968738.297484502196,66.968738297485,299999993,299999986,299999986,26eef341df5a5275,1.080000
Synthetic_300M,Synthetic 300 Mb,1,KSSD-Array then ntHash,ntHash,8,8,42,15,5.829774361000,51459965.244442157447,51.459965244442,299999993,299999986,299999986,20a94c83d0ecada4,1.070000
Synthetic_300M,Synthetic 300 Mb,2,ntHash then KSSD-Array,ntHash,8,8,42,15,5.836406490000,51401489.343488134444,51.401489343488,299999993,299999986,299999986,20a94c83d0ecada4,1.060000
Synthetic_300M,Synthetic 300 Mb,2,ntHash then KSSD-Array,KSSD-Array,8,8,42,15,4.528873906000,66241629.205562599003,66.241629205563,299999993,299999986,299999986,26eef341df5a5275,1.050000
Synthetic_300M,Synthetic 300 Mb,3,KSSD-Array then ntHash,KSSD-Array,8,8,42,15,4.479081010000,66978021.904542423785,66.978021904542,299999993,299999986,299999986,26eef341df5a5275,1.040000
Synthetic_300M,Synthetic 300 Mb,3,KSSD-Array then ntHash,ntHash,8,8,42,15,5.833975524000,51422907.889457233250,51.422907889457,299999993,299999986,299999986,20a94c83d0ecada4,1.040000
Synthetic_300M,Synthetic 300 Mb,4,ntHash then KSSD-Array,ntHash,8,8,42,15,5.836281640000,51402588.926465854049,51.402588926466,299999993,299999986,299999986,20a94c83d0ecada4,1.030000
Synthetic_300M,Synthetic 300 Mb,4,ntHash then KSSD-Array,KSSD-Array,8,8,42,15,4.480262323000,66960361.776120044291,66.960361776120,299999993,299999986,299999986,26eef341df5a5275,1.030000
Synthetic_300M,Synthetic 300 Mb,5,KSSD-Array then ntHash,KSSD-Array,8,8,42,15,4.479822622000,66966934.031434066594,66.966934031434,299999993,299999986,299999986,26eef341df5a5275,1.020000
Synthetic_300M,Synthetic 300 Mb,5,KSSD-Array then ntHash,ntHash,8,8,42,15,5.844248174000,51332519.952634036541,51.332519952634,299999993,299999986,299999986,20a94c83d0ecada4,1.020000
Human_GRCh38,GRCh38.p14 chr1,1,KSSD-Array then ntHash,KSSD-Array,8,8,42,15,3.532640587000,65243262.744634263217,65.243262744634,230481005,230480998,230480998,10c713bb1d88f8cc,1.290000
Human_GRCh38,GRCh38.p14 chr1,1,KSSD-Array then ntHash,ntHash,8,8,42,15,4.488143557000,51353303.447820171714,51.353303447820,230481005,230480998,230480998,c78dddbcfbf34c71,1.260000
Human_GRCh38,GRCh38.p14 chr1,2,ntHash then KSSD-Array,ntHash,8,8,42,15,4.472023834000,51538410.025388076901,51.538410025388,230481005,230480998,230480998,c78dddbcfbf34c71,1.220000
Human_GRCh38,GRCh38.p14 chr1,2,ntHash then KSSD-Array,KSSD-Array,8,8,42,15,3.533716967000,65223389.465645335615,65.223389465645,230481005,230480998,230480998,10c713bb1d88f8cc,1.280000
Human_GRCh38,GRCh38.p14 chr1,3,KSSD-Array then ntHash,KSSD-Array,8,8,42,15,3.531122564000,65271310.701522283256,65.271310701522,230481005,230480998,230480998,10c713bb1d88f8cc,1.240000
Human_GRCh38,GRCh38.p14 chr1,3,KSSD-Array then ntHash,ntHash,8,8,42,15,4.470154564000,51559961.674739077687,51.559961674739,230481005,230480998,230480998,c78dddbcfbf34c71,1.220000
Human_GRCh38,GRCh38.p14 chr1,4,ntHash then KSSD-Array,ntHash,8,8,42,15,4.470038817000,51561296.766251325607,51.561296766251,230481005,230480998,230480998,c78dddbcfbf34c71,1.190000
Human_GRCh38,GRCh38.p14 chr1,4,ntHash then KSSD-Array,KSSD-Array,8,8,42,15,3.533420764000,65228857.074775479734,65.228857074775,230481005,230480998,230480998,10c713bb1d88f8cc,1.250000
Human_GRCh38,GRCh38.p14 chr1,5,KSSD-Array then ntHash,KSSD-Array,8,8,42,15,3.532195255000,65251488.482620701194,65.251488482621,230481005,230480998,230480998,10c713bb1d88f8cc,1.230000
Human_GRCh38,GRCh38.p14 chr1,5,KSSD-Array then ntHash,ntHash,8,8,42,15,4.471908072000,51539744.173882476985,51.539744173882,230481005,230480998,230480998,c78dddbcfbf34c71,1.190000
Synthetic_300M,Synthetic 300 Mb,1,KSSD-Array then ntHash,KSSD-Array,9,9,42,15,4.763397898000,62980248.642667554319,62.980248642668,299999992,299999984,299999984,34b8eb87855de09d,1.130000
Synthetic_300M,Synthetic 300 Mb,1,KSSD-Array then ntHash,ntHash,9,9,42,15,5.777573593000,51924909.163160532713,51.924909163161,299999992,299999984,299999984,67a218431c018c7b,1.120000
Synthetic_300M,Synthetic 300 Mb,2,ntHash then KSSD-Array,ntHash,9,9,42,15,5.806493151000,51666294.301636040211,51.666294301636,299999992,299999984,299999984,67a218431c018c7b,1.100000
Synthetic_300M,Synthetic 300 Mb,2,ntHash then KSSD-Array,KSSD-Array,9,9,42,15,4.768094429000,62918213.652685195208,62.918213652685,299999992,299999984,299999984,34b8eb87855de09d,1.080000
Synthetic_300M,Synthetic 300 Mb,3,KSSD-Array then ntHash,KSSD-Array,9,9,42,15,4.774303120000,62836392.340333849192,62.836392340334,299999992,299999984,299999984,34b8eb87855de09d,1.070000
Synthetic_300M,Synthetic 300 Mb,3,KSSD-Array then ntHash,ntHash,9,9,42,15,5.956010122000,50369287.132652051747,50.369287132652,299999992,299999984,299999984,67a218431c018c7b,1.060000
Synthetic_300M,Synthetic 300 Mb,4,ntHash then KSSD-Array,ntHash,9,9,42,15,5.777372730000,51926714.446204684675,51.926714446205,299999992,299999984,299999984,67a218431c018c7b,1.050000
Synthetic_300M,Synthetic 300 Mb,4,ntHash then KSSD-Array,KSSD-Array,9,9,42,15,4.765063948000,62958228.320506900549,62.958228320507,299999992,299999984,299999984,34b8eb87855de09d,1.050000
Synthetic_300M,Synthetic 300 Mb,5,KSSD-Array then ntHash,KSSD-Array,9,9,42,15,4.766839913000,62934772.191918581724,62.934772191919,299999992,299999984,299999984,34b8eb87855de09d,1.040000
Synthetic_300M,Synthetic 300 Mb,5,KSSD-Array then ntHash,ntHash,9,9,42,15,5.778591466000,51915762.823022864759,51.915762823023,299999992,299999984,299999984,67a218431c018c7b,1.190000
Human_GRCh38,GRCh38.p14 chr1,1,KSSD-Array then ntHash,KSSD-Array,9,9,42,15,3.752006964000,61428722.870568744838,61.428722870569,230481004,230480996,230480996,572f6d9011fe6dde,1.140000
Human_GRCh38,GRCh38.p14 chr1,1,KSSD-Array then ntHash,ntHash,9,9,42,15,4.494894806000,51276171.289335399866,51.276171289335,230481004,230480996,230480996,e9eca57f68066547,1.120000
Human_GRCh38,GRCh38.p14 chr1,2,ntHash then KSSD-Array,ntHash,9,9,42,15,4.432545539000,51997434.425004780293,51.997434425005,230481004,230480996,230480996,e9eca57f68066547,1.110000
Human_GRCh38,GRCh38.p14 chr1,2,ntHash then KSSD-Array,KSSD-Array,9,9,42,15,3.751746036000,61432995.141038909554,61.432995141039,230481004,230480996,230480996,572f6d9011fe6dde,1.090000
Human_GRCh38,GRCh38.p14 chr1,3,KSSD-Array then ntHash,KSSD-Array,9,9,42,15,3.751081696000,61443875.308227889240,61.443875308228,230481004,230480996,230480996,572f6d9011fe6dde,1.080000
Human_GRCh38,GRCh38.p14 chr1,3,KSSD-Array then ntHash,ntHash,9,9,42,15,4.466749047000,51599271.321230322123,51.599271321230,230481004,230480996,230480996,e9eca57f68066547,1.080000
Human_GRCh38,GRCh38.p14 chr1,4,ntHash then KSSD-Array,ntHash,9,9,42,15,4.468824859000,51575302.964899659157,51.575302964900,230481004,230480996,230480996,e9eca57f68066547,1.540000
Human_GRCh38,GRCh38.p14 chr1,4,ntHash then KSSD-Array,KSSD-Array,9,9,42,15,3.752345535000,61423180.208269387484,61.423180208269,230481004,230480996,230480996,572f6d9011fe6dde,1.500000
Human_GRCh38,GRCh38.p14 chr1,5,KSSD-Array then ntHash,KSSD-Array,9,9,42,15,3.751994279000,61428930.553014844656,61.428930553015,230481004,230480996,230480996,572f6d9011fe6dde,1.460000
Human_GRCh38,GRCh38.p14 chr1,5,KSSD-Array then ntHash,ntHash,9,9,42,15,4.434591963000,51973439.252814523876,51.973439252815,230481004,230480996,230480996,e9eca57f68066547,1.390000
Synthetic_300M,Synthetic 300 Mb,1,KSSD-Array then ntHash,KSSD-Array,10,10,42,15,4.914427648000,61044744.879312545061,61.044744879313,299999991,299999982,299999982,4b561c6968c89ac9,1.260000
Synthetic_300M,Synthetic 300 Mb,1,KSSD-Array then ntHash,ntHash,10,10,42,15,6.068075601000,49439064.660064704716,49.439064660065,299999991,299999982,299999982,13c6cf9857677916,1.300000
Synthetic_300M,Synthetic 300 Mb,2,ntHash then KSSD-Array,ntHash,10,10,42,15,6.050315715000,49584186.368363752961,49.584186368364,299999991,299999982,299999982,13c6cf9857677916,1.270000
Synthetic_300M,Synthetic 300 Mb,2,ntHash then KSSD-Array,KSSD-Array,10,10,42,15,4.918603101000,60992923.364564023912,60.992923364564,299999991,299999982,299999982,4b561c6968c89ac9,1.230000
Synthetic_300M,Synthetic 300 Mb,3,KSSD-Array then ntHash,KSSD-Array,10,10,42,15,4.917379615000,61008098.924247890711,61.008098924248,299999991,299999982,299999982,4b561c6968c89ac9,1.190000
Synthetic_300M,Synthetic 300 Mb,3,KSSD-Array then ntHash,ntHash,10,10,42,15,6.050394311000,49583542.258490666747,49.583542258491,299999991,299999982,299999982,13c6cf9857677916,1.160000
Synthetic_300M,Synthetic 300 Mb,4,ntHash then KSSD-Array,ntHash,10,10,42,15,6.050840252000,49579887.999991439283,49.579887999991,299999991,299999982,299999982,13c6cf9857677916,1.140000
Synthetic_300M,Synthetic 300 Mb,4,ntHash then KSSD-Array,KSSD-Array,10,10,42,15,4.919143055000,60986228.423478931189,60.986228423479,299999991,299999982,299999982,4b561c6968c89ac9,1.120000
Synthetic_300M,Synthetic 300 Mb,5,KSSD-Array then ntHash,KSSD-Array,10,10,42,15,4.916443473000,61019715.501161016524,61.019715501161,299999991,299999982,299999982,4b561c6968c89ac9,1.110000
Synthetic_300M,Synthetic 300 Mb,5,KSSD-Array then ntHash,ntHash,10,10,42,15,6.050742083000,49580692.398519471288,49.580692398519,299999991,299999982,299999982,13c6cf9857677916,1.090000
Human_GRCh38,GRCh38.p14 chr1,1,KSSD-Array then ntHash,KSSD-Array,10,10,42,15,3.861073317000,59693503.613415069878,59.693503613415,230481003,230480994,230480994,b876a2e9690ed917,1.060000
Human_GRCh38,GRCh38.p14 chr1,1,KSSD-Array then ntHash,ntHash,10,10,42,15,4.646699334000,49601012.984327509999,49.601012984328,230481003,230480994,230480994,4404c3a68683e14c,1.050000
Human_GRCh38,GRCh38.p14 chr1,2,ntHash then KSSD-Array,ntHash,10,10,42,15,4.660123510000,49458129.919822663069,49.458129919823,230481003,230480994,230480994,4404c3a68683e14c,1.040000
Human_GRCh38,GRCh38.p14 chr1,2,ntHash then KSSD-Array,KSSD-Array,10,10,42,15,3.863082043000,59662464.176145896316,59.662464176146,230481003,230480994,230480994,b876a2e9690ed917,1.040000
Human_GRCh38,GRCh38.p14 chr1,3,KSSD-Array then ntHash,KSSD-Array,10,10,42,15,3.860226521000,59706598.238772116601,59.706598238772,230481003,230480994,230480994,b876a2e9690ed917,1.040000
Human_GRCh38,GRCh38.p14 chr1,3,KSSD-Array then ntHash,ntHash,10,10,42,15,4.660737833000,49451610.937671035528,49.451610937671,230481003,230480994,230480994,4404c3a68683e14c,1.030000
Human_GRCh38,GRCh38.p14 chr1,4,ntHash then KSSD-Array,ntHash,10,10,42,15,4.659960360000,49459861.499766059220,49.459861499766,230481003,230480994,230480994,4404c3a68683e14c,1.030000
Human_GRCh38,GRCh38.p14 chr1,4,ntHash then KSSD-Array,KSSD-Array,10,10,42,15,3.865641013000,59622968.926732048392,59.622968926732,230481003,230480994,230480994,b876a2e9690ed917,1.020000
Human_GRCh38,GRCh38.p14 chr1,5,KSSD-Array then ntHash,KSSD-Array,10,10,42,15,3.866684068000,59606885.369151391089,59.606885369151,230481003,230480994,230480994,b876a2e9690ed917,1.020000
Human_GRCh38,GRCh38.p14 chr1,5,KSSD-Array then ntHash,ntHash,10,10,42,15,4.653432528000,49529243.759994626045,49.529243759995,230481003,230480994,230480994,4404c3a68683e14c,1.020000
Synthetic_300M,Synthetic 300 Mb,1,KSSD-Array then ntHash,KSSD-Array,11,11,42,15,5.131011809000,58467996.404488489032,58.467996404488,299999990,299999980,299999980,9b1dac68a09a2526,1.230000
Synthetic_300M,Synthetic 300 Mb,1,KSSD-Array then ntHash,ntHash,11,11,42,15,5.711389199000,52526621.728480108082,52.526621728480,299999990,299999980,299999980,765399be0eafd844,1.200000
Synthetic_300M,Synthetic 300 Mb,2,ntHash then KSSD-Array,ntHash,11,11,42,15,5.677474178000,52840395.322710357606,52.840395322710,299999990,299999980,299999980,765399be0eafd844,1.170000
Synthetic_300M,Synthetic 300 Mb,2,ntHash then KSSD-Array,KSSD-Array,11,11,42,15,5.132078399000,58455845.113055139780,58.455845113055,299999990,299999980,299999980,9b1dac68a09a2526,1.580000
Synthetic_300M,Synthetic 300 Mb,3,KSSD-Array then ntHash,KSSD-Array,11,11,42,15,5.132020708000,58456502.237480841577,58.456502237481,299999990,299999980,299999980,9b1dac68a09a2526,1.490000
Synthetic_300M,Synthetic 300 Mb,3,KSSD-Array then ntHash,ntHash,11,11,42,15,5.690011755000,52723964.891000479460,52.723964891000,299999990,299999980,299999980,765399be0eafd844,1.450000
Synthetic_300M,Synthetic 300 Mb,4,ntHash then KSSD-Array,ntHash,11,11,42,15,5.919842261000,50677022.591700434685,50.677022591700,299999990,299999980,299999980,765399be0eafd844,1.380000
Synthetic_300M,Synthetic 300 Mb,4,ntHash then KSSD-Array,KSSD-Array,11,11,42,15,5.153536092000,58212453.477467559278,58.212453477468,299999990,299999980,299999980,9b1dac68a09a2526,1.300000
Synthetic_300M,Synthetic 300 Mb,5,KSSD-Array then ntHash,KSSD-Array,11,11,42,15,5.132130192000,58455255.181881792843,58.455255181882,299999990,299999980,299999980,9b1dac68a09a2526,1.270000
Synthetic_300M,Synthetic 300 Mb,5,KSSD-Array then ntHash,ntHash,11,11,42,15,5.793639892000,51780915.899562090635,51.780915899562,299999990,299999980,299999980,765399be0eafd844,1.230000
Human_GRCh38,GRCh38.p14 chr1,1,KSSD-Array then ntHash,KSSD-Array,11,11,42,15,4.032766698000,57152076.789937831461,57.152076789938,230481002,230480992,230480992,da66e5ab2178a71c,1.220000
Human_GRCh38,GRCh38.p14 chr1,1,KSSD-Array then ntHash,ntHash,11,11,42,15,4.396223386000,52427042.887306094170,52.427042887306,230481002,230480992,230480992,f9551788247887cd,1.210000
Human_GRCh38,GRCh38.p14 chr1,2,ntHash then KSSD-Array,ntHash,11,11,42,15,4.404895905000,52323822.621638089418,52.323822621638,230481002,230480992,230480992,f9551788247887cd,1.170000
Human_GRCh38,GRCh38.p14 chr1,2,ntHash then KSSD-Array,KSSD-Array,11,11,42,15,4.033917118000,57135777.770831242204,57.135777770831,230481002,230480992,230480992,da66e5ab2178a71c,1.160000
Human_GRCh38,GRCh38.p14 chr1,3,KSSD-Array then ntHash,KSSD-Array,11,11,42,15,4.035669351000,57110970.189589247108,57.110970189589,230481002,230480992,230480992,da66e5ab2178a71c,1.150000
Human_GRCh38,GRCh38.p14 chr1,3,KSSD-Array then ntHash,ntHash,11,11,42,15,4.359517046000,52868469.045550331473,52.868469045550,230481002,230480992,230480992,f9551788247887cd,1.200000
Human_GRCh38,GRCh38.p14 chr1,4,ntHash then KSSD-Array,ntHash,11,11,42,15,4.411326868000,52247543.402852647007,52.247543402853,230481002,230480992,230480992,f9551788247887cd,1.190000
Human_GRCh38,GRCh38.p14 chr1,4,ntHash then KSSD-Array,KSSD-Array,11,11,42,15,4.034072865000,57133571.879594698548,57.133571879595,230481002,230480992,230480992,da66e5ab2178a71c,1.160000
Human_GRCh38,GRCh38.p14 chr1,5,KSSD-Array then ntHash,KSSD-Array,11,11,42,15,4.034241021000,57131190.427206754684,57.131190427207,230481002,230480992,230480992,da66e5ab2178a71c,1.150000
Human_GRCh38,GRCh38.p14 chr1,5,KSSD-Array then ntHash,ntHash,11,11,42,15,4.409234483000,52272337.270478524268,52.272337270479,230481002,230480992,230480992,f9551788247887cd,1.130000
Synthetic_300M,Synthetic 300 Mb,1,KSSD-Array then ntHash,KSSD-Array,12,12,42,15,4.837453956000,62016089.605959653854,62.016089605960,299999989,299999978,299999978,6e5bb170fed02450,1.090000
Synthetic_300M,Synthetic 300 Mb,1,KSSD-Array then ntHash,ntHash,12,12,42,15,5.773342940000,51962958.223299309611,51.962958223299,299999989,299999978,299999978,1e11bc8f635db9e6,1.070000
Synthetic_300M,Synthetic 300 Mb,2,ntHash then KSSD-Array,ntHash,12,12,42,15,5.744514931000,52223726.738190628588,52.223726738191,299999989,299999978,299999978,1e11bc8f635db9e6,1.060000
Synthetic_300M,Synthetic 300 Mb,2,ntHash then KSSD-Array,KSSD-Array,12,12,42,15,4.830724178000,62102485.454718090594,62.102485454718,299999989,299999978,299999978,6e5bb170fed02450,1.060000
Synthetic_300M,Synthetic 300 Mb,3,KSSD-Array then ntHash,KSSD-Array,12,12,42,15,4.829228148000,62121723.970370590687,62.121723970371,299999989,299999978,299999978,6e5bb170fed02450,1.050000
Synthetic_300M,Synthetic 300 Mb,3,KSSD-Array then ntHash,ntHash,12,12,42,15,5.745647873000,52213429.126028165221,52.213429126028,299999989,299999978,299999978,1e11bc8f635db9e6,1.040000
Synthetic_300M,Synthetic 300 Mb,4,ntHash then KSSD-Array,ntHash,12,12,42,15,5.764726728000,52040624.327058300376,52.040624327058,299999989,299999978,299999978,1e11bc8f635db9e6,1.040000
Synthetic_300M,Synthetic 300 Mb,4,ntHash then KSSD-Array,KSSD-Array,12,12,42,15,4.831130815000,62097258.279270999134,62.097258279271,299999989,299999978,299999978,6e5bb170fed02450,1.030000
Synthetic_300M,Synthetic 300 Mb,5,KSSD-Array then ntHash,KSSD-Array,12,12,42,15,4.829808260000,62114262.482130087912,62.114262482130,299999989,299999978,299999978,6e5bb170fed02450,1.020000
Synthetic_300M,Synthetic 300 Mb,5,KSSD-Array then ntHash,ntHash,12,12,42,15,5.748349860000,52188886.429400451481,52.188886429400,299999989,299999978,299999978,1e11bc8f635db9e6,1.020000
Human_GRCh38,GRCh38.p14 chr1,1,KSSD-Array then ntHash,KSSD-Array,12,12,42,15,3.821540035000,60311023.275725021958,60.311023275725,230481001,230480990,230480990,b2d00c806ae35d4a,1.140000
Human_GRCh38,GRCh38.p14 chr1,1,KSSD-Array then ntHash,ntHash,12,12,42,15,4.410779399000,52254027.950763992965,52.254027950764,230481001,230480990,230480990,1a65b3199131ff92,1.130000
Human_GRCh38,GRCh38.p14 chr1,2,ntHash then KSSD-Array,ntHash,12,12,42,15,4.415151615000,52202282.072707481682,52.202282072707,230481001,230480990,230480990,1a65b3199131ff92,1.110000
Human_GRCh38,GRCh38.p14 chr1,2,ntHash then KSSD-Array,KSSD-Array,12,12,42,15,3.835953857000,60084401.062178887427,60.084401062179,230481001,230480990,230480990,b2d00c806ae35d4a,1.100000
Human_GRCh38,GRCh38.p14 chr1,3,KSSD-Array then ntHash,KSSD-Array,12,12,42,15,3.806446511000,60550171.750462830067,60.550171750463,230481001,230480990,230480990,b2d00c806ae35d4a,1.090000
Human_GRCh38,GRCh38.p14 chr1,3,KSSD-Array then ntHash,ntHash,12,12,42,15,4.421705669000,52124905.467107884586,52.124905467108,230481001,230480990,230480990,1a65b3199131ff92,1.080000
Human_GRCh38,GRCh38.p14 chr1,4,ntHash then KSSD-Array,ntHash,12,12,42,15,4.412327687000,52235691.986128769815,52.235691986129,230481001,230480990,230480990,1a65b3199131ff92,1.070000
Human_GRCh38,GRCh38.p14 chr1,4,ntHash then KSSD-Array,KSSD-Array,12,12,42,15,3.801167650000,60634260.633045218885,60.634260633045,230481001,230480990,230480990,b2d00c806ae35d4a,1.060000
Human_GRCh38,GRCh38.p14 chr1,5,KSSD-Array then ntHash,KSSD-Array,12,12,42,15,3.808539947000,60516889.203578047454,60.516889203578,230481001,230480990,230480990,b2d00c806ae35d4a,1.130000
Human_GRCh38,GRCh38.p14 chr1,5,KSSD-Array then ntHash,ntHash,12,12,42,15,4.410381262000,52258745.062662117183,52.258745062662,230481001,230480990,230480990,1a65b3199131ff92,1.120000
Synthetic_300M,Synthetic 300 Mb,1,KSSD-Array then ntHash,KSSD-Array,13,13,42,15,5.006096240000,59926929.411169290543,59.926929411169,299999988,299999976,299999976,ef1aa73f9d7a91fc,1.080000
Synthetic_300M,Synthetic 300 Mb,1,KSSD-Array then ntHash,ntHash,13,13,42,15,5.667493824000,52933445.596287600696,52.933445596288,299999988,299999976,299999976,78dec345df22ed16,1.060000
Synthetic_300M,Synthetic 300 Mb,2,ntHash then KSSD-Array,ntHash,13,13,42,15,5.636876380000,53220960.648422092199,53.220960648422,299999988,299999976,299999976,78dec345df22ed16,1.050000
Synthetic_300M,Synthetic 300 Mb,2,ntHash then KSSD-Array,KSSD-Array,13,13,42,15,4.998442931000,60018685.847030632198,60.018685847031,299999988,299999976,299999976,ef1aa73f9d7a91fc,1.050000
Synthetic_300M,Synthetic 300 Mb,3,KSSD-Array then ntHash,KSSD-Array,13,13,42,15,5.004510308000,59945920.287232220173,59.945920287232,299999988,299999976,299999976,ef1aa73f9d7a91fc,1.040000
Synthetic_300M,Synthetic 300 Mb,3,KSSD-Array then ntHash,ntHash,13,13,42,15,5.655893785000,53042010.229334600270,53.042010229335,299999988,299999976,299999976,78dec345df22ed16,1.030000
Synthetic_300M,Synthetic 300 Mb,4,ntHash then KSSD-Array,ntHash,13,13,42,15,5.645028637000,53144101.702809482813,53.144101702809,299999988,299999976,299999976,78dec345df22ed16,1.030000
Synthetic_300M,Synthetic 300 Mb,4,ntHash then KSSD-Array,KSSD-Array,13,13,42,15,5.039000959000,59535606.053850725293,59.535606053851,299999988,299999976,299999976,ef1aa73f9d7a91fc,1.030000
Synthetic_300M,Synthetic 300 Mb,5,KSSD-Array then ntHash,KSSD-Array,13,13,42,15,5.018872114000,59774381.411942869425,59.774381411943,299999988,299999976,299999976,ef1aa73f9d7a91fc,1.020000
Synthetic_300M,Synthetic 300 Mb,5,KSSD-Array then ntHash,ntHash,13,13,42,15,5.662981224000,52975626.111664466560,52.975626111664,299999988,299999976,299999976,78dec345df22ed16,1.020000
Human_GRCh38,GRCh38.p14 chr1,1,KSSD-Array then ntHash,KSSD-Array,13,13,42,15,3.969473650000,58063362.632473960519,58.063362632474,230481000,230480988,230480988,e6172b0941287581,1.080000
Human_GRCh38,GRCh38.p14 chr1,1,KSSD-Array then ntHash,ntHash,13,13,42,15,4.337385467000,53138230.335662260652,53.138230335662,230481000,230480988,230480988,55e6d556120ea39e,1.060000
Human_GRCh38,GRCh38.p14 chr1,2,ntHash then KSSD-Array,ntHash,13,13,42,15,4.351928046000,52960661.473215907812,52.960661473216,230481000,230480988,230480988,55e6d556120ea39e,1.060000
Human_GRCh38,GRCh38.p14 chr1,2,ntHash then KSSD-Array,KSSD-Array,13,13,42,15,3.941291967000,58478536.969550013542,58.478536969550,230481000,230480988,230480988,e6172b0941287581,1.050000
Human_GRCh38,GRCh38.p14 chr1,3,KSSD-Array then ntHash,KSSD-Array,13,13,42,15,3.949863748000,58351630.006656117737,58.351630006656,230481000,230480988,230480988,e6172b0941287581,1.040000
Human_GRCh38,GRCh38.p14 chr1,3,KSSD-Array then ntHash,ntHash,13,13,42,15,4.333503275000,53185834.502455756068,53.185834502456,230481000,230480988,230480988,55e6d556120ea39e,1.040000
Human_GRCh38,GRCh38.p14 chr1,4,ntHash then KSSD-Array,ntHash,13,13,42,15,4.349785043000,52986753.534156195819,52.986753534156,230481000,230480988,230480988,55e6d556120ea39e,1.030000
Human_GRCh38,GRCh38.p14 chr1,4,ntHash then KSSD-Array,KSSD-Array,13,13,42,15,3.942342059000,58462960.481532379985,58.462960481532,230481000,230480988,230480988,e6172b0941287581,1.030000
Human_GRCh38,GRCh38.p14 chr1,5,KSSD-Array then ntHash,KSSD-Array,13,13,42,15,3.942245004000,58464399.794062115252,58.464399794062,230481000,230480988,230480988,e6172b0941287581,1.030000
Human_GRCh38,GRCh38.p14 chr1,5,KSSD-Array then ntHash,ntHash,13,13,42,15,4.339861709000,53107910.678819283843,53.107910678819,230481000,230480988,230480988,55e6d556120ea39e,1.020000
Synthetic_300M,Synthetic 300 Mb,1,KSSD-Array then ntHash,KSSD-Array,14,14,42,15,5.073336784000,59132674.760745786130,59.132674760746,299999987,299999974,299999974,9eb8d167124e541e,1.010000
Synthetic_300M,Synthetic 300 Mb,1,KSSD-Array then ntHash,ntHash,14,14,42,15,5.556450129000,53991301.466785825789,53.991301466786,299999987,299999974,299999974,9bea6d6d3f78107f,1.010000
Synthetic_300M,Synthetic 300 Mb,2,ntHash then KSSD-Array,ntHash,14,14,42,15,5.582606345000,53738335.727127104998,53.738335727127,299999987,299999974,299999974,9bea6d6d3f78107f,1.010000
Synthetic_300M,Synthetic 300 Mb,2,ntHash then KSSD-Array,KSSD-Array,14,14,42,15,5.072412473000,59143450.103254251182,59.143450103254,299999987,299999974,299999974,9eb8d167124e541e,1.010000
Synthetic_300M,Synthetic 300 Mb,3,KSSD-Array then ntHash,KSSD-Array,14,14,42,15,5.076852650000,59091723.688297316432,59.091723688297,299999987,299999974,299999974,9eb8d167124e541e,1.010000
Synthetic_300M,Synthetic 300 Mb,3,KSSD-Array then ntHash,ntHash,14,14,42,15,5.587594335000,53690364.048234000802,53.690364048234,299999987,299999974,299999974,9bea6d6d3f78107f,1.090000
Synthetic_300M,Synthetic 300 Mb,4,ntHash then KSSD-Array,ntHash,14,14,42,15,5.570708961000,53853104.892083048820,53.853104892083,299999987,299999974,299999974,9bea6d6d3f78107f,1.070000
Synthetic_300M,Synthetic 300 Mb,4,ntHash then KSSD-Array,KSSD-Array,14,14,42,15,5.072462548000,59142866.243198923767,59.142866243199,299999987,299999974,299999974,9eb8d167124e541e,1.140000
Synthetic_300M,Synthetic 300 Mb,5,KSSD-Array then ntHash,KSSD-Array,14,14,42,15,5.072804367000,59138881.040156617761,59.138881040157,299999987,299999974,299999974,9eb8d167124e541e,1.120000
Synthetic_300M,Synthetic 300 Mb,5,KSSD-Array then ntHash,ntHash,14,14,42,15,5.567643016000,53882760.287948749959,53.882760287949,299999987,299999974,299999974,9bea6d6d3f78107f,1.110000
Human_GRCh38,GRCh38.p14 chr1,1,KSSD-Array then ntHash,KSSD-Array,14,14,42,15,4.021649404000,57310064.316088758409,57.310064316089,230480999,230480986,230480986,0c375b2cb348e116,1.150000
Human_GRCh38,GRCh38.p14 chr1,1,KSSD-Array then ntHash,ntHash,14,14,42,15,4.289719186000,53728688.523995146155,53.728688523995,230480999,230480986,230480986,e6ff03cc7516a5a8,1.130000
Human_GRCh38,GRCh38.p14 chr1,2,ntHash then KSSD-Array,ntHash,14,14,42,15,4.276061519000,53900297.031718172133,53.900297031718,230480999,230480986,230480986,e6ff03cc7516a5a8,1.120000
Human_GRCh38,GRCh38.p14 chr1,2,ntHash then KSSD-Array,KSSD-Array,14,14,42,15,4.021666627000,57309818.882707700133,57.309818882708,230480999,230480986,230480986,0c375b2cb348e116,1.180000
Human_GRCh38,GRCh38.p14 chr1,3,KSSD-Array then ntHash,KSSD-Array,14,14,42,15,4.021157759000,57317071.304687395692,57.317071304687,230480999,230480986,230480986,0c375b2cb348e116,1.160000
Human_GRCh38,GRCh38.p14 chr1,3,KSSD-Array then ntHash,ntHash,14,14,42,15,4.298845987000,53614618.131700932980,53.614618131701,230480999,230480986,230480986,e6ff03cc7516a5a8,1.150000
Human_GRCh38,GRCh38.p14 chr1,4,ntHash then KSSD-Array,ntHash,14,14,42,15,4.274588147000,53918875.473829358816,53.918875473829,230480999,230480986,230480986,e6ff03cc7516a5a8,1.130000
Human_GRCh38,GRCh38.p14 chr1,4,ntHash then KSSD-Array,KSSD-Array,14,14,42,15,4.020157907000,57331326.612489707768,57.331326612490,230480999,230480986,230480986,0c375b2cb348e116,1.120000
Human_GRCh38,GRCh38.p14 chr1,5,KSSD-Array then ntHash,KSSD-Array,14,14,42,15,4.019115430000,57346197.195436105132,57.346197195436,230480999,230480986,230480986,0c375b2cb348e116,1.100000
Human_GRCh38,GRCh38.p14 chr1,5,KSSD-Array then ntHash,ntHash,14,14,42,15,4.273106478000,53937571.456884257495,53.937571456884,230480999,230480986,230480986,e6ff03cc7516a5a8,1.090000
Synthetic_300M,Synthetic 300 Mb,1,KSSD-Array then ntHash,KSSD-Array,15,15,42,15,5.320993018000,56380448.345854222775,56.380448345854,299999986,299999972,299999972,2787ec30a2635d16,1.060000
Synthetic_300M,Synthetic 300 Mb,1,KSSD-Array then ntHash,ntHash,15,15,42,15,5.661695239000,52987658.172322899103,52.987658172323,299999986,299999972,299999972,94129aab5df370bb,1.050000
Synthetic_300M,Synthetic 300 Mb,2,ntHash then KSSD-Array,ntHash,15,15,42,15,5.617298379000,53406451.243810631335,53.406451243811,299999986,299999972,299999972,94129aab5df370bb,1.040000
Synthetic_300M,Synthetic 300 Mb,2,ntHash then KSSD-Array,KSSD-Array,15,15,42,15,5.319614193000,56395061.956704579294,56.395061956705,299999986,299999972,299999972,2787ec30a2635d16,1.040000
Synthetic_300M,Synthetic 300 Mb,3,KSSD-Array then ntHash,KSSD-Array,15,15,42,15,5.321993790000,56369846.309046521783,56.369846309047,299999986,299999972,299999972,2787ec30a2635d16,1.030000
Synthetic_300M,Synthetic 300 Mb,3,KSSD-Array then ntHash,ntHash,15,15,42,15,5.617315387000,53406289.540779888630,53.406289540780,299999986,299999972,299999972,94129aab5df370bb,1.030000
Synthetic_300M,Synthetic 300 Mb,4,ntHash then KSSD-Array,ntHash,15,15,42,15,5.616662621000,53412496.395695477724,53.412496395695,299999986,299999972,299999972,94129aab5df370bb,1.100000
Synthetic_300M,Synthetic 300 Mb,4,ntHash then KSSD-Array,KSSD-Array,15,15,42,15,5.322313541000,56366459.752694979310,56.366459752695,299999986,299999972,299999972,2787ec30a2635d16,1.170000
Synthetic_300M,Synthetic 300 Mb,5,KSSD-Array then ntHash,KSSD-Array,15,15,42,15,5.330225761000,56282789.032132327557,56.282789032132,299999986,299999972,299999972,2787ec30a2635d16,1.140000
Synthetic_300M,Synthetic 300 Mb,5,KSSD-Array then ntHash,ntHash,15,15,42,15,5.617026743000,53409033.947339348495,53.409033947339,299999986,299999972,299999972,94129aab5df370bb,1.130000
Human_GRCh38,GRCh38.p14 chr1,1,KSSD-Array then ntHash,KSSD-Array,15,15,42,15,4.210756888000,54736236.294437907636,54.736236294438,230480998,230480984,230480984,f7731ca2f28f429e,1.080000
Human_GRCh38,GRCh38.p14 chr1,1,KSSD-Array then ntHash,ntHash,15,15,42,15,4.336017082000,53154999.078945055604,53.154999078945,230480998,230480984,230480984,fc155bac54b52030,1.080000
Human_GRCh38,GRCh38.p14 chr1,2,ntHash then KSSD-Array,ntHash,15,15,42,15,4.313006869000,53438584.959508448839,53.438584959508,230480998,230480984,230480984,fc155bac54b52030,1.070000
Human_GRCh38,GRCh38.p14 chr1,2,ntHash then KSSD-Array,KSSD-Array,15,15,42,15,4.205687865000,54802208.675084359944,54.802208675084,230480998,230480984,230480984,f7731ca2f28f429e,1.060000
Human_GRCh38,GRCh38.p14 chr1,3,KSSD-Array then ntHash,KSSD-Array,15,15,42,15,4.210012220000,54745918.053415998816,54.745918053416,230480998,230480984,230480984,f7731ca2f28f429e,1.140000
Human_GRCh38,GRCh38.p14 chr1,3,KSSD-Array then ntHash,ntHash,15,15,42,15,4.311913066000,53452140.725510634482,53.452140725511,230480998,230480984,230480984,fc155bac54b52030,1.110000
Human_GRCh38,GRCh38.p14 chr1,4,ntHash then KSSD-Array,ntHash,15,15,42,15,4.318777325000,53367183.963345460594,53.367183963345,230480998,230480984,230480984,fc155bac54b52030,1.100000
Human_GRCh38,GRCh38.p14 chr1,4,ntHash then KSSD-Array,KSSD-Array,15,15,42,15,4.209818277000,54748440.154581993818,54.748440154582,230480998,230480984,230480984,f7731ca2f28f429e,1.180000
Human_GRCh38,GRCh38.p14 chr1,5,KSSD-Array then ntHash,KSSD-Array,15,15,42,15,4.206802873000,54787683.416132345796,54.787683416132,230480998,230480984,230480984,f7731ca2f28f429e,1.220000
Human_GRCh38,GRCh38.p14 chr1,5,KSSD-Array then ntHash,ntHash,15,15,42,15,4.336919509000,53143938.577071703970,53.143938577072,230480998,230480984,230480984,fc155bac54b52030,1.210000
Synthetic_300M,Synthetic 300 Mb,1,KSSD-Array then ntHash,KSSD-Array,16,16,42,15,4.019139974000,74642827.057707250118,74.642827057707,299999985,299999970,299999970,8d9c000c3eea94a1,1.270000
Synthetic_300M,Synthetic 300 Mb,1,KSSD-Array then ntHash,ntHash,16,16,42,15,5.153241930000,58215774.472672581673,58.215774472673,299999985,299999970,299999970,aef28ec5ac9b39a7,1.250000
Synthetic_300M,Synthetic 300 Mb,2,ntHash then KSSD-Array,ntHash,16,16,42,15,5.166551059000,58065809.584405004978,58.065809584405,299999985,299999970,299999970,aef28ec5ac9b39a7,1.210000
Synthetic_300M,Synthetic 300 Mb,2,ntHash then KSSD-Array,KSSD-Array,16,16,42,15,4.020097149000,74625054.788694620132,74.625054788695,299999985,299999970,299999970,8d9c000c3eea94a1,1.190000
Synthetic_300M,Synthetic 300 Mb,3,KSSD-Array then ntHash,KSSD-Array,16,16,42,15,4.020516499000,74617271.207472294569,74.617271207472,299999985,299999970,299999970,8d9c000c3eea94a1,1.160000
Synthetic_300M,Synthetic 300 Mb,3,KSSD-Array then ntHash,ntHash,16,16,42,15,5.187743196000,57828608.446022242308,57.828608446022,299999985,299999970,299999970,aef28ec5ac9b39a7,1.150000
Synthetic_300M,Synthetic 300 Mb,4,ntHash then KSSD-Array,ntHash,16,16,42,15,5.153352484000,58214525.579500414431,58.214525579500,299999985,299999970,299999970,aef28ec5ac9b39a7,1.200000
Synthetic_300M,Synthetic 300 Mb,4,ntHash then KSSD-Array,KSSD-Array,16,16,42,15,4.019375607000,74638451.175732582808,74.638451175733,299999985,299999970,299999970,8d9c000c3eea94a1,1.240000
Synthetic_300M,Synthetic 300 Mb,5,KSSD-Array then ntHash,KSSD-Array,16,16,42,15,4.021234664000,74603945.073323383927,74.603945073323,299999985,299999970,299999970,8d9c000c3eea94a1,1.220000
Synthetic_300M,Synthetic 300 Mb,5,KSSD-Array then ntHash,ntHash,16,16,42,15,5.164803906000,58085452.121713131666,58.085452121713,299999985,299999970,299999970,aef28ec5ac9b39a7,1.210000
Human_GRCh38,GRCh38.p14 chr1,1,KSSD-Array then ntHash,KSSD-Array,16,16,42,15,3.175234014000,72587085.230184867978,72.587085230185,230480997,230480982,230480982,8bc91750bb209473,1.200000
Human_GRCh38,GRCh38.p14 chr1,1,KSSD-Array then ntHash,ntHash,16,16,42,15,3.960595873000,58193511.630718201399,58.193511630718,230480997,230480982,230480982,f53b1faf70c1bdb5,1.190000
Human_GRCh38,GRCh38.p14 chr1,2,ntHash then KSSD-Array,ntHash,16,16,42,15,3.958692235000,58221495.463134936988,58.221495463135,230480997,230480982,230480982,f53b1faf70c1bdb5,1.170000
Human_GRCh38,GRCh38.p14 chr1,2,ntHash then KSSD-Array,KSSD-Array,16,16,42,15,3.190556340000,72238493.052280649543,72.238493052281,230480997,230480982,230480982,8bc91750bb209473,1.160000
Human_GRCh38,GRCh38.p14 chr1,3,KSSD-Array then ntHash,KSSD-Array,16,16,42,15,3.174919011000,72594287.035815030336,72.594287035815,230480997,230480982,230480982,8bc91750bb209473,1.130000
Human_GRCh38,GRCh38.p14 chr1,3,KSSD-Array then ntHash,ntHash,16,16,42,15,3.957708518000,58235966.835797175765,58.235966835797,230480997,230480982,230480982,f53b1faf70c1bdb5,1.120000
Human_GRCh38,GRCh38.p14 chr1,4,ntHash then KSSD-Array,ntHash,16,16,42,15,3.961541620000,58179618.973686307669,58.179618973686,230480997,230480982,230480982,f53b1faf70c1bdb5,1.110000
Human_GRCh38,GRCh38.p14 chr1,4,ntHash then KSSD-Array,KSSD-Array,16,16,42,15,3.175032108000,72591701.173435822129,72.591701173436,230480997,230480982,230480982,8bc91750bb209473,1.100000
Human_GRCh38,GRCh38.p14 chr1,5,KSSD-Array then ntHash,KSSD-Array,16,16,42,15,3.175254066000,72586626.836556270719,72.586626836556,230480997,230480982,230480982,8bc91750bb209473,1.090000
Human_GRCh38,GRCh38.p14 chr1,5,KSSD-Array then ntHash,ntHash,16,16,42,15,3.966873896000,58101413.869597837329,58.101413869598,230480997,230480982,230480982,f53b1faf70c1bdb5,1.160000
Synthetic_300M,Synthetic 300 Mb,1,KSSD-Array then ntHash,KSSD-Array,17,17,42,15,4.822761654000,62205016.445542141795,62.205016445542,299999984,299999968,299999968,aa479e0d93e8f30f,1.170000
Synthetic_300M,Synthetic 300 Mb,1,KSSD-Array then ntHash,ntHash,17,17,42,15,5.492802945000,54616917.993223220110,54.616917993223,299999984,299999968,299999968,1c765c1a54667fea,1.160000
Synthetic_300M,Synthetic 300 Mb,2,ntHash then KSSD-Array,ntHash,17,17,42,15,5.489684971000,54647938.740527048707,54.647938740527,299999984,299999968,299999968,1c765c1a54667fea,1.130000
Synthetic_300M,Synthetic 300 Mb,2,ntHash then KSSD-Array,KSSD-Array,17,17,42,15,4.822156734000,62212819.812505081296,62.212819812505,299999984,299999968,299999968,aa479e0d93e8f30f,1.110000
Synthetic_300M,Synthetic 300 Mb,3,KSSD-Array then ntHash,KSSD-Array,17,17,42,15,4.854969020000,61792354.753275021911,61.792354753275,299999984,299999968,299999968,aa479e0d93e8f30f,1.170000
Synthetic_300M,Synthetic 300 Mb,3,KSSD-Array then ntHash,ntHash,17,17,42,15,5.499510930000,54550299.439081214368,54.550299439081,299999984,299999968,299999968,1c765c1a54667fea,1.240000
Synthetic_300M,Synthetic 300 Mb,4,ntHash then KSSD-Array,ntHash,17,17,42,15,5.491993545000,54624967.335062667727,54.624967335063,299999984,299999968,299999968,1c765c1a54667fea,1.200000
Synthetic_300M,Synthetic 300 Mb,4,ntHash then KSSD-Array,KSSD-Array,17,17,42,15,4.822886540000,62203405.680781371891,62.203405680781,299999984,299999968,299999968,aa479e0d93e8f30f,1.170000
Synthetic_300M,Synthetic 300 Mb,5,KSSD-Array then ntHash,KSSD-Array,17,17,42,15,4.824162066000,62186958.874030493200,62.186958874030,299999984,299999968,299999968,aa479e0d93e8f30f,1.140000
Synthetic_300M,Synthetic 300 Mb,5,KSSD-Array then ntHash,ntHash,17,17,42,15,5.576857347000,53793731.726234883070,53.793731726235,299999984,299999968,299999968,1c765c1a54667fea,1.210000
Human_GRCh38,GRCh38.p14 chr1,1,KSSD-Array then ntHash,KSSD-Array,17,17,42,15,3.802927725000,60606195.191364042461,60.606195191364,230480996,230480980,230480980,3327686a1fa80939,1.140000
Human_GRCh38,GRCh38.p14 chr1,1,KSSD-Array then ntHash,ntHash,17,17,42,15,4.256871668000,54143276.559776246548,54.143276559776,230480996,230480980,230480980,7da3b0bfd86aa0e2,1.130000
Human_GRCh38,GRCh38.p14 chr1,2,ntHash then KSSD-Array,ntHash,17,17,42,15,4.309337767000,53484083.277243837714,53.484083277244,230480996,230480980,230480980,7da3b0bfd86aa0e2,1.180000
Human_GRCh38,GRCh38.p14 chr1,2,ntHash then KSSD-Array,KSSD-Array,17,17,42,15,3.805457070000,60565912.519938111305,60.565912519938,230480996,230480980,230480980,3327686a1fa80939,1.170000
Human_GRCh38,GRCh38.p14 chr1,3,KSSD-Array then ntHash,KSSD-Array,17,17,42,15,3.805308411000,60568278.600953586400,60.568278600954,230480996,230480980,230480980,3327686a1fa80939,1.150000
Human_GRCh38,GRCh38.p14 chr1,3,KSSD-Array then ntHash,ntHash,17,17,42,15,4.400544568000,52375558.624270707369,52.375558624271,230480996,230480980,230480980,7da3b0bfd86aa0e2,1.130000
Human_GRCh38,GRCh38.p14 chr1,4,ntHash then KSSD-Array,ntHash,17,17,42,15,4.290125841000,53723594.258548930287,53.723594258549,230480996,230480980,230480980,7da3b0bfd86aa0e2,1.120000
Human_GRCh38,GRCh38.p14 chr1,4,ntHash then KSSD-Array,KSSD-Array,17,17,42,15,3.803871615000,60591156.413148291409,60.591156413148,230480996,230480980,230480980,3327686a1fa80939,1.100000
Human_GRCh38,GRCh38.p14 chr1,5,KSSD-Array then ntHash,KSSD-Array,17,17,42,15,3.805883546000,60559125.683768361807,60.559125683768,230480996,230480980,230480980,3327686a1fa80939,1.090000
Human_GRCh38,GRCh38.p14 chr1,5,KSSD-Array then ntHash,ntHash,17,17,42,15,4.218343559000,54637792.483322009444,54.637792483322,230480996,230480980,230480980,7da3b0bfd86aa0e2,1.080000
Synthetic_300M,Synthetic 300 Mb,1,KSSD-Array then ntHash,KSSD-Array,18,18,42,15,5.714705407000,52496138.406806938350,52.496138406807,299999983,299999966,299999966,d9a5b353313dfe83,1.110000
Synthetic_300M,Synthetic 300 Mb,1,KSSD-Array then ntHash,ntHash,18,18,42,15,5.921859085000,50659761.013208910823,50.659761013209,299999983,299999966,299999966,e532443bbb14b171,1.100000
Synthetic_300M,Synthetic 300 Mb,2,ntHash then KSSD-Array,ntHash,18,18,42,15,5.922028630000,50658310.647174298763,50.658310647174,299999983,299999966,299999966,e532443bbb14b171,1.090000
Synthetic_300M,Synthetic 300 Mb,2,ntHash then KSSD-Array,KSSD-Array,18,18,42,15,5.714060958000,52502059.079363428056,52.502059079363,299999983,299999966,299999966,d9a5b353313dfe83,1.070000
Synthetic_300M,Synthetic 300 Mb,3,KSSD-Array then ntHash,KSSD-Array,18,18,42,15,5.716279772000,52481680.037685878575,52.481680037686,299999983,299999966,299999966,d9a5b353313dfe83,1.060000
Synthetic_300M,Synthetic 300 Mb,3,KSSD-Array then ntHash,ntHash,18,18,42,15,5.920978384000,50667296.271622397006,50.667296271622,299999983,299999966,299999966,e532443bbb14b171,1.050000
Synthetic_300M,Synthetic 300 Mb,4,ntHash then KSSD-Array,ntHash,18,18,42,15,5.931298435000,50579138.663758702576,50.579138663759,299999983,299999966,299999966,e532443bbb14b171,1.040000
Synthetic_300M,Synthetic 300 Mb,4,ntHash then KSSD-Array,KSSD-Array,18,18,42,15,5.713760841000,52504816.765746042132,52.504816765746,299999983,299999966,299999966,d9a5b353313dfe83,1.040000
Synthetic_300M,Synthetic 300 Mb,5,KSSD-Array then ntHash,KSSD-Array,18,18,42,15,5.714111827000,52501591.687872998416,52.501591687873,299999983,299999966,299999966,d9a5b353313dfe83,1.030000
Synthetic_300M,Synthetic 300 Mb,5,KSSD-Array then ntHash,ntHash,18,18,42,15,5.920059038000,50675164.567505791783,50.675164567506,299999983,299999966,299999966,e532443bbb14b171,1.020000
Human_GRCh38,GRCh38.p14 chr1,1,KSSD-Array then ntHash,KSSD-Array,18,18,42,15,4.464369157000,51626774.107291862369,51.626774107292,230480995,230480978,230480978,97b9a1f1a8fef1b4,1.020000
Human_GRCh38,GRCh38.p14 chr1,1,KSSD-Array then ntHash,ntHash,18,18,42,15,4.543837792000,50723856.913596443832,50.723856913596,230480995,230480978,230480978,946e7efb5ec7f4eb,1.090000
Human_GRCh38,GRCh38.p14 chr1,2,ntHash then KSSD-Array,ntHash,18,18,42,15,4.547821061000,50679429.755162924528,50.679429755163,230480995,230480978,230480978,946e7efb5ec7f4eb,1.090000
Human_GRCh38,GRCh38.p14 chr1,2,ntHash then KSSD-Array,KSSD-Array,18,18,42,15,4.467482660000,51590794.087156012654,51.590794087156,230480995,230480978,230480978,97b9a1f1a8fef1b4,1.070000
Human_GRCh38,GRCh38.p14 chr1,3,KSSD-Array then ntHash,KSSD-Array,18,18,42,15,4.465431193000,51614495.451481029391,51.614495451481,230480995,230480978,230480978,97b9a1f1a8fef1b4,1.070000
Human_GRCh38,GRCh38.p14 chr1,3,KSSD-Array then ntHash,ntHash,18,18,42,15,4.541568345000,50749203.907444447279,50.749203907444,230480995,230480978,230480978,946e7efb5ec7f4eb,1.060000
Human_GRCh38,GRCh38.p14 chr1,4,ntHash then KSSD-Array,ntHash,18,18,42,15,4.533356288000,50841134.770301111042,50.841134770301,230480995,230480978,230480978,946e7efb5ec7f4eb,1.050000
Human_GRCh38,GRCh38.p14 chr1,4,ntHash then KSSD-Array,KSSD-Array,18,18,42,15,4.435923194000,51957837.843483634293,51.957837843484,230480995,230480978,230480978,97b9a1f1a8fef1b4,1.040000
Human_GRCh38,GRCh38.p14 chr1,5,KSSD-Array then ntHash,KSSD-Array,18,18,42,15,4.464857771000,51621124.304790310562,51.621124304790,230480995,230480978,230480978,97b9a1f1a8fef1b4,1.040000
Human_GRCh38,GRCh38.p14 chr1,5,KSSD-Array then ntHash,ntHash,18,18,42,15,4.532626602000,50849319.442793145776,50.849319442793,230480995,230480978,230480978,946e7efb5ec7f4eb,1.030000
Synthetic_300M,Synthetic 300 Mb,1,KSSD-Array then ntHash,KSSD-Array,19,19,42,15,5.068101811000,59193752.451631635427,59.193752451632,299999982,299999964,299999964,bcbe3f977d52fdfc,1.020000
Synthetic_300M,Synthetic 300 Mb,1,KSSD-Array then ntHash,ntHash,19,19,42,15,5.781466624000,51889941.343713961542,51.889941343714,299999982,299999964,299999964,5dc78eda6d05f1cf,1.020000
Synthetic_300M,Synthetic 300 Mb,2,ntHash then KSSD-Array,ntHash,19,19,42,15,5.750343008000,52170794.608710065484,52.170794608710,299999982,299999964,299999964,5dc78eda6d05f1cf,1.020000
Synthetic_300M,Synthetic 300 Mb,2,ntHash then KSSD-Array,KSSD-Array,19,19,42,15,5.065697562000,59221846.612089544535,59.221846612090,299999982,299999964,299999964,bcbe3f977d52fdfc,1.010000
Synthetic_300M,Synthetic 300 Mb,3,KSSD-Array then ntHash,KSSD-Array,19,19,42,15,5.087867513000,58963792.440245486796,58.963792440245,299999982,299999964,299999964,bcbe3f977d52fdfc,1.170000
Synthetic_300M,Synthetic 300 Mb,3,KSSD-Array then ntHash,ntHash,19,19,42,15,5.751962810000,52156102.866040609777,52.156102866041,299999982,299999964,299999964,5dc78eda6d05f1cf,1.160000
Synthetic_300M,Synthetic 300 Mb,4,ntHash then KSSD-Array,ntHash,19,19,42,15,5.754172128000,52136077.497610785067,52.136077497611,299999982,299999964,299999964,5dc78eda6d05f1cf,1.130000
Synthetic_300M,Synthetic 300 Mb,4,ntHash then KSSD-Array,KSSD-Array,19,19,42,15,5.063368472000,59249087.965644702315,59.249087965645,299999982,299999964,299999964,bcbe3f977d52fdfc,1.110000
Synthetic_300M,Synthetic 300 Mb,5,KSSD-Array then ntHash,KSSD-Array,19,19,42,15,5.069745922000,59174556.006477519870,59.174556006478,299999982,299999964,299999964,bcbe3f977d52fdfc,1.090000
Synthetic_300M,Synthetic 300 Mb,5,KSSD-Array then ntHash,ntHash,19,19,42,15,5.749457930000,52178825.839325688779,52.178825839326,299999982,299999964,299999964,5dc78eda6d05f1cf,1.080000
Human_GRCh38,GRCh38.p14 chr1,1,KSSD-Array then ntHash,KSSD-Array,19,19,42,15,3.994592167000,57698249.624590523541,57.698249624591,230480994,230480976,230480976,0c067acb58ca03a3,1.060000
Human_GRCh38,GRCh38.p14 chr1,1,KSSD-Array then ntHash,ntHash,19,19,42,15,4.430222708000,52024692.931080527604,52.024692931081,230480994,230480976,230480976,67f4083a0b636a74,1.050000
Human_GRCh38,GRCh38.p14 chr1,2,ntHash then KSSD-Array,ntHash,19,19,42,15,4.418064059000,52167866.495844312012,52.167866495844,230480994,230480976,230480976,67f4083a0b636a74,1.040000
Human_GRCh38,GRCh38.p14 chr1,2,ntHash then KSSD-Array,KSSD-Array,19,19,42,15,3.997313237000,57658972.998817801476,57.658972998818,230480994,230480976,230480976,0c067acb58ca03a3,1.040000
Human_GRCh38,GRCh38.p14 chr1,3,KSSD-Array then ntHash,KSSD-Array,19,19,42,15,3.995687110000,57682438.503048852086,57.682438503049,230480994,230480976,230480976,0c067acb58ca03a3,1.040000
Human_GRCh38,GRCh38.p14 chr1,3,KSSD-Array then ntHash,ntHash,19,19,42,15,4.431030923000,52015203.686268657446,52.015203686269,230480994,230480976,230480976,67f4083a0b636a74,1.030000
Human_GRCh38,GRCh38.p14 chr1,4,ntHash then KSSD-Array,ntHash,19,19,42,15,4.415889888000,52193551.434858605266,52.193551434859,230480994,230480976,230480976,67f4083a0b636a74,1.030000
Human_GRCh38,GRCh38.p14 chr1,4,ntHash then KSSD-Array,KSSD-Array,19,19,42,15,3.995296925000,57688071.832107946277,57.688071832108,230480994,230480976,230480976,0c067acb58ca03a3,1.020000
Human_GRCh38,GRCh38.p14 chr1,5,KSSD-Array then ntHash,KSSD-Array,19,19,42,15,3.997859812000,57651090.042774111032,57.651090042774,230480994,230480976,230480976,0c067acb58ca03a3,1.020000
Human_GRCh38,GRCh38.p14 chr1,5,KSSD-Array then ntHash,ntHash,19,19,42,15,4.415189983000,52201825.264016047120,52.201825264016,230480994,230480976,230480976,67f4083a0b636a74,1.020000
Synthetic_300M,Synthetic 300 Mb,1,KSSD-Array then ntHash,KSSD-Array,20,20,42,15,5.237468428000,57279574.306581392884,57.279574306581,299999981,299999962,299999962,f4109fa84ed17ff0,1.090000
Synthetic_300M,Synthetic 300 Mb,1,KSSD-Array then ntHash,ntHash,20,20,42,15,5.603003434000,53542705.360405109823,53.542705360405,299999981,299999962,299999962,39ddf1a64313e485,1.080000
Synthetic_300M,Synthetic 300 Mb,2,ntHash then KSSD-Array,ntHash,20,20,42,15,5.605227120000,53521464.086543560028,53.521464086544,299999981,299999962,299999962,39ddf1a64313e485,1.060000
Synthetic_300M,Synthetic 300 Mb,2,ntHash then KSSD-Array,KSSD-Array,20,20,42,15,5.256034568000,57077242.951648719609,57.077242951649,299999981,299999962,299999962,f4109fa84ed17ff0,1.060000
Synthetic_300M,Synthetic 300 Mb,3,KSSD-Array then ntHash,KSSD-Array,20,20,42,15,5.256683928000,57070192.179909199476,57.070192179909,299999981,299999962,299999962,f4109fa84ed17ff0,1.050000
Synthetic_300M,Synthetic 300 Mb,3,KSSD-Array then ntHash,ntHash,20,20,42,15,5.615153006000,53426854.384811751544,53.426854384812,299999981,299999962,299999962,39ddf1a64313e485,1.120000
Synthetic_300M,Synthetic 300 Mb,4,ntHash then KSSD-Array,ntHash,20,20,42,15,5.609115635000,53484360.373683042824,53.484360373683,299999981,299999962,299999962,39ddf1a64313e485,1.100000
Synthetic_300M,Synthetic 300 Mb,4,ntHash then KSSD-Array,KSSD-Array,20,20,42,15,5.229323304000,57368792.205011464655,57.368792205011,299999981,299999962,299999962,f4109fa84ed17ff0,1.090000
Synthetic_300M,Synthetic 300 Mb,5,KSSD-Array then ntHash,KSSD-Array,20,20,42,15,5.253337663000,57106544.685475319624,57.106544685475,299999981,299999962,299999962,f4109fa84ed17ff0,1.080000
Synthetic_300M,Synthetic 300 Mb,5,KSSD-Array then ntHash,ntHash,20,20,42,15,5.604200232000,53531271.114654205739,53.531271114654,299999981,299999962,299999962,39ddf1a64313e485,1.070000
Human_GRCh38,GRCh38.p14 chr1,1,KSSD-Array then ntHash,KSSD-Array,20,20,42,15,4.162307628000,55373363.672003924847,55.373363672004,230480993,230480974,230480974,509708958bd7671d,1.050000
Human_GRCh38,GRCh38.p14 chr1,1,KSSD-Array then ntHash,ntHash,20,20,42,15,4.304104671000,53549109.888735786080,53.549109888736,230480993,230480974,230480974,e906264e7633790b,1.040000
Human_GRCh38,GRCh38.p14 chr1,2,ntHash then KSSD-Array,ntHash,20,20,42,15,4.306534866000,53518891.909976705909,53.518891909977,230480993,230480974,230480974,e906264e7633790b,1.040000
Human_GRCh38,GRCh38.p14 chr1,2,ntHash then KSSD-Array,KSSD-Array,20,20,42,15,4.143768517000,55621102.639889575541,55.621102639890,230480993,230480974,230480974,509708958bd7671d,1.030000
Human_GRCh38,GRCh38.p14 chr1,3,KSSD-Array then ntHash,KSSD-Array,20,20,42,15,4.146263628000,55587631.341998212039,55.587631341998,230480993,230480974,230480974,509708958bd7671d,1.030000
Human_GRCh38,GRCh38.p14 chr1,3,KSSD-Array then ntHash,ntHash,20,20,42,15,4.350194613000,52981761.623086258769,52.981761623086,230480993,230480974,230480974,e906264e7633790b,1.020000
Human_GRCh38,GRCh38.p14 chr1,4,ntHash then KSSD-Array,ntHash,20,20,42,15,4.303966380000,53550830.478373758495,53.550830478374,230480993,230480974,230480974,e906264e7633790b,1.020000
Human_GRCh38,GRCh38.p14 chr1,4,ntHash then KSSD-Array,KSSD-Array,20,20,42,15,4.150884649000,55525747.759703643620,55.525747759704,230480993,230480974,230480974,509708958bd7671d,1.020000
Human_GRCh38,GRCh38.p14 chr1,5,KSSD-Array then ntHash,KSSD-Array,20,20,42,15,4.152716764000,55501250.650669224560,55.501250650669,230480993,230480974,230480974,509708958bd7671d,1.020000
Human_GRCh38,GRCh38.p14 chr1,5,KSSD-Array then ntHash,ntHash,20,20,42,15,4.299191503000,53610306.458590894938,53.610306458591,230480993,230480974,230480974,e906264e7633790b,1.170000
Synthetic_300M,Synthetic 300 Mb,1,KSSD-Array then ntHash,KSSD-Array,21,21,42,15,5.556055874000,53995130.143286243081,53.995130143286,299999980,299999960,299999960,165cb89ee9fff642,1.170000
Synthetic_300M,Synthetic 300 Mb,1,KSSD-Array then ntHash,ntHash,21,21,42,15,5.939159020000,50512195.243426904082,50.512195243427,299999980,299999960,299999960,e1fbc65d8009628a,1.140000
Synthetic_300M,Synthetic 300 Mb,2,ntHash then KSSD-Array,ntHash,21,21,42,15,5.962402396000,50315282.343449532986,50.315282343450,299999980,299999960,299999960,e1fbc65d8009628a,1.120000
Synthetic_300M,Synthetic 300 Mb,2,ntHash then KSSD-Array,KSSD-Array,21,21,42,15,5.553770476000,54017349.347873911262,54.017349347874,299999980,299999960,299999960,165cb89ee9fff642,1.110000
Synthetic_300M,Synthetic 300 Mb,3,KSSD-Array then ntHash,KSSD-Array,21,21,42,15,5.555313650000,54002344.224074542522,54.002344224075,299999980,299999960,299999960,165cb89ee9fff642,1.090000
Synthetic_300M,Synthetic 300 Mb,3,KSSD-Array then ntHash,ntHash,21,21,42,15,6.057568205000,49524817.525352157652,49.524817525352,299999980,299999960,299999960,e1fbc65d8009628a,1.080000
Synthetic_300M,Synthetic 300 Mb,4,ntHash then KSSD-Array,ntHash,21,21,42,15,5.972439775000,50230721.665167398751,50.230721665167,299999980,299999960,299999960,e1fbc65d8009628a,1.070000
Synthetic_300M,Synthetic 300 Mb,4,ntHash then KSSD-Array,KSSD-Array,21,21,42,15,5.554336682000,54011842.849248439074,54.011842849248,299999980,299999960,299999960,165cb89ee9fff642,1.060000
Synthetic_300M,Synthetic 300 Mb,5,KSSD-Array then ntHash,KSSD-Array,21,21,42,15,5.557264316000,53983388.757714070380,53.983388757714,299999980,299999960,299999960,165cb89ee9fff642,1.050000
Synthetic_300M,Synthetic 300 Mb,5,KSSD-Array then ntHash,ntHash,21,21,42,15,5.941750269000,50490166.435502208769,50.490166435502,299999980,299999960,299999960,e1fbc65d8009628a,1.040000
Human_GRCh38,GRCh38.p14 chr1,1,KSSD-Array then ntHash,KSSD-Array,21,21,42,15,4.425015436000,52085913.672731421888,52.085913672731,230480992,230480972,230480972,0a7d3c90b8016dc9,1.020000
Human_GRCh38,GRCh38.p14 chr1,1,KSSD-Array then ntHash,ntHash,21,21,42,15,4.566233826000,50475069.999185800552,50.475069999186,230480992,230480972,230480972,618732d89d914ca4,1.020000
Human_GRCh38,GRCh38.p14 chr1,2,ntHash then KSSD-Array,ntHash,21,21,42,15,4.598681816000,50118921.295684613287,50.118921295685,230480992,230480972,230480972,618732d89d914ca4,1.020000
Human_GRCh38,GRCh38.p14 chr1,2,ntHash then KSSD-Array,KSSD-Array,21,21,42,15,4.381896167000,52598455.831917941570,52.598455831918,230480992,230480972,230480972,0a7d3c90b8016dc9,1.020000
Human_GRCh38,GRCh38.p14 chr1,3,KSSD-Array then ntHash,KSSD-Array,21,21,42,15,4.381261268000,52606077.999363899231,52.606077999364,230480992,230480972,230480972,0a7d3c90b8016dc9,1.020000
Human_GRCh38,GRCh38.p14 chr1,3,KSSD-Array then ntHash,ntHash,21,21,42,15,4.610999465000,49985035.511167645454,49.985035511168,230480992,230480972,230480972,618732d89d914ca4,1.010000
Human_GRCh38,GRCh38.p14 chr1,4,ntHash then KSSD-Array,ntHash,21,21,42,15,4.566967422000,50466962.144228756428,50.466962144229,230480992,230480972,230480972,618732d89d914ca4,1.010000
Human_GRCh38,GRCh38.p14 chr1,4,ntHash then KSSD-Array,KSSD-Array,21,21,42,15,4.378270509000,52642012.759655185044,52.642012759655,230480992,230480972,230480972,0a7d3c90b8016dc9,1.170000
Human_GRCh38,GRCh38.p14 chr1,5,KSSD-Array then ntHash,KSSD-Array,21,21,42,15,4.386942821000,52537947.587714865804,52.537947587715,230480992,230480972,230480972,0a7d3c90b8016dc9,1.160000
Human_GRCh38,GRCh38.p14 chr1,5,KSSD-Array then ntHash,ntHash,21,21,42,15,4.579557888000,50328214.564977675676,50.328214564978,230480992,230480972,230480972,618732d89d914ca4,1.210000
Synthetic_300M,Synthetic 300 Mb,1,KSSD-Array then ntHash,KSSD-Array,22,22,42,15,5.259624873000,57038280.342013284564,57.038280342013,299999979,299999958,299999958,853da5dba3e8edf5,1.130000
Synthetic_300M,Synthetic 300 Mb,1,KSSD-Array then ntHash,ntHash,22,22,42,15,5.428720112000,55261636.594021558762,55.261636594022,299999979,299999958,299999958,56ad1b174996fb0d,1.110000
Synthetic_300M,Synthetic 300 Mb,2,ntHash then KSSD-Array,ntHash,22,22,42,15,5.435483742000,55192871.920837402344,55.192871920837,299999979,299999958,299999958,56ad1b174996fb0d,1.100000
Synthetic_300M,Synthetic 300 Mb,2,ntHash then KSSD-Array,KSSD-Array,22,22,42,15,5.256678046000,57070255.278099253774,57.070255278099,299999979,299999958,299999958,853da5dba3e8edf5,1.090000
Synthetic_300M,Synthetic 300 Mb,3,KSSD-Array then ntHash,KSSD-Array,22,22,42,15,5.274542481000,56876963.088393412530,56.876963088393,299999979,299999958,299999958,853da5dba3e8edf5,1.070000
Synthetic_300M,Synthetic 300 Mb,3,KSSD-Array then ntHash,ntHash,22,22,42,15,5.466159968000,54883128.147778347135,54.883128147778,299999979,299999958,299999958,56ad1b174996fb0d,1.060000
Synthetic_300M,Synthetic 300 Mb,4,ntHash then KSSD-Array,ntHash,22,22,42,15,5.427094191000,55278192.609500631690,55.278192609501,299999979,299999958,299999958,56ad1b174996fb0d,1.060000
Synthetic_300M,Synthetic 300 Mb,4,ntHash then KSSD-Array,KSSD-Array,22,22,42,15,5.262319241000,57009076.086191780865,57.009076086192,299999979,299999958,299999958,853da5dba3e8edf5,1.050000
Synthetic_300M,Synthetic 300 Mb,5,KSSD-Array then ntHash,KSSD-Array,22,22,42,15,5.266933117000,56959135.674553126097,56.959135674553,299999979,299999958,299999958,853da5dba3e8edf5,1.040000
Synthetic_300M,Synthetic 300 Mb,5,KSSD-Array then ntHash,ntHash,22,22,42,15,5.457982953000,54965352.692262247205,54.965352692262,299999979,299999958,299999958,56ad1b174996fb0d,1.190000
Human_GRCh38,GRCh38.p14 chr1,1,KSSD-Array then ntHash,KSSD-Array,22,22,42,15,4.158060721000,55429919.249608762562,55.429919249609,230480991,230480970,230480970,19d38c7997319a55,1.140000
Human_GRCh38,GRCh38.p14 chr1,1,KSSD-Array then ntHash,ntHash,22,22,42,15,4.166227832000,55321259.252727307379,55.321259252727,230480991,230480970,230480970,fe3d939cf1ebd83d,1.130000
Human_GRCh38,GRCh38.p14 chr1,2,ntHash then KSSD-Array,ntHash,22,22,42,15,4.183419733000,55093914.718119442463,55.093914718119,230480991,230480970,230480970,fe3d939cf1ebd83d,1.110000
Human_GRCh38,GRCh38.p14 chr1,2,ntHash then KSSD-Array,KSSD-Array,22,22,42,15,4.130033170000,55806082.061079427600,55.806082061079,230480991,230480970,230480970,19d38c7997319a55,1.100000
Human_GRCh38,GRCh38.p14 chr1,3,KSSD-Array then ntHash,KSSD-Array,22,22,42,15,4.136675800000,55716469.248085625470,55.716469248086,230480991,230480970,230480970,19d38c7997319a55,1.090000
Human_GRCh38,GRCh38.p14 chr1,3,KSSD-Array then ntHash,ntHash,22,22,42,15,4.190418950000,55001891.875274196267,55.001891875274,230480991,230480970,230480970,fe3d939cf1ebd83d,1.080000
Human_GRCh38,GRCh38.p14 chr1,4,ntHash then KSSD-Array,ntHash,22,22,42,15,4.196400464000,54923492.640239112079,54.923492640239,230480991,230480970,230480970,fe3d939cf1ebd83d,1.070000
Human_GRCh38,GRCh38.p14 chr1,4,ntHash then KSSD-Array,KSSD-Array,22,22,42,15,4.130180611000,55804089.871071256697,55.804089871071,230480991,230480970,230480970,19d38c7997319a55,1.140000
Human_GRCh38,GRCh38.p14 chr1,5,KSSD-Array then ntHash,KSSD-Array,22,22,42,15,4.130949833000,55793698.620788842440,55.793698620789,230480991,230480970,230480970,19d38c7997319a55,1.120000
Human_GRCh38,GRCh38.p14 chr1,5,KSSD-Array then ntHash,ntHash,22,22,42,15,4.167573358000,55303398.453100480139,55.303398453100,230480991,230480970,230480970,fe3d939cf1ebd83d,1.110000
Synthetic_300M,Synthetic 300 Mb,1,KSSD-Array then ntHash,KSSD-Array,23,23,42,15,5.539800558000,54153566.154429785907,54.153566154430,299999978,299999956,299999956,d33eb8479f361e95,1.070000
Synthetic_300M,Synthetic 300 Mb,1,KSSD-Array then ntHash,ntHash,23,23,42,15,5.648930748000,53107387.819582454860,53.107387819582,299999978,299999956,299999956,ec04836c49c0543a,1.060000
Synthetic_300M,Synthetic 300 Mb,2,ntHash then KSSD-Array,ntHash,23,23,42,15,5.646534938000,53129921.145278491080,53.129921145278,299999978,299999956,299999956,ec04836c49c0543a,1.050000
Synthetic_300M,Synthetic 300 Mb,2,ntHash then KSSD-Array,KSSD-Array,23,23,42,15,5.594209783000,53626869.144531682134,53.626869144532,299999978,299999956,299999956,d33eb8479f361e95,1.040000
Synthetic_300M,Synthetic 300 Mb,3,KSSD-Array then ntHash,KSSD-Array,23,23,42,15,5.528742142000,54261882.412818811834,54.261882412819,299999978,299999956,299999956,d33eb8479f361e95,1.190000
Synthetic_300M,Synthetic 300 Mb,3,KSSD-Array then ntHash,ntHash,23,23,42,15,5.724385405000,52407365.118701338768,52.407365118701,299999978,299999956,299999956,ec04836c49c0543a,1.260000
Synthetic_300M,Synthetic 300 Mb,4,ntHash then KSSD-Array,ntHash,23,23,42,15,5.683185617000,52787288.013718239963,52.787288013718,299999978,299999956,299999956,ec04836c49c0543a,1.440000
Synthetic_300M,Synthetic 300 Mb,4,ntHash then KSSD-Array,KSSD-Array,23,23,42,15,5.515692499000,54390261.250856578350,54.390261250857,299999978,299999956,299999956,d33eb8479f361e95,1.370000
Synthetic_300M,Synthetic 300 Mb,5,KSSD-Array then ntHash,KSSD-Array,23,23,42,15,5.528474844000,54264505.937941826880,54.264505937942,299999978,299999956,299999956,d33eb8479f361e95,1.310000
Synthetic_300M,Synthetic 300 Mb,5,KSSD-Array then ntHash,ntHash,23,23,42,15,5.697130467000,52658080.719358049333,52.658080719358,299999978,299999956,299999956,ec04836c49c0543a,1.340000
Human_GRCh38,GRCh38.p14 chr1,1,KSSD-Array then ntHash,KSSD-Array,23,23,42,15,4.400157684000,52380161.019702218473,52.380161019702,230480990,230480968,230480968,abb7c60994a3d43e,1.220000
Human_GRCh38,GRCh38.p14 chr1,1,KSSD-Array then ntHash,ntHash,23,23,42,15,4.343541839000,53062909.612276904285,53.062909612277,230480990,230480968,230480968,8e72d1f9e721119f,1.200000
Human_GRCh38,GRCh38.p14 chr1,2,ntHash then KSSD-Array,ntHash,23,23,42,15,4.336005397000,53155138.635082282126,53.155138635082,230480990,230480968,230480968,8e72d1f9e721119f,1.190000
Human_GRCh38,GRCh38.p14 chr1,2,ntHash then KSSD-Array,KSSD-Array,23,23,42,15,4.402397509000,52353511.360302746296,52.353511360303,230480990,230480968,230480968,abb7c60994a3d43e,1.160000
Human_GRCh38,GRCh38.p14 chr1,3,KSSD-Array then ntHash,KSSD-Array,23,23,42,15,4.353311713000,52943823.735784940422,52.943823735785,230480990,230480968,230480968,abb7c60994a3d43e,1.140000
Human_GRCh38,GRCh38.p14 chr1,3,KSSD-Array then ntHash,ntHash,23,23,42,15,4.374289906000,52689916.067030794919,52.689916067031,230480990,230480968,230480968,8e72d1f9e721119f,1.120000
Human_GRCh38,GRCh38.p14 chr1,4,ntHash then KSSD-Array,ntHash,23,23,42,15,4.356322783000,52907229.211623817682,52.907229211624,230480990,230480968,230480968,8e72d1f9e721119f,1.110000
Human_GRCh38,GRCh38.p14 chr1,4,ntHash then KSSD-Array,KSSD-Array,23,23,42,15,4.352625872000,52952166.066617548466,52.952166066618,230480990,230480968,230480968,abb7c60994a3d43e,1.090000
Human_GRCh38,GRCh38.p14 chr1,5,KSSD-Array then ntHash,KSSD-Array,23,23,42,15,4.349920790000,52985095.390668027103,52.985095390668,230480990,230480968,230480968,abb7c60994a3d43e,1.090000
Human_GRCh38,GRCh38.p14 chr1,5,KSSD-Array then ntHash,ntHash,23,23,42,15,4.391528827000,52483082.106385543942,52.483082106386,230480990,230480968,230480968,8e72d1f9e721119f,1.070000
Synthetic_300M,Synthetic 300 Mb,1,KSSD-Array then ntHash,KSSD-Array,24,24,42,15,5.104499799000,58771665.356666617095,58.771665356667,299999977,299999954,299999954,a25062397a877e65,1.050000
Synthetic_300M,Synthetic 300 Mb,1,KSSD-Array then ntHash,ntHash,24,24,42,15,5.604114258000,53532090.922618731856,53.532090922619,299999977,299999954,299999954,4376678f73398765,1.040000
Synthetic_300M,Synthetic 300 Mb,2,ntHash then KSSD-Array,ntHash,24,24,42,15,5.609809144000,53477746.978409506381,53.477746978410,299999977,299999954,299999954,4376678f73398765,1.040000
Synthetic_300M,Synthetic 300 Mb,2,ntHash then KSSD-Array,KSSD-Array,24,24,42,15,5.105379023000,58761543.981060855091,58.761543981061,299999977,299999954,299999954,a25062397a877e65,1.030000
Synthetic_300M,Synthetic 300 Mb,3,KSSD-Array then ntHash,KSSD-Array,24,24,42,15,5.104457810000,58772148.809277743101,58.772148809278,299999977,299999954,299999954,a25062397a877e65,1.030000
Synthetic_300M,Synthetic 300 Mb,3,KSSD-Array then ntHash,ntHash,24,24,42,15,5.603150716000,53541296.532206289470,53.541296532206,299999977,299999954,299999954,4376678f73398765,1.020000
Synthetic_300M,Synthetic 300 Mb,4,ntHash then KSSD-Array,ntHash,24,24,42,15,5.603747586000,53535593.706879004836,53.535593706879,299999977,299999954,299999954,4376678f73398765,1.020000
Synthetic_300M,Synthetic 300 Mb,4,ntHash then KSSD-Array,KSSD-Array,24,24,42,15,5.105144643000,58764241.755882412195,58.764241755882,299999977,299999954,299999954,a25062397a877e65,1.090000
Synthetic_300M,Synthetic 300 Mb,5,KSSD-Array then ntHash,KSSD-Array,24,24,42,15,5.104084624000,58776445.944756731391,58.776445944757,299999977,299999954,299999954,a25062397a877e65,1.080000
Synthetic_300M,Synthetic 300 Mb,5,KSSD-Array then ntHash,ntHash,24,24,42,15,5.601650456000,53555636.210514739156,53.555636210515,299999977,299999954,299999954,4376678f73398765,1.070000
Human_GRCh38,GRCh38.p14 chr1,1,KSSD-Array then ntHash,KSSD-Array,24,24,42,15,4.023082931000,57289638.307980477810,57.289638307980,230480989,230480966,230480966,8469c815b5f42276,1.050000
Human_GRCh38,GRCh38.p14 chr1,1,KSSD-Array then ntHash,ntHash,24,24,42,15,4.304526102000,53543865.349756456912,53.543865349756,230480989,230480966,230480966,0a64f99a9a2d422b,1.040000
Human_GRCh38,GRCh38.p14 chr1,2,ntHash then KSSD-Array,ntHash,24,24,42,15,4.305116281000,53536525.138053521514,53.536525138054,230480989,230480966,230480966,0a64f99a9a2d422b,1.040000
Human_GRCh38,GRCh38.p14 chr1,2,ntHash then KSSD-Array,KSSD-Array,24,24,42,15,4.023958941000,57277166.437171161175,57.277166437171,230480989,230480966,230480966,8469c815b5f42276,1.030000
Human_GRCh38,GRCh38.p14 chr1,3,KSSD-Array then ntHash,KSSD-Array,24,24,42,15,4.070874206000,56617069.046323657036,56.617069046324,230480989,230480966,230480966,8469c815b5f42276,1.030000
Human_GRCh38,GRCh38.p14 chr1,3,KSSD-Array then ntHash,ntHash,24,24,42,15,4.302394812000,53570389.532163649797,53.570389532164,230480989,230480966,230480966,0a64f99a9a2d422b,1.030000
Human_GRCh38,GRCh38.p14 chr1,4,ntHash then KSSD-Array,ntHash,24,24,42,15,4.302030129000,53574930.692913331091,53.574930692913,230480989,230480966,230480966,0a64f99a9a2d422b,1.020000
Human_GRCh38,GRCh38.p14 chr1,4,ntHash then KSSD-Array,KSSD-Array,24,24,42,15,4.023331135000,57286104.043235801160,57.286104043236,230480989,230480966,230480966,8469c815b5f42276,1.020000
Human_GRCh38,GRCh38.p14 chr1,5,KSSD-Array then ntHash,KSSD-Array,24,24,42,15,4.021524501000,57311839.314341649413,57.311839314342,230480989,230480966,230480966,8469c815b5f42276,1.020000
Human_GRCh38,GRCh38.p14 chr1,5,KSSD-Array then ntHash,ntHash,24,24,42,15,4.302918160000,53563873.964082084596,53.563873964082,230480989,230480966,230480966,0a64f99a9a2d422b,1.010000
Synthetic_300M,Synthetic 300 Mb,1,KSSD-Array then ntHash,KSSD-Array,25,25,42,15,5.659254531000,53010507.012305997312,53.010507012306,299999976,299999952,299999952,bb0f366d9cac4e5c,1.080000
Synthetic_300M,Synthetic 300 Mb,1,KSSD-Array then ntHash,ntHash,25,25,42,15,5.686986401000,52752007.978645414114,52.752007978645,299999976,299999952,299999952,45c9d8f17b1bfe7f,1.070000
Synthetic_300M,Synthetic 300 Mb,2,ntHash then KSSD-Array,ntHash,25,25,42,15,5.789949439000,51813915.675887823105,51.813915675888,299999976,299999952,299999952,45c9d8f17b1bfe7f,1.060000
Synthetic_300M,Synthetic 300 Mb,2,ntHash then KSSD-Array,KSSD-Array,25,25,42,15,5.631119977000,53275361.424607060850,53.275361424607,299999976,299999952,299999952,bb0f366d9cac4e5c,1.050000
Synthetic_300M,Synthetic 300 Mb,3,KSSD-Array then ntHash,KSSD-Array,25,25,42,15,5.630683701000,53279489.300157375634,53.279489300157,299999976,299999952,299999952,bb0f366d9cac4e5c,1.040000
Synthetic_300M,Synthetic 300 Mb,3,KSSD-Array then ntHash,ntHash,25,25,42,15,5.762836698000,52057687.510755836964,52.057687510756,299999976,299999952,299999952,45c9d8f17b1bfe7f,1.030000
Synthetic_300M,Synthetic 300 Mb,4,ntHash then KSSD-Array,ntHash,25,25,42,15,5.725005568000,52401687.375965885818,52.401687375966,299999976,299999952,299999952,45c9d8f17b1bfe7f,1.030000
Synthetic_300M,Synthetic 300 Mb,4,ntHash then KSSD-Array,KSSD-Array,25,25,42,15,5.631393940000,53272769.619097188115,53.272769619097,299999976,299999952,299999952,bb0f366d9cac4e5c,1.030000
Synthetic_300M,Synthetic 300 Mb,5,KSSD-Array then ntHash,KSSD-Array,25,25,42,15,5.641410577000,53178180.865455552936,53.178180865456,299999976,299999952,299999952,bb0f366d9cac4e5c,1.020000
Synthetic_300M,Synthetic 300 Mb,5,KSSD-Array then ntHash,ntHash,25,25,42,15,5.685302339000,52767633.823457777500,52.767633823458,299999976,299999952,299999952,45c9d8f17b1bfe7f,1.020000
Human_GRCh38,GRCh38.p14 chr1,1,KSSD-Array then ntHash,KSSD-Array,25,25,42,15,4.431907299000,52004915.367251686752,52.004915367252,230480988,230480964,230480964,a01bcdfbb57ec4fe,1.010000
Human_GRCh38,GRCh38.p14 chr1,1,KSSD-Array then ntHash,ntHash,25,25,42,15,4.376302221000,52665687.231110446155,52.665687231110,230480988,230480964,230480964,5089ae77b411692e,1.010000
Human_GRCh38,GRCh38.p14 chr1,2,ntHash then KSSD-Array,ntHash,25,25,42,15,4.364928783000,52802915.112303681672,52.802915112304,230480988,230480964,230480964,5089ae77b411692e,1.010000
Human_GRCh38,GRCh38.p14 chr1,2,ntHash then KSSD-Array,KSSD-Array,25,25,42,15,4.432185544000,52001650.587938472629,52.001650587938,230480988,230480964,230480964,a01bcdfbb57ec4fe,1.010000
Human_GRCh38,GRCh38.p14 chr1,3,KSSD-Array then ntHash,KSSD-Array,25,25,42,15,4.434306688000,51976775.675828039646,51.976775675828,230480988,230480964,230480964,a01bcdfbb57ec4fe,1.010000
Human_GRCh38,GRCh38.p14 chr1,3,KSSD-Array then ntHash,ntHash,25,25,42,15,4.449563626000,51798554.503915302455,51.798554503915,230480988,230480964,230480964,5089ae77b411692e,1.000000
Human_GRCh38,GRCh38.p14 chr1,4,ntHash then KSSD-Array,ntHash,25,25,42,15,4.432637342000,51996350.302821598947,51.996350302822,230480988,230480964,230480964,5089ae77b411692e,1.080000
Human_GRCh38,GRCh38.p14 chr1,4,ntHash then KSSD-Array,KSSD-Array,25,25,42,15,4.432950827000,51992673.276725247502,51.992673276725,230480988,230480964,230480964,a01bcdfbb57ec4fe,1.070000
Human_GRCh38,GRCh38.p14 chr1,5,KSSD-Array then ntHash,KSSD-Array,25,25,42,15,4.433444464000,51986884.209676660597,51.986884209677,230480988,230480964,230480964,a01bcdfbb57ec4fe,1.070000
Human_GRCh38,GRCh38.p14 chr1,5,KSSD-Array then ntHash,ntHash,25,25,42,15,4.373695331000,52697077.998641230166,52.697077998641,230480988,230480964,230480964,5089ae77b411692e,1.130000
Synthetic_300M,Synthetic 300 Mb,1,KSSD-Array then ntHash,KSSD-Array,26,26,42,15,5.189610691000,57807794.815952211618,57.807794815952,299999975,299999950,299999950,5d8b55bada419a26,1.080000
Synthetic_300M,Synthetic 300 Mb,1,KSSD-Array then ntHash,ntHash,26,26,42,15,5.284231329000,56772675.403817474842,56.772675403817,299999975,299999950,299999950,82a97742c0b9b9bb,1.070000
Synthetic_300M,Synthetic 300 Mb,2,ntHash then KSSD-Array,ntHash,26,26,42,15,5.285813162000,56755685.607035078108,56.755685607035,299999975,299999950,299999950,82a97742c0b9b9bb,1.060000
Synthetic_300M,Synthetic 300 Mb,2,ntHash then KSSD-Array,KSSD-Array,26,26,42,15,5.161141309000,58126668.509707339108,58.126668509707,299999975,299999950,299999950,5d8b55bada419a26,1.050000
Synthetic_300M,Synthetic 300 Mb,3,KSSD-Array then ntHash,KSSD-Array,26,26,42,15,5.160279431000,58136376.917453795671,58.136376917454,299999975,299999950,299999950,5d8b55bada419a26,1.050000
Synthetic_300M,Synthetic 300 Mb,3,KSSD-Array then ntHash,ntHash,26,26,42,15,5.285410810000,56760006.134698167443,56.760006134698,299999975,299999950,299999950,82a97742c0b9b9bb,1.040000
Synthetic_300M,Synthetic 300 Mb,4,ntHash then KSSD-Array,ntHash,26,26,42,15,5.287720726000,56735210.792219892144,56.735210792220,299999975,299999950,299999950,82a97742c0b9b9bb,1.040000
Synthetic_300M,Synthetic 300 Mb,4,ntHash then KSSD-Array,KSSD-Array,26,26,42,15,5.162678455000,58109361.761519968510,58.109361761520,299999975,299999950,299999950,5d8b55bada419a26,1.030000
Synthetic_300M,Synthetic 300 Mb,5,KSSD-Array then ntHash,KSSD-Array,26,26,42,15,5.159265586000,58147801.271186582744,58.147801271187,299999975,299999950,299999950,5d8b55bada419a26,1.020000
Synthetic_300M,Synthetic 300 Mb,5,KSSD-Array then ntHash,ntHash,26,26,42,15,5.358097092000,55990017.509746156633,55.990017509746,299999975,299999950,299999950,82a97742c0b9b9bb,1.100000
Human_GRCh38,GRCh38.p14 chr1,1,KSSD-Array then ntHash,KSSD-Array,26,26,42,15,4.063940285000,56713668.468679279089,56.713668468679,230480987,230480962,230480962,d239ce135017b758,1.070000
Human_GRCh38,GRCh38.p14 chr1,1,KSSD-Array then ntHash,ntHash,26,26,42,15,4.062120370000,56739077.379925109446,56.739077379925,230480987,230480962,230480962,9eb321750c81119c,1.140000
Human_GRCh38,GRCh38.p14 chr1,2,ntHash then KSSD-Array,ntHash,26,26,42,15,4.075053998000,56558995.810391224921,56.558995810391,230480987,230480962,230480962,9eb321750c81119c,1.130000
Human_GRCh38,GRCh38.p14 chr1,2,ntHash then KSSD-Array,KSSD-Array,26,26,42,15,4.063963945000,56713338.287256874144,56.713338287257,230480987,230480962,230480962,d239ce135017b758,1.120000
Human_GRCh38,GRCh38.p14 chr1,3,KSSD-Array then ntHash,KSSD-Array,26,26,42,15,4.064141232000,56710864.323624469340,56.710864323624,230480987,230480962,230480962,d239ce135017b758,1.100000
Human_GRCh38,GRCh38.p14 chr1,3,KSSD-Array then ntHash,ntHash,26,26,42,15,4.059483715000,56775929.694793716073,56.775929694794,230480987,230480962,230480962,9eb321750c81119c,1.090000
Human_GRCh38,GRCh38.p14 chr1,4,ntHash then KSSD-Array,ntHash,26,26,42,15,4.088496853000,56373031.528905525804,56.373031528906,230480987,230480962,230480962,9eb321750c81119c,1.080000
Human_GRCh38,GRCh38.p14 chr1,4,ntHash then KSSD-Array,KSSD-Array,26,26,42,15,4.064520169000,56705577.144843049347,56.705577144843,230480987,230480962,230480962,d239ce135017b758,1.150000
Human_GRCh38,GRCh38.p14 chr1,5,KSSD-Array then ntHash,KSSD-Array,26,26,42,15,4.063378756000,56721505.879724107683,56.721505879724,230480987,230480962,230480962,d239ce135017b758,1.220000
Human_GRCh38,GRCh38.p14 chr1,5,KSSD-Array then ntHash,ntHash,26,26,42,15,4.062625330000,56732025.052381582558,56.732025052382,230480987,230480962,230480962,9eb321750c81119c,1.180000
Synthetic_300M,Synthetic 300 Mb,1,KSSD-Array then ntHash,KSSD-Array,27,27,42,15,5.536244383000,54188349.943727552891,54.188349943728,299999974,299999948,299999948,7ea7ff27e6087f5a,1.120000
Synthetic_300M,Synthetic 300 Mb,1,KSSD-Array then ntHash,ntHash,27,27,42,15,5.535079581000,54199753.338650330901,54.199753338650,299999974,299999948,299999948,6533995d8283ee9f,1.110000
Synthetic_300M,Synthetic 300 Mb,2,ntHash then KSSD-Array,ntHash,27,27,42,15,5.536664920000,54184234.071365840733,54.184234071366,299999974,299999948,299999948,6533995d8283ee9f,1.090000
Synthetic_300M,Synthetic 300 Mb,2,ntHash then KSSD-Array,KSSD-Array,27,27,42,15,5.540097639000,54150660.791269138455,54.150660791269,299999974,299999948,299999948,7ea7ff27e6087f5a,1.160000
Synthetic_300M,Synthetic 300 Mb,3,KSSD-Array then ntHash,KSSD-Array,27,27,42,15,5.537443578000,54176614.853808261454,54.176614853808,299999974,299999948,299999948,7ea7ff27e6087f5a,1.130000
Synthetic_300M,Synthetic 300 Mb,3,KSSD-Array then ntHash,ntHash,27,27,42,15,5.531780738000,54232075.024084225297,54.232075024084,299999974,299999948,299999948,6533995d8283ee9f,1.190000
Synthetic_300M,Synthetic 300 Mb,4,ntHash then KSSD-Array,ntHash,27,27,42,15,5.512415749000,54422591.049019224942,54.422591049019,299999974,299999948,299999948,6533995d8283ee9f,1.170000
Synthetic_300M,Synthetic 300 Mb,4,ntHash then KSSD-Array,KSSD-Array,27,27,42,15,5.588386256000,53682751.022784709930,53.682751022785,299999974,299999948,299999948,7ea7ff27e6087f5a,1.140000
Synthetic_300M,Synthetic 300 Mb,5,KSSD-Array then ntHash,KSSD-Array,27,27,42,15,5.534571548000,54204728.477746300399,54.204728477746,299999974,299999948,299999948,7ea7ff27e6087f5a,1.120000
Synthetic_300M,Synthetic 300 Mb,5,KSSD-Array then ntHash,ntHash,27,27,42,15,5.509939523000,54447049.145951218903,54.447049145951,299999974,299999948,299999948,6533995d8283ee9f,1.100000
Human_GRCh38,GRCh38.p14 chr1,1,KSSD-Array then ntHash,KSSD-Array,27,27,42,15,4.361036843000,52850037.341452471912,52.850037341452,230480986,230480960,230480960,708b40d7bc9e902a,1.120000
Human_GRCh38,GRCh38.p14 chr1,1,KSSD-Array then ntHash,ntHash,27,27,42,15,4.243163813000,54318185.711770921946,54.318185711771,230480986,230480960,230480960,a41a7e48781e7f31,1.110000
Human_GRCh38,GRCh38.p14 chr1,2,ntHash then KSSD-Array,ntHash,27,27,42,15,4.248394706000,54251305.716602124274,54.251305716602,230480986,230480960,230480960,a41a7e48781e7f31,1.100000
Human_GRCh38,GRCh38.p14 chr1,2,ntHash then KSSD-Array,KSSD-Array,27,27,42,15,4.359574160000,52867769.085042931139,52.867769085043,230480986,230480960,230480960,708b40d7bc9e902a,1.090000
Human_GRCh38,GRCh38.p14 chr1,3,KSSD-Array then ntHash,KSSD-Array,27,27,42,15,4.362291327000,52834839.015326492488,52.834839015326,230480986,230480960,230480960,708b40d7bc9e902a,1.080000
Human_GRCh38,GRCh38.p14 chr1,3,KSSD-Array then ntHash,ntHash,27,27,42,15,4.251744310000,54208565.519312702119,54.208565519313,230480986,230480960,230480960,a41a7e48781e7f31,1.070000
Human_GRCh38,GRCh38.p14 chr1,4,ntHash then KSSD-Array,ntHash,27,27,42,15,4.236896501000,54398534.386101111770,54.398534386101,230480986,230480960,230480960,a41a7e48781e7f31,1.060000
Human_GRCh38,GRCh38.p14 chr1,4,ntHash then KSSD-Array,KSSD-Array,27,27,42,15,4.361695252000,52842059.493797942996,52.842059493798,230480986,230480960,230480960,708b40d7bc9e902a,1.050000
Human_GRCh38,GRCh38.p14 chr1,5,KSSD-Array then ntHash,KSSD-Array,27,27,42,15,4.381462602000,52603657.941709391773,52.603657941709,230480986,230480960,230480960,708b40d7bc9e902a,1.050000
Human_GRCh38,GRCh38.p14 chr1,5,KSSD-Array then ntHash,ntHash,27,27,42,15,4.243131460000,54318599.876705214381,54.318599876705,230480986,230480960,230480960,a41a7e48781e7f31,1.040000
Synthetic_300M,Synthetic 300 Mb,1,KSSD-Array then ntHash,KSSD-Array,28,28,42,15,5.402642138000,55528376.364209227264,55.528376364209,299999973,299999946,299999946,1533491e1a188300,1.030000
Synthetic_300M,Synthetic 300 Mb,1,KSSD-Array then ntHash,ntHash,28,28,42,15,5.780498961000,51898624.673068247736,51.898624673068,299999973,299999946,299999946,321bffe59ee60d12,1.020000
Synthetic_300M,Synthetic 300 Mb,2,ntHash then KSSD-Array,ntHash,28,28,42,15,5.794714764000,51771305.097494527698,51.771305097495,299999973,299999946,299999946,321bffe59ee60d12,1.020000
Synthetic_300M,Synthetic 300 Mb,2,ntHash then KSSD-Array,KSSD-Array,28,28,42,15,5.408420404000,55469050.774626135826,55.469050774626,299999973,299999946,299999946,1533491e1a188300,1.020000
Synthetic_300M,Synthetic 300 Mb,3,KSSD-Array then ntHash,KSSD-Array,28,28,42,15,5.413060147000,55421506.108012579381,55.421506108013,299999973,299999946,299999946,1533491e1a188300,1.010000
Synthetic_300M,Synthetic 300 Mb,3,KSSD-Array then ntHash,ntHash,28,28,42,15,5.779880194000,51904180.697625026107,51.904180697625,299999973,299999946,299999946,321bffe59ee60d12,1.010000
Synthetic_300M,Synthetic 300 Mb,4,ntHash then KSSD-Array,ntHash,28,28,42,15,5.788764589000,51824519.962354265153,51.824519962354,299999973,299999946,299999946,321bffe59ee60d12,1.010000
Synthetic_300M,Synthetic 300 Mb,4,ntHash then KSSD-Array,KSSD-Array,28,28,42,15,5.428759491000,55261233.528092578053,55.261233528093,299999973,299999946,299999946,1533491e1a188300,1.080000
Synthetic_300M,Synthetic 300 Mb,5,KSSD-Array then ntHash,KSSD-Array,28,28,42,15,5.409221300000,55460837.958321288228,55.460837958321,299999973,299999946,299999946,1533491e1a188300,1.070000
Synthetic_300M,Synthetic 300 Mb,5,KSSD-Array then ntHash,ntHash,28,28,42,15,5.792872698000,51787767.769102804363,51.787767769103,299999973,299999946,299999946,321bffe59ee60d12,1.130000
Human_GRCh38,GRCh38.p14 chr1,1,KSSD-Array then ntHash,KSSD-Array,28,28,42,15,4.259102008000,54114918.489174626768,54.114918489175,230480985,230480958,230480958,96a88f6b03ddaac2,1.140000
Human_GRCh38,GRCh38.p14 chr1,1,KSSD-Array then ntHash,ntHash,28,28,42,15,4.440948855000,51899034.536393009126,51.899034536393,230480985,230480958,230480958,c2ba1e3280e29fa0,1.130000
Human_GRCh38,GRCh38.p14 chr1,2,ntHash then KSSD-Array,ntHash,28,28,42,15,4.443464590000,51869651.109338536859,51.869651109339,230480985,230480958,230480958,c2ba1e3280e29fa0,1.120000
Human_GRCh38,GRCh38.p14 chr1,2,ntHash then KSSD-Array,KSSD-Array,28,28,42,15,4.255950825000,54154986.154004722834,54.154986154005,230480985,230480958,230480958,96a88f6b03ddaac2,1.100000
Human_GRCh38,GRCh38.p14 chr1,3,KSSD-Array then ntHash,KSSD-Array,28,28,42,15,4.260414240000,54098250.784177266061,54.098250784177,230480985,230480958,230480958,96a88f6b03ddaac2,1.090000
Human_GRCh38,GRCh38.p14 chr1,3,KSSD-Array then ntHash,ntHash,28,28,42,15,4.439941169000,51910813.505646251142,51.910813505646,230480985,230480958,230480958,c2ba1e3280e29fa0,1.080000
Human_GRCh38,GRCh38.p14 chr1,4,ntHash then KSSD-Array,ntHash,28,28,42,15,4.451448230000,51776623.267614640296,51.776623267615,230480985,230480958,230480958,c2ba1e3280e29fa0,1.070000
Human_GRCh38,GRCh38.p14 chr1,4,ntHash then KSSD-Array,KSSD-Array,28,28,42,15,4.257350024000,54137187.851764008403,54.137187851764,230480985,230480958,230480958,96a88f6b03ddaac2,1.060000
Human_GRCh38,GRCh38.p14 chr1,5,KSSD-Array then ntHash,KSSD-Array,28,28,42,15,4.257442727000,54136009.050298608840,54.136009050299,230480985,230480958,230480958,96a88f6b03ddaac2,1.140000
Human_GRCh38,GRCh38.p14 chr1,5,KSSD-Array then ntHash,ntHash,28,28,42,15,4.449326485000,51801313.924033150077,51.801313924033,230480985,230480958,230480958,c2ba1e3280e29fa0,1.120000
Synthetic_300M,Synthetic 300 Mb,1,KSSD-Array then ntHash,KSSD-Array,29,29,42,15,5.598615020000,53584671.017440304160,53.584671017440,299999972,299999944,299999944,3ce559081b3615fc,1.070000
Synthetic_300M,Synthetic 300 Mb,1,KSSD-Array then ntHash,ntHash,29,29,42,15,5.542618561000,54126030.990282319486,54.126030990282,299999972,299999944,299999944,5ed2d4b79d51fb6d,1.070000
Synthetic_300M,Synthetic 300 Mb,2,ntHash then KSSD-Array,ntHash,29,29,42,15,5.543841807000,54114088.107853546739,54.114088107854,299999972,299999944,299999944,5ed2d4b79d51fb6d,1.350000
Synthetic_300M,Synthetic 300 Mb,2,ntHash then KSSD-Array,KSSD-Array,29,29,42,15,5.585395152000,53711498.620214365423,53.711498620214,299999972,299999944,299999944,3ce559081b3615fc,1.380000
Synthetic_300M,Synthetic 300 Mb,3,KSSD-Array then ntHash,KSSD-Array,29,29,42,15,5.623123785000,53351118.607822008431,53.351118607822,299999972,299999944,299999944,3ce559081b3615fc,1.320000
Synthetic_300M,Synthetic 300 Mb,3,KSSD-Array then ntHash,ntHash,29,29,42,15,5.602745444000,53545167.632284812629,53.545167632285,299999972,299999944,299999944,5ed2d4b79d51fb6d,1.270000
Synthetic_300M,Synthetic 300 Mb,4,ntHash then KSSD-Array,ntHash,29,29,42,15,5.542302776000,54129114.941013105214,54.129114941013,299999972,299999944,299999944,5ed2d4b79d51fb6d,1.250000
Synthetic_300M,Synthetic 300 Mb,4,ntHash then KSSD-Array,KSSD-Array,29,29,42,15,5.623781855000,53344875.696640975773,53.344875696641,299999972,299999944,299999944,3ce559081b3615fc,1.210000
Synthetic_300M,Synthetic 300 Mb,5,KSSD-Array then ntHash,KSSD-Array,29,29,42,15,5.642551526000,53167426.583106398582,53.167426583106,299999972,299999944,299999944,3ce559081b3615fc,1.180000
Synthetic_300M,Synthetic 300 Mb,5,KSSD-Array then ntHash,ntHash,29,29,42,15,5.604990346000,53523721.805175788701,53.523721805176,299999972,299999944,299999944,5ed2d4b79d51fb6d,1.150000
Human_GRCh38,GRCh38.p14 chr1,1,KSSD-Array then ntHash,KSSD-Array,29,29,42,15,4.385737151000,52552386.990964017808,52.552386990964,230480984,230480956,230480956,54c85c5098612134,1.100000
Human_GRCh38,GRCh38.p14 chr1,1,KSSD-Array then ntHash,ntHash,29,29,42,15,4.258949645000,54116853.969049446285,54.116853969049,230480984,230480956,230480956,26dd3ef8fb6a7c61,1.090000
Human_GRCh38,GRCh38.p14 chr1,2,ntHash then KSSD-Array,ntHash,29,29,42,15,4.298239557000,53622175.531060107052,53.622175531060,230480984,230480956,230480956,26dd3ef8fb6a7c61,1.080000
Human_GRCh38,GRCh38.p14 chr1,2,ntHash then KSSD-Array,KSSD-Array,29,29,42,15,4.394455825000,52448122.174490176141,52.448122174490,230480984,230480956,230480956,54c85c5098612134,1.070000
Human_GRCh38,GRCh38.p14 chr1,3,KSSD-Array then ntHash,KSSD-Array,29,29,42,15,4.397507205000,52411729.021828852594,52.411729021829,230480984,230480956,230480956,54c85c5098612134,1.060000
Human_GRCh38,GRCh38.p14 chr1,3,KSSD-Array then ntHash,ntHash,29,29,42,15,4.302084886000,53574246.465949438512,53.574246465949,230480984,230480956,230480956,26dd3ef8fb6a7c61,1.050000
Human_GRCh38,GRCh38.p14 chr1,4,ntHash then KSSD-Array,ntHash,29,29,42,15,4.303384415000,53558068.202466174960,53.558068202466,230480984,230480956,230480956,26dd3ef8fb6a7c61,1.050000
Human_GRCh38,GRCh38.p14 chr1,4,ntHash then KSSD-Array,KSSD-Array,29,29,42,15,4.469964044000,51562149.881132245064,51.562149881132,230480984,230480956,230480956,54c85c5098612134,1.040000
Human_GRCh38,GRCh38.p14 chr1,5,KSSD-Array then ntHash,KSSD-Array,29,29,42,15,4.391961169000,52477912.971274726093,52.477912971275,230480984,230480956,230480956,54c85c5098612134,1.040000
Human_GRCh38,GRCh38.p14 chr1,5,KSSD-Array then ntHash,ntHash,29,29,42,15,4.301615648000,53580090.566008649766,53.580090566009,230480984,230480956,230480956,26dd3ef8fb6a7c61,1.030000
Synthetic_300M,Synthetic 300 Mb,1,KSSD-Array then ntHash,KSSD-Array,30,30,42,15,5.141246838000,58351592.804811373353,58.351592804811,299999971,299999942,299999942,41ad4ca8da0b4910,1.090000
Synthetic_300M,Synthetic 300 Mb,1,KSSD-Array then ntHash,ntHash,30,30,42,15,5.665291236000,52954019.396859124303,52.954019396859,299999971,299999942,299999942,6db5ba46d51f4464,1.080000
Synthetic_300M,Synthetic 300 Mb,2,ntHash then KSSD-Array,ntHash,30,30,42,15,5.659063772000,53012292.154109343886,53.012292154109,299999971,299999942,299999942,6db5ba46d51f4464,1.070000
Synthetic_300M,Synthetic 300 Mb,2,ntHash then KSSD-Array,KSSD-Array,30,30,42,15,5.135597668000,58415779.699664741755,58.415779699665,299999971,299999942,299999942,41ad4ca8da0b4910,1.060000
Synthetic_300M,Synthetic 300 Mb,3,KSSD-Array then ntHash,KSSD-Array,30,30,42,15,5.130974809000,58468410.617371253669,58.468410617371,299999971,299999942,299999942,41ad4ca8da0b4910,1.050000
Synthetic_300M,Synthetic 300 Mb,3,KSSD-Array then ntHash,ntHash,30,30,42,15,5.659024702000,53012658.151849858463,53.012658151850,299999971,299999942,299999942,6db5ba46d51f4464,1.040000
Synthetic_300M,Synthetic 300 Mb,4,ntHash then KSSD-Array,ntHash,30,30,42,15,5.658755247000,53015182.474811144173,53.015182474811,299999971,299999942,299999942,6db5ba46d51f4464,1.040000
Synthetic_300M,Synthetic 300 Mb,4,ntHash then KSSD-Array,KSSD-Array,30,30,42,15,5.130420677000,58474725.736413523555,58.474725736414,299999971,299999942,299999942,41ad4ca8da0b4910,1.030000
Synthetic_300M,Synthetic 300 Mb,5,KSSD-Array then ntHash,KSSD-Array,30,30,42,15,5.133104570000,58444151.664730250835,58.444151664730,299999971,299999942,299999942,41ad4ca8da0b4910,1.020000
Synthetic_300M,Synthetic 300 Mb,5,KSSD-Array then ntHash,ntHash,30,30,42,15,5.663740681000,52968516.550625599921,52.968516550626,299999971,299999942,299999942,6db5ba46d51f4464,1.100000
Human_GRCh38,GRCh38.p14 chr1,1,KSSD-Array then ntHash,KSSD-Array,30,30,42,15,4.031634891000,57168111.753996618092,57.168111753997,230480983,230480954,230480954,81cb48aaf395673d,1.070000
Human_GRCh38,GRCh38.p14 chr1,1,KSSD-Array then ntHash,ntHash,30,30,42,15,4.347200923000,53018242.791719242930,53.018242791719,230480983,230480954,230480954,a8d6dcf200374134,1.140000
Human_GRCh38,GRCh38.p14 chr1,2,ntHash then KSSD-Array,ntHash,30,30,42,15,4.352092542000,52958651.907269112766,52.958651907269,230480983,230480954,230480954,a8d6dcf200374134,1.130000
Human_GRCh38,GRCh38.p14 chr1,2,ntHash then KSSD-Array,KSSD-Array,30,30,42,15,4.032120875000,57161221.388235285878,57.161221388235,230480983,230480954,230480954,81cb48aaf395673d,1.120000
Human_GRCh38,GRCh38.p14 chr1,3,KSSD-Array then ntHash,KSSD-Array,30,30,42,15,4.032773616000,57151969.325917154551,57.151969325917,230480983,230480954,230480954,81cb48aaf395673d,1.100000
Human_GRCh38,GRCh38.p14 chr1,3,KSSD-Array then ntHash,ntHash,30,30,42,15,4.350248813000,52981096.922834783792,52.981096922835,230480983,230480954,230480954,a8d6dcf200374134,1.090000
Human_GRCh38,GRCh38.p14 chr1,4,ntHash then KSSD-Array,ntHash,30,30,42,15,4.347195182000,53018312.808757618070,53.018312808758,230480983,230480954,230480954,a8d6dcf200374134,1.080000
Human_GRCh38,GRCh38.p14 chr1,4,ntHash then KSSD-Array,KSSD-Array,30,30,42,15,4.031191341000,57174401.933207556605,57.174401933208,230480983,230480954,230480954,81cb48aaf395673d,1.070000
Human_GRCh38,GRCh38.p14 chr1,5,KSSD-Array then ntHash,KSSD-Array,30,30,42,15,4.045308109000,56974882.453879363835,56.974882453879,230480983,230480954,230480954,81cb48aaf395673d,1.060000
Human_GRCh38,GRCh38.p14 chr1,5,KSSD-Array then ntHash,ntHash,30,30,42,15,4.346904879000,53021853.575278103352,53.021853575278,230480983,230480954,230480954,a8d6dcf200374134,1.050000
Synthetic_300M,Synthetic 300 Mb,1,KSSD-Array then ntHash,KSSD-Array,31,31,42,15,5.686926088000,52752565.332795657218,52.752565332796,299999970,299999940,299999940,be2d484802176639,1.160000
Synthetic_300M,Synthetic 300 Mb,1,KSSD-Array then ntHash,ntHash,31,31,42,15,5.863088363000,51167562.456196263433,51.167562456196,299999970,299999940,299999940,18299e40b1274617,1.130000
Synthetic_300M,Synthetic 300 Mb,2,ntHash then KSSD-Array,ntHash,31,31,42,15,5.858632596000,51206477.805900633335,51.206477805901,299999970,299999940,299999940,18299e40b1274617,1.110000
Synthetic_300M,Synthetic 300 Mb,2,ntHash then KSSD-Array,KSSD-Array,31,31,42,15,5.689279947000,52730739.706031203270,52.730739706031,299999970,299999940,299999940,be2d484802176639,1.100000
Synthetic_300M,Synthetic 300 Mb,3,KSSD-Array then ntHash,KSSD-Array,31,31,42,15,5.693792623000,52688947.396530427039,52.688947396530,299999970,299999940,299999940,be2d484802176639,1.090000
Synthetic_300M,Synthetic 300 Mb,3,KSSD-Array then ntHash,ntHash,31,31,42,15,5.863379910000,51165018.232632309198,51.165018232632,299999970,299999940,299999940,18299e40b1274617,1.070000
Synthetic_300M,Synthetic 300 Mb,4,ntHash then KSSD-Array,ntHash,31,31,42,15,5.859933616000,51195108.965207085013,51.195108965207,299999970,299999940,299999940,18299e40b1274617,1.060000
Synthetic_300M,Synthetic 300 Mb,4,ntHash then KSSD-Array,KSSD-Array,31,31,42,15,5.687045139000,52751461.025461710989,52.751461025462,299999970,299999940,299999940,be2d484802176639,1.050000
Synthetic_300M,Synthetic 300 Mb,5,KSSD-Array then ntHash,KSSD-Array,31,31,42,15,5.688229732000,52740475.356032967567,52.740475356033,299999970,299999940,299999940,be2d484802176639,1.040000
Synthetic_300M,Synthetic 300 Mb,5,KSSD-Array then ntHash,ntHash,31,31,42,15,5.897787111000,50866525.758528687060,50.866525758529,299999970,299999940,299999940,18299e40b1274617,1.040000
Human_GRCh38,GRCh38.p14 chr1,1,KSSD-Array then ntHash,KSSD-Array,31,31,42,15,4.479916457000,51447600.465822704136,51.447600465823,230480982,230480952,230480952,91d3956469986ac5,1.100000
Human_GRCh38,GRCh38.p14 chr1,1,KSSD-Array then ntHash,ntHash,31,31,42,15,4.500748507000,51209471.411596029997,51.209471411596,230480982,230480952,230480952,a0f6a4bfa39d130b,1.250000
Human_GRCh38,GRCh38.p14 chr1,2,ntHash then KSSD-Array,ntHash,31,31,42,15,4.548701374000,50669616.017751790583,50.669616017752,230480982,230480952,230480952,a0f6a4bfa39d130b,1.230000
Human_GRCh38,GRCh38.p14 chr1,2,ntHash then KSSD-Array,KSSD-Array,31,31,42,15,4.479013086000,51457976.919159196317,51.457976919159,230480982,230480952,230480952,91d3956469986ac5,1.190000
Human_GRCh38,GRCh38.p14 chr1,3,KSSD-Array then ntHash,KSSD-Array,31,31,42,15,4.480650577000,51439171.173735566437,51.439171173736,230480982,230480952,230480952,91d3956469986ac5,1.180000
Human_GRCh38,GRCh38.p14 chr1,3,KSSD-Array then ntHash,ntHash,31,31,42,15,4.502001848000,51195214.880329385400,51.195214880329,230480982,230480952,230480952,a0f6a4bfa39d130b,1.150000
Human_GRCh38,GRCh38.p14 chr1,4,ntHash then KSSD-Array,ntHash,31,31,42,15,4.554112942000,50609406.252182491124,50.609406252182,230480982,230480952,230480952,a0f6a4bfa39d130b,1.140000
Human_GRCh38,GRCh38.p14 chr1,4,ntHash then KSSD-Array,KSSD-Array,31,31,42,15,4.478741220000,51461100.491981543601,51.461100491982,230480982,230480952,230480952,91d3956469986ac5,1.190000
Human_GRCh38,GRCh38.p14 chr1,5,KSSD-Array then ntHash,KSSD-Array,31,31,42,15,4.478675101000,51461860.215879052877,51.461860215879,230480982,230480952,230480952,91d3956469986ac5,1.170000
Human_GRCh38,GRCh38.p14 chr1,5,KSSD-Array then ntHash,ntHash,31,31,42,15,4.505258403000,51158209.226473085582,51.158209226473,230480982,230480952,230480952,a0f6a4bfa39d130b,1.150000
Synthetic_300M,Synthetic 300 Mb,1,KSSD-Array then ntHash,KSSD-Array,32,32,42,15,4.818673376000,62257786.446823082864,62.257786446823,299999969,299999938,299999938,c3cc651909985c05,1.100000
Synthetic_300M,Synthetic 300 Mb,1,KSSD-Array then ntHash,ntHash,32,32,42,15,6.141734700000,48846124.532210744917,48.846124532211,299999969,299999938,299999938,1f5b211d1bebc0a8,1.090000
Synthetic_300M,Synthetic 300 Mb,2,ntHash then KSSD-Array,ntHash,32,32,42,15,6.142662638000,48838745.618899479508,48.838745618899,299999969,299999938,299999938,1f5b211d1bebc0a8,1.070000
Synthetic_300M,Synthetic 300 Mb,2,ntHash then KSSD-Array,KSSD-Array,32,32,42,15,4.821968021000,62215248.357823982835,62.215248357824,299999969,299999938,299999938,c3cc651909985c05,1.220000
Synthetic_300M,Synthetic 300 Mb,3,KSSD-Array then ntHash,KSSD-Array,32,32,42,15,4.812713933000,62334878.444145411253,62.334878444145,299999969,299999938,299999938,c3cc651909985c05,1.190000
Synthetic_300M,Synthetic 300 Mb,3,KSSD-Array then ntHash,ntHash,32,32,42,15,6.141870910000,48845041.257957667112,48.845041257958,299999969,299999938,299999938,1f5b211d1bebc0a8,1.170000
Synthetic_300M,Synthetic 300 Mb,4,ntHash then KSSD-Array,ntHash,32,32,42,15,6.153604962000,48751900.691151320934,48.751900691151,299999969,299999938,299999938,1f5b211d1bebc0a8,1.440000
Synthetic_300M,Synthetic 300 Mb,4,ntHash then KSSD-Array,KSSD-Array,32,32,42,15,4.820518931000,62233950.803667120636,62.233950803667,299999969,299999938,299999938,c3cc651909985c05,1.370000
Synthetic_300M,Synthetic 300 Mb,5,KSSD-Array then ntHash,KSSD-Array,32,32,42,15,4.812824237000,62333449.805555403233,62.333449805555,299999969,299999938,299999938,c3cc651909985c05,1.340000
Synthetic_300M,Synthetic 300 Mb,5,KSSD-Array then ntHash,ntHash,32,32,42,15,6.150077947000,48779859.472568079829,48.779859472568,299999969,299999938,299999938,1f5b211d1bebc0a8,1.290000
Human_GRCh38,GRCh38.p14 chr1,1,KSSD-Array then ntHash,KSSD-Array,32,32,42,15,3.776533682000,61029761.524049341679,61.029761524049,230480981,230480950,230480950,b959f23222ae268c,1.190000
Human_GRCh38,GRCh38.p14 chr1,1,KSSD-Array then ntHash,ntHash,32,32,42,15,4.720700567000,48823463.112906225026,48.823463112906,230480981,230480950,230480950,5f28a4e5a08a5056,1.170000
Human_GRCh38,GRCh38.p14 chr1,2,ntHash then KSSD-Array,ntHash,32,32,42,15,4.718204595000,48849291.157116517425,48.849291157117,230480981,230480950,230480950,5f28a4e5a08a5056,1.160000
Human_GRCh38,GRCh38.p14 chr1,2,ntHash then KSSD-Array,KSSD-Array,32,32,42,15,3.777650255000,61011722.748801685870,61.011722748802,230480981,230480950,230480950,b959f23222ae268c,1.130000
Human_GRCh38,GRCh38.p14 chr1,3,KSSD-Array then ntHash,KSSD-Array,32,32,42,15,3.777355926000,61016476.740667097270,61.016476740667,230480981,230480950,230480950,b959f23222ae268c,1.120000
Human_GRCh38,GRCh38.p14 chr1,3,KSSD-Array then ntHash,ntHash,32,32,42,15,4.729553070000,48732078.187675356865,48.732078187675,230480981,230480950,230480950,5f28a4e5a08a5056,1.110000
Human_GRCh38,GRCh38.p14 chr1,4,ntHash then KSSD-Array,ntHash,32,32,42,15,4.719250894000,48838460.844078190625,48.838460844078,230480981,230480950,230480950,5f28a4e5a08a5056,1.100000
Human_GRCh38,GRCh38.p14 chr1,4,ntHash then KSSD-Array,KSSD-Array,32,32,42,15,3.777741235000,61010253.392858445644,61.010253392858,230480981,230480950,230480950,b959f23222ae268c,1.090000
Human_GRCh38,GRCh38.p14 chr1,5,KSSD-Array then ntHash,KSSD-Array,32,32,42,15,3.776341254000,61032871.368780165911,61.032871368780,230480981,230480950,230480950,b959f23222ae268c,1.080000
Human_GRCh38,GRCh38.p14 chr1,5,KSSD-Array then ntHash,ntHash,32,32,42,15,4.725214267000,48776825.129314288497,48.776825129314,230480981,230480950,230480950,5f28a4e5a08a5056,1.070000
