result_status,dataset,dataset_path,dataset_size_bytes,dataset_sha256,k,w,repeat,seed,method,runtime_s,throughput_windows_s,throughput_mwindows_s,valid_bases,ambiguous_bases_skipped,valid_kmers,valid_windows,minimizers,parity_samples,log_file
final_release_formal,Synthetic_300_Mb,$KSSD_RELEASE_HOST/AEEE.fasta,300000057,a7eca29bdfa06ff373048fffa7a90139afc98acfa938a8ec0a98459608045962,16,10,1,42,KSSD-Array,2.123131768,141300686.336,141.300686336,300000000,0,299999985,299999976,299999976,1024,$KSSD_RELEASE_HOST/KSSD-Array-formal-results/final-validation-20260731-162115/02_figure2_final/logs/run_Synthetic_300_Mb_k16_w10_repeat1.log
final_release_formal,Synthetic_300_Mb,$KSSD_RELEASE_HOST/AEEE.fasta,300000057,a7eca29bdfa06ff373048fffa7a90139afc98acfa938a8ec0a98459608045962,16,10,1,42,XXH3,5.068786274,59185761.597,59.185761597,300000000,0,299999985,299999976,299999976,1024,$KSSD_RELEASE_HOST/KSSD-Array-formal-results/final-validation-20260731-162115/02_figure2_final/logs/run_Synthetic_300_Mb_k16_w10_repeat1.log
final_release_formal,Synthetic_300_Mb,$KSSD_RELEASE_HOST/AEEE.fasta,300000057,a7eca29bdfa06ff373048fffa7a90139afc98acfa938a8ec0a98459608045962,16,10,1,42,XXH64,5.935109921,50546658.780,50.546658780,300000000,0,299999985,299999976,299999976,1024,$KSSD_RELEASE_HOST/KSSD-Array-formal-results/final-validation-20260731-162115/02_figure2_final/logs/run_Synthetic_300_Mb_k16_w10_repeat1.log
final_release_formal,Synthetic_300_Mb,$KSSD_RELEASE_HOST/AEEE.fasta,300000057,a7eca29bdfa06ff373048fffa7a90139afc98acfa938a8ec0a98459608045962,16,10,1,42,MurmurHash3,3.656684941,82041515.974,82.041515974,300000000,0,299999985,299999976,299999976,1024,$KSSD_RELEASE_HOST/KSSD-Array-formal-results/final-validation-20260731-162115/02_figure2_final/logs/run_Synthetic_300_Mb_k16_w10_repeat1.log
final_release_formal,Synthetic_300_Mb,$KSSD_RELEASE_HOST/AEEE.fasta,300000057,a7eca29bdfa06ff373048fffa7a90139afc98acfa938a8ec0a98459608045962,16,10,1,42,wyhash,3.263378397,91929264.555,91.929264555,300000000,0,299999985,299999976,299999976,1024,$KSSD_RELEASE_HOST/KSSD-Array-formal-results/final-validation-20260731-162115/02_figure2_final/logs/run_Synthetic_300_Mb_k16_w10_repeat1.log
final_release_formal,Synthetic_300_Mb,$KSSD_RELEASE_HOST/AEEE.fasta,300000057,a7eca29bdfa06ff373048fffa7a90139afc98acfa938a8ec0a98459608045962,16,10,2,42,KSSD-Array,2.123097479,141302968.407,141.302968407,300000000,0,299999985,299999976,299999976,1024,$KSSD_RELEASE_HOST/KSSD-Array-formal-results/final-validation-20260731-162115/02_figure2_final/logs/run_Synthetic_300_Mb_k16_w10_repeat2.log
final_release_formal,Synthetic_300_Mb,$KSSD_RELEASE_HOST/AEEE.fasta,300000057,a7eca29bdfa06ff373048fffa7a90139afc98acfa938a8ec0a98459608045962,16,10,2,42,XXH3,5.054691240,59350801.415,59.350801415,300000000,0,299999985,299999976,299999976,1024,$KSSD_RELEASE_HOST/KSSD-Array-formal-results/final-validation-20260731-162115/02_figure2_final/logs/run_Synthetic_300_Mb_k16_w10_repeat2.log
final_release_formal,Synthetic_300_Mb,$KSSD_RELEASE_HOST/AEEE.fasta,300000057,a7eca29bdfa06ff373048fffa7a90139afc98acfa938a8ec0a98459608045962,16,10,2,42,XXH64,5.939282894,50511144.418,50.511144418,300000000,0,299999985,299999976,299999976,1024,$KSSD_RELEASE_HOST/KSSD-Array-formal-results/final-validation-20260731-162115/02_figure2_final/logs/run_Synthetic_300_Mb_k16_w10_repeat2.log
final_release_formal,Synthetic_300_Mb,$KSSD_RELEASE_HOST/AEEE.fasta,300000057,a7eca29bdfa06ff373048fffa7a90139afc98acfa938a8ec0a98459608045962,16,10,2,42,MurmurHash3,3.657464174,82024036.799,82.024036799,300000000,0,299999985,299999976,299999976,1024,$KSSD_RELEASE_HOST/KSSD-Array-formal-results/final-validation-20260731-162115/02_figure2_final/logs/run_Synthetic_300_Mb_k16_w10_repeat2.log
final_release_formal,Synthetic_300_Mb,$KSSD_RELEASE_HOST/AEEE.fasta,300000057,a7eca29bdfa06ff373048fffa7a90139afc98acfa938a8ec0a98459608045962,16,10,2,42,wyhash,3.262042163,91966921.643,91.966921643,300000000,0,299999985,299999976,299999976,1024,$KSSD_RELEASE_HOST/KSSD-Array-formal-results/final-validation-20260731-162115/02_figure2_final/logs/run_Synthetic_300_Mb_k16_w10_repeat2.log
final_release_formal,Synthetic_300_Mb,$KSSD_RELEASE_HOST/AEEE.fasta,300000057,a7eca29bdfa06ff373048fffa7a90139afc98acfa938a8ec0a98459608045962,16,10,3,42,KSSD-Array,2.123169079,141298203.222,141.298203222,300000000,0,299999985,299999976,299999976,1024,$KSSD_RELEASE_HOST/KSSD-Array-formal-results/final-validation-20260731-162115/02_figure2_final/logs/run_Synthetic_300_Mb_k16_w10_repeat3.log
final_release_formal,Synthetic_300_Mb,$KSSD_RELEASE_HOST/AEEE.fasta,300000057,a7eca29bdfa06ff373048fffa7a90139afc98acfa938a8ec0a98459608045962,16,10,3,42,XXH3,5.120547850,58587476.338,58.587476338,300000000,0,299999985,299999976,299999976,1024,$KSSD_RELEASE_HOST/KSSD-Array-formal-results/final-validation-20260731-162115/02_figure2_final/logs/run_Synthetic_300_Mb_k16_w10_repeat3.log
final_release_formal,Synthetic_300_Mb,$KSSD_RELEASE_HOST/AEEE.fasta,300000057,a7eca29bdfa06ff373048fffa7a90139afc98acfa938a8ec0a98459608045962,16,10,3,42,XXH64,5.996420701,50029841.293,50.029841293,300000000,0,299999985,299999976,299999976,1024,$KSSD_RELEASE_HOST/KSSD-Array-formal-results/final-validation-20260731-162115/02_figure2_final/logs/run_Synthetic_300_Mb_k16_w10_repeat3.log
final_release_formal,Synthetic_300_Mb,$KSSD_RELEASE_HOST/AEEE.fasta,300000057,a7eca29bdfa06ff373048fffa7a90139afc98acfa938a8ec0a98459608045962,16,10,3,42,MurmurHash3,3.655593433,82066012.399,82.066012399,300000000,0,299999985,299999976,299999976,1024,$KSSD_RELEASE_HOST/KSSD-Array-formal-results/final-validation-20260731-162115/02_figure2_final/logs/run_Synthetic_300_Mb_k16_w10_repeat3.log
final_release_formal,Synthetic_300_Mb,$KSSD_RELEASE_HOST/AEEE.fasta,300000057,a7eca29bdfa06ff373048fffa7a90139afc98acfa938a8ec0a98459608045962,16,10,3,42,wyhash,3.262977857,91940549.139,91.940549139,300000000,0,299999985,299999976,299999976,1024,$KSSD_RELEASE_HOST/KSSD-Array-formal-results/final-validation-20260731-162115/02_figure2_final/logs/run_Synthetic_300_Mb_k16_w10_repeat3.log
final_release_formal,Synthetic_300_Mb,$KSSD_RELEASE_HOST/AEEE.fasta,300000057,a7eca29bdfa06ff373048fffa7a90139afc98acfa938a8ec0a98459608045962,16,10,4,42,KSSD-Array,2.123095339,141303110.835,141.303110835,300000000,0,299999985,299999976,299999976,1024,$KSSD_RELEASE_HOST/KSSD-Array-formal-results/final-validation-20260731-162115/02_figure2_final/logs/run_Synthetic_300_Mb_k16_w10_repeat4.log
final_release_formal,Synthetic_300_Mb,$KSSD_RELEASE_HOST/AEEE.fasta,300000057,a7eca29bdfa06ff373048fffa7a90139afc98acfa938a8ec0a98459608045962,16,10,4,42,XXH3,5.060300515,59285011.851,59.285011851,300000000,0,299999985,299999976,299999976,1024,$KSSD_RELEASE_HOST/KSSD-Array-formal-results/final-validation-20260731-162115/02_figure2_final/logs/run_Synthetic_300_Mb_k16_w10_repeat4.log
final_release_formal,Synthetic_300_Mb,$KSSD_RELEASE_HOST/AEEE.fasta,300000057,a7eca29bdfa06ff373048fffa7a90139afc98acfa938a8ec0a98459608045962,16,10,4,42,XXH64,5.946994606,50445644.544,50.445644544,300000000,0,299999985,299999976,299999976,1024,$KSSD_RELEASE_HOST/KSSD-Array-formal-results/final-validation-20260731-162115/02_figure2_final/logs/run_Synthetic_300_Mb_k16_w10_repeat4.log
final_release_formal,Synthetic_300_Mb,$KSSD_RELEASE_HOST/AEEE.fasta,300000057,a7eca29bdfa06ff373048fffa7a90139afc98acfa938a8ec0a98459608045962,16,10,4,42,MurmurHash3,3.655763362,82062197.767,82.062197767,300000000,0,299999985,299999976,299999976,1024,$KSSD_RELEASE_HOST/KSSD-Array-formal-results/final-validation-20260731-162115/02_figure2_final/logs/run_Synthetic_300_Mb_k16_w10_repeat4.log
final_release_formal,Synthetic_300_Mb,$KSSD_RELEASE_HOST/AEEE.fasta,300000057,a7eca29bdfa06ff373048fffa7a90139afc98acfa938a8ec0a98459608045962,16,10,4,42,wyhash,3.262953419,91941237.731,91.941237731,300000000,0,299999985,299999976,299999976,1024,$KSSD_RELEASE_HOST/KSSD-Array-formal-results/final-validation-20260731-162115/02_figure2_final/logs/run_Synthetic_300_Mb_k16_w10_repeat4.log
final_release_formal,Synthetic_300_Mb,$KSSD_RELEASE_HOST/AEEE.fasta,300000057,a7eca29bdfa06ff373048fffa7a90139afc98acfa938a8ec0a98459608045962,16,10,5,42,KSSD-Array,2.123103636,141302558.628,141.302558628,300000000,0,299999985,299999976,299999976,1024,$KSSD_RELEASE_HOST/KSSD-Array-formal-results/final-validation-20260731-162115/02_figure2_final/logs/run_Synthetic_300_Mb_k16_w10_repeat5.log
final_release_formal,Synthetic_300_Mb,$KSSD_RELEASE_HOST/AEEE.fasta,300000057,a7eca29bdfa06ff373048fffa7a90139afc98acfa938a8ec0a98459608045962,16,10,5,42,XXH3,5.040081143,59522846.456,59.522846456,300000000,0,299999985,299999976,299999976,1024,$KSSD_RELEASE_HOST/KSSD-Array-formal-results/final-validation-20260731-162115/02_figure2_final/logs/run_Synthetic_300_Mb_k16_w10_repeat5.log
final_release_formal,Synthetic_300_Mb,$KSSD_RELEASE_HOST/AEEE.fasta,300000057,a7eca29bdfa06ff373048fffa7a90139afc98acfa938a8ec0a98459608045962,16,10,5,42,XXH64,5.938599295,50516958.814,50.516958814,300000000,0,299999985,299999976,299999976,1024,$KSSD_RELEASE_HOST/KSSD-Array-formal-results/final-validation-20260731-162115/02_figure2_final/logs/run_Synthetic_300_Mb_k16_w10_repeat5.log
final_release_formal,Synthetic_300_Mb,$KSSD_RELEASE_HOST/AEEE.fasta,300000057,a7eca29bdfa06ff373048fffa7a90139afc98acfa938a8ec0a98459608045962,16,10,5,42,MurmurHash3,3.655243127,82073877.325,82.073877325,300000000,0,299999985,299999976,299999976,1024,$KSSD_RELEASE_HOST/KSSD-Array-formal-results/final-validation-20260731-162115/02_figure2_final/logs/run_Synthetic_300_Mb_k16_w10_repeat5.log
final_release_formal,Synthetic_300_Mb,$KSSD_RELEASE_HOST/AEEE.fasta,300000057,a7eca29bdfa06ff373048fffa7a90139afc98acfa938a8ec0a98459608045962,16,10,5,42,wyhash,3.257441751,92096804.466,92.096804466,300000000,0,299999985,299999976,299999976,1024,$KSSD_RELEASE_HOST/KSSD-Array-formal-results/final-validation-20260731-162115/02_figure2_final/logs/run_Synthetic_300_Mb_k16_w10_repeat5.log
final_release_formal,GRCh38.p14_chr1,$KSSD_RELEASE_HOST/seq/human/GCF_000001405.40_GRCh38.p14_genomic.fna,3339739109,df6e4918316e05a9cc1fd29c352841d3678b607d7a436819cd43371b52c814c0,16,10,1,42,KSSD-Array,1.620033339,142269286.966,142.269286966,230481012,18475410,230480997,230480988,230480988,1024,$KSSD_RELEASE_HOST/KSSD-Array-formal-results/final-validation-20260731-162115/02_figure2_final/logs/run_GRCh38.p14_chr1_k16_w10_repeat1.log
final_release_formal,GRCh38.p14_chr1,$KSSD_RELEASE_HOST/seq/human/GCF_000001405.40_GRCh38.p14_genomic.fna,3339739109,df6e4918316e05a9cc1fd29c352841d3678b607d7a436819cd43371b52c814c0,16,10,1,42,XXH3,3.892850630,59206224.411,59.206224411,230481012,18475410,230480997,230480988,230480988,1024,$KSSD_RELEASE_HOST/KSSD-Array-formal-results/final-validation-20260731-162115/02_figure2_final/logs/run_GRCh38.p14_chr1_k16_w10_repeat1.log
final_release_formal,GRCh38.p14_chr1,$KSSD_RELEASE_HOST/seq/human/GCF_000001405.40_GRCh38.p14_genomic.fna,3339739109,df6e4918316e05a9cc1fd29c352841d3678b607d7a436819cd43371b52c814c0,16,10,1,42,XXH64,4.562453591,50516894.781,50.516894781,230481012,18475410,230480997,230480988,230480988,1024,$KSSD_RELEASE_HOST/KSSD-Array-formal-results/final-validation-20260731-162115/02_figure2_final/logs/run_GRCh38.p14_chr1_k16_w10_repeat1.log
final_release_formal,GRCh38.p14_chr1,$KSSD_RELEASE_HOST/seq/human/GCF_000001405.40_GRCh38.p14_genomic.fna,3339739109,df6e4918316e05a9cc1fd29c352841d3678b607d7a436819cd43371b52c814c0,16,10,1,42,MurmurHash3,2.803345463,82216405.735,82.216405735,230481012,18475410,230480997,230480988,230480988,1024,$KSSD_RELEASE_HOST/KSSD-Array-formal-results/final-validation-20260731-162115/02_figure2_final/logs/run_GRCh38.p14_chr1_k16_w10_repeat1.log
final_release_formal,GRCh38.p14_chr1,$KSSD_RELEASE_HOST/seq/human/GCF_000001405.40_GRCh38.p14_genomic.fna,3339739109,df6e4918316e05a9cc1fd29c352841d3678b607d7a436819cd43371b52c814c0,16,10,1,42,wyhash,2.495559901,92356423.866,92.356423866,230481012,18475410,230480997,230480988,230480988,1024,$KSSD_RELEASE_HOST/KSSD-Array-formal-results/final-validation-20260731-162115/02_figure2_final/logs/run_GRCh38.p14_chr1_k16_w10_repeat1.log
final_release_formal,GRCh38.p14_chr1,$KSSD_RELEASE_HOST/seq/human/GCF_000001405.40_GRCh38.p14_genomic.fna,3339739109,df6e4918316e05a9cc1fd29c352841d3678b607d7a436819cd43371b52c814c0,16,10,2,42,KSSD-Array,1.620051060,142267730.747,142.267730747,230481012,18475410,230480997,230480988,230480988,1024,$KSSD_RELEASE_HOST/KSSD-Array-formal-results/final-validation-20260731-162115/02_figure2_final/logs/run_GRCh38.p14_chr1_k16_w10_repeat2.log
final_release_formal,GRCh38.p14_chr1,$KSSD_RELEASE_HOST/seq/human/GCF_000001405.40_GRCh38.p14_genomic.fna,3339739109,df6e4918316e05a9cc1fd29c352841d3678b607d7a436819cd43371b52c814c0,16,10,2,42,XXH3,3.890114079,59247873.795,59.247873795,230481012,18475410,230480997,230480988,230480988,1024,$KSSD_RELEASE_HOST/KSSD-Array-formal-results/final-validation-20260731-162115/02_figure2_final/logs/run_GRCh38.p14_chr1_k16_w10_repeat2.log
final_release_formal,GRCh38.p14_chr1,$KSSD_RELEASE_HOST/seq/human/GCF_000001405.40_GRCh38.p14_genomic.fna,3339739109,df6e4918316e05a9cc1fd29c352841d3678b607d7a436819cd43371b52c814c0,16,10,2,42,XXH64,4.566680439,50470137.133,50.470137133,230481012,18475410,230480997,230480988,230480988,1024,$KSSD_RELEASE_HOST/KSSD-Array-formal-results/final-validation-20260731-162115/02_figure2_final/logs/run_GRCh38.p14_chr1_k16_w10_repeat2.log
final_release_formal,GRCh38.p14_chr1,$KSSD_RELEASE_HOST/seq/human/GCF_000001405.40_GRCh38.p14_genomic.fna,3339739109,df6e4918316e05a9cc1fd29c352841d3678b607d7a436819cd43371b52c814c0,16,10,2,42,MurmurHash3,2.803473454,82212652.191,82.212652191,230481012,18475410,230480997,230480988,230480988,1024,$KSSD_RELEASE_HOST/KSSD-Array-formal-results/final-validation-20260731-162115/02_figure2_final/logs/run_GRCh38.p14_chr1_k16_w10_repeat2.log
final_release_formal,GRCh38.p14_chr1,$KSSD_RELEASE_HOST/seq/human/GCF_000001405.40_GRCh38.p14_genomic.fna,3339739109,df6e4918316e05a9cc1fd29c352841d3678b607d7a436819cd43371b52c814c0,16,10,2,42,wyhash,2.498032713,92264999.894,92.264999894,230481012,18475410,230480997,230480988,230480988,1024,$KSSD_RELEASE_HOST/KSSD-Array-formal-results/final-validation-20260731-162115/02_figure2_final/logs/run_GRCh38.p14_chr1_k16_w10_repeat2.log
final_release_formal,GRCh38.p14_chr1,$KSSD_RELEASE_HOST/seq/human/GCF_000001405.40_GRCh38.p14_genomic.fna,3339739109,df6e4918316e05a9cc1fd29c352841d3678b607d7a436819cd43371b52c814c0,16,10,3,42,KSSD-Array,1.620043199,142268421.078,142.268421078,230481012,18475410,230480997,230480988,230480988,1024,$KSSD_RELEASE_HOST/KSSD-Array-formal-results/final-validation-20260731-162115/02_figure2_final/logs/run_GRCh38.p14_chr1_k16_w10_repeat3.log
final_release_formal,GRCh38.p14_chr1,$KSSD_RELEASE_HOST/seq/human/GCF_000001405.40_GRCh38.p14_genomic.fna,3339739109,df6e4918316e05a9cc1fd29c352841d3678b607d7a436819cd43371b52c814c0,16,10,3,42,XXH3,3.884159855,59338697.840,59.338697840,230481012,18475410,230480997,230480988,230480988,1024,$KSSD_RELEASE_HOST/KSSD-Array-formal-results/final-validation-20260731-162115/02_figure2_final/logs/run_GRCh38.p14_chr1_k16_w10_repeat3.log
final_release_formal,GRCh38.p14_chr1,$KSSD_RELEASE_HOST/seq/human/GCF_000001405.40_GRCh38.p14_genomic.fna,3339739109,df6e4918316e05a9cc1fd29c352841d3678b607d7a436819cd43371b52c814c0,16,10,3,42,XXH64,4.573240947,50397735.582,50.397735582,230481012,18475410,230480997,230480988,230480988,1024,$KSSD_RELEASE_HOST/KSSD-Array-formal-results/final-validation-20260731-162115/02_figure2_final/logs/run_GRCh38.p14_chr1_k16_w10_repeat3.log
final_release_formal,GRCh38.p14_chr1,$KSSD_RELEASE_HOST/seq/human/GCF_000001405.40_GRCh38.p14_genomic.fna,3339739109,df6e4918316e05a9cc1fd29c352841d3678b607d7a436819cd43371b52c814c0,16,10,3,42,MurmurHash3,2.802970730,82227397.359,82.227397359,230481012,18475410,230480997,230480988,230480988,1024,$KSSD_RELEASE_HOST/KSSD-Array-formal-results/final-validation-20260731-162115/02_figure2_final/logs/run_GRCh38.p14_chr1_k16_w10_repeat3.log
final_release_formal,GRCh38.p14_chr1,$KSSD_RELEASE_HOST/seq/human/GCF_000001405.40_GRCh38.p14_genomic.fna,3339739109,df6e4918316e05a9cc1fd29c352841d3678b607d7a436819cd43371b52c814c0,16,10,3,42,wyhash,2.498486386,92248246.495,92.248246495,230481012,18475410,230480997,230480988,230480988,1024,$KSSD_RELEASE_HOST/KSSD-Array-formal-results/final-validation-20260731-162115/02_figure2_final/logs/run_GRCh38.p14_chr1_k16_w10_repeat3.log
final_release_formal,GRCh38.p14_chr1,$KSSD_RELEASE_HOST/seq/human/GCF_000001405.40_GRCh38.p14_genomic.fna,3339739109,df6e4918316e05a9cc1fd29c352841d3678b607d7a436819cd43371b52c814c0,16,10,4,42,KSSD-Array,1.619897668,142281202.420,142.281202420,230481012,18475410,230480997,230480988,230480988,1024,$KSSD_RELEASE_HOST/KSSD-Array-formal-results/final-validation-20260731-162115/02_figure2_final/logs/run_GRCh38.p14_chr1_k16_w10_repeat4.log
final_release_formal,GRCh38.p14_chr1,$KSSD_RELEASE_HOST/seq/human/GCF_000001405.40_GRCh38.p14_genomic.fna,3339739109,df6e4918316e05a9cc1fd29c352841d3678b607d7a436819cd43371b52c814c0,16,10,4,42,XXH3,3.883711017,59345555.576,59.345555576,230481012,18475410,230480997,230480988,230480988,1024,$KSSD_RELEASE_HOST/KSSD-Array-formal-results/final-validation-20260731-162115/02_figure2_final/logs/run_GRCh38.p14_chr1_k16_w10_repeat4.log
final_release_formal,GRCh38.p14_chr1,$KSSD_RELEASE_HOST/seq/human/GCF_000001405.40_GRCh38.p14_genomic.fna,3339739109,df6e4918316e05a9cc1fd29c352841d3678b607d7a436819cd43371b52c814c0,16,10,4,42,XXH64,4.569840359,50435238.410,50.435238410,230481012,18475410,230480997,230480988,230480988,1024,$KSSD_RELEASE_HOST/KSSD-Array-formal-results/final-validation-20260731-162115/02_figure2_final/logs/run_GRCh38.p14_chr1_k16_w10_repeat4.log
final_release_formal,GRCh38.p14_chr1,$KSSD_RELEASE_HOST/seq/human/GCF_000001405.40_GRCh38.p14_genomic.fna,3339739109,df6e4918316e05a9cc1fd29c352841d3678b607d7a436819cd43371b52c814c0,16,10,4,42,MurmurHash3,2.802049520,82254430.678,82.254430678,230481012,18475410,230480997,230480988,230480988,1024,$KSSD_RELEASE_HOST/KSSD-Array-formal-results/final-validation-20260731-162115/02_figure2_final/logs/run_GRCh38.p14_chr1_k16_w10_repeat4.log
final_release_formal,GRCh38.p14_chr1,$KSSD_RELEASE_HOST/seq/human/GCF_000001405.40_GRCh38.p14_genomic.fna,3339739109,df6e4918316e05a9cc1fd29c352841d3678b607d7a436819cd43371b52c814c0,16,10,4,42,wyhash,2.495633839,92353687.628,92.353687628,230481012,18475410,230480997,230480988,230480988,1024,$KSSD_RELEASE_HOST/KSSD-Array-formal-results/final-validation-20260731-162115/02_figure2_final/logs/run_GRCh38.p14_chr1_k16_w10_repeat4.log
final_release_formal,GRCh38.p14_chr1,$KSSD_RELEASE_HOST/seq/human/GCF_000001405.40_GRCh38.p14_genomic.fna,3339739109,df6e4918316e05a9cc1fd29c352841d3678b607d7a436819cd43371b52c814c0,16,10,5,42,KSSD-Array,1.620072031,142265889.164,142.265889164,230481012,18475410,230480997,230480988,230480988,1024,$KSSD_RELEASE_HOST/KSSD-Array-formal-results/final-validation-20260731-162115/02_figure2_final/logs/run_GRCh38.p14_chr1_k16_w10_repeat5.log
final_release_formal,GRCh38.p14_chr1,$KSSD_RELEASE_HOST/seq/human/GCF_000001405.40_GRCh38.p14_genomic.fna,3339739109,df6e4918316e05a9cc1fd29c352841d3678b607d7a436819cd43371b52c814c0,16,10,5,42,XXH3,3.884769954,59329378.761,59.329378761,230481012,18475410,230480997,230480988,230480988,1024,$KSSD_RELEASE_HOST/KSSD-Array-formal-results/final-validation-20260731-162115/02_figure2_final/logs/run_GRCh38.p14_chr1_k16_w10_repeat5.log
final_release_formal,GRCh38.p14_chr1,$KSSD_RELEASE_HOST/seq/human/GCF_000001405.40_GRCh38.p14_genomic.fna,3339739109,df6e4918316e05a9cc1fd29c352841d3678b607d7a436819cd43371b52c814c0,16,10,5,42,XXH64,4.580266796,50320428.540,50.320428540,230481012,18475410,230480997,230480988,230480988,1024,$KSSD_RELEASE_HOST/KSSD-Array-formal-results/final-validation-20260731-162115/02_figure2_final/logs/run_GRCh38.p14_chr1_k16_w10_repeat5.log
final_release_formal,GRCh38.p14_chr1,$KSSD_RELEASE_HOST/seq/human/GCF_000001405.40_GRCh38.p14_genomic.fna,3339739109,df6e4918316e05a9cc1fd29c352841d3678b607d7a436819cd43371b52c814c0,16,10,5,42,MurmurHash3,2.806334833,82128826.999,82.128826999,230481012,18475410,230480997,230480988,230480988,1024,$KSSD_RELEASE_HOST/KSSD-Array-formal-results/final-validation-20260731-162115/02_figure2_final/logs/run_GRCh38.p14_chr1_k16_w10_repeat5.log
final_release_formal,GRCh38.p14_chr1,$KSSD_RELEASE_HOST/seq/human/GCF_000001405.40_GRCh38.p14_genomic.fna,3339739109,df6e4918316e05a9cc1fd29c352841d3678b607d7a436819cd43371b52c814c0,16,10,5,42,wyhash,2.495835792,92346214.738,92.346214738,230481012,18475410,230480997,230480988,230480988,1024,$KSSD_RELEASE_HOST/KSSD-Array-formal-results/final-validation-20260731-162115/02_figure2_final/logs/run_GRCh38.p14_chr1_k16_w10_repeat5.log
final_release_formal,Synthetic_300_Mb,$KSSD_RELEASE_HOST/AEEE.fasta,300000057,a7eca29bdfa06ff373048fffa7a90139afc98acfa938a8ec0a98459608045962,16,20,1,42,KSSD-Array,1.828505095,164068433.181,164.068433181,300000000,0,299999985,299999966,299999966,1024,$KSSD_RELEASE_HOST/KSSD-Array-formal-results/final-validation-20260731-162115/02_figure2_final/logs/run_Synthetic_300_Mb_k16_w20_repeat1.log
final_release_formal,Synthetic_300_Mb,$KSSD_RELEASE_HOST/AEEE.fasta,300000057,a7eca29bdfa06ff373048fffa7a90139afc98acfa938a8ec0a98459608045962,16,20,1,42,XXH3,4.654930279,64447789.337,64.447789337,300000000,0,299999985,299999966,299999966,1024,$KSSD_RELEASE_HOST/KSSD-Array-formal-results/final-validation-20260731-162115/02_figure2_final/logs/run_Synthetic_300_Mb_k16_w20_repeat1.log
final_release_formal,Synthetic_300_Mb,$KSSD_RELEASE_HOST/AEEE.fasta,300000057,a7eca29bdfa06ff373048fffa7a90139afc98acfa938a8ec0a98459608045962,16,20,1,42,XXH64,5.504653560,54499336.376,54.499336376,300000000,0,299999985,299999966,299999966,1024,$KSSD_RELEASE_HOST/KSSD-Array-formal-results/final-validation-20260731-162115/02_figure2_final/logs/run_Synthetic_300_Mb_k16_w20_repeat1.log
final_release_formal,Synthetic_300_Mb,$KSSD_RELEASE_HOST/AEEE.fasta,300000057,a7eca29bdfa06ff373048fffa7a90139afc98acfa938a8ec0a98459608045962,16,20,1,42,MurmurHash3,3.382941034,88680223.210,88.680223210,300000000,0,299999985,299999966,299999966,1024,$KSSD_RELEASE_HOST/KSSD-Array-formal-results/final-validation-20260731-162115/02_figure2_final/logs/run_Synthetic_300_Mb_k16_w20_repeat1.log
final_release_formal,Synthetic_300_Mb,$KSSD_RELEASE_HOST/AEEE.fasta,300000057,a7eca29bdfa06ff373048fffa7a90139afc98acfa938a8ec0a98459608045962,16,20,1,42,wyhash,2.830766596,105978347.499,105.978347499,300000000,0,299999985,299999966,299999966,1024,$KSSD_RELEASE_HOST/KSSD-Array-formal-results/final-validation-20260731-162115/02_figure2_final/logs/run_Synthetic_300_Mb_k16_w20_repeat1.log
final_release_formal,Synthetic_300_Mb,$KSSD_RELEASE_HOST/AEEE.fasta,300000057,a7eca29bdfa06ff373048fffa7a90139afc98acfa938a8ec0a98459608045962,16,20,2,42,KSSD-Array,1.831107043,163835296.875,163.835296875,300000000,0,299999985,299999966,299999966,1024,$KSSD_RELEASE_HOST/KSSD-Array-formal-results/final-validation-20260731-162115/02_figure2_final/logs/run_Synthetic_300_Mb_k16_w20_repeat2.log
final_release_formal,Synthetic_300_Mb,$KSSD_RELEASE_HOST/AEEE.fasta,300000057,a7eca29bdfa06ff373048fffa7a90139afc98acfa938a8ec0a98459608045962,16,20,2,42,XXH3,4.656861471,64421062.956,64.421062956,300000000,0,299999985,299999966,299999966,1024,$KSSD_RELEASE_HOST/KSSD-Array-formal-results/final-validation-20260731-162115/02_figure2_final/logs/run_Synthetic_300_Mb_k16_w20_repeat2.log
final_release_formal,Synthetic_300_Mb,$KSSD_RELEASE_HOST/AEEE.fasta,300000057,a7eca29bdfa06ff373048fffa7a90139afc98acfa938a8ec0a98459608045962,16,20,2,42,XXH64,5.506128727,54484735.260,54.484735260,300000000,0,299999985,299999966,299999966,1024,$KSSD_RELEASE_HOST/KSSD-Array-formal-results/final-validation-20260731-162115/02_figure2_final/logs/run_Synthetic_300_Mb_k16_w20_repeat2.log
final_release_formal,Synthetic_300_Mb,$KSSD_RELEASE_HOST/AEEE.fasta,300000057,a7eca29bdfa06ff373048fffa7a90139afc98acfa938a8ec0a98459608045962,16,20,2,42,MurmurHash3,3.387345108,88564925.166,88.564925166,300000000,0,299999985,299999966,299999966,1024,$KSSD_RELEASE_HOST/KSSD-Array-formal-results/final-validation-20260731-162115/02_figure2_final/logs/run_Synthetic_300_Mb_k16_w20_repeat2.log
final_release_formal,Synthetic_300_Mb,$KSSD_RELEASE_HOST/AEEE.fasta,300000057,a7eca29bdfa06ff373048fffa7a90139afc98acfa938a8ec0a98459608045962,16,20,2,42,wyhash,2.829720267,106017534.489,106.017534489,300000000,0,299999985,299999966,299999966,1024,$KSSD_RELEASE_HOST/KSSD-Array-formal-results/final-validation-20260731-162115/02_figure2_final/logs/run_Synthetic_300_Mb_k16_w20_repeat2.log
final_release_formal,Synthetic_300_Mb,$KSSD_RELEASE_HOST/AEEE.fasta,300000057,a7eca29bdfa06ff373048fffa7a90139afc98acfa938a8ec0a98459608045962,16,20,3,42,KSSD-Array,1.828599166,164059992.796,164.059992796,300000000,0,299999985,299999966,299999966,1024,$KSSD_RELEASE_HOST/KSSD-Array-formal-results/final-validation-20260731-162115/02_figure2_final/logs/run_Synthetic_300_Mb_k16_w20_repeat3.log
final_release_formal,Synthetic_300_Mb,$KSSD_RELEASE_HOST/AEEE.fasta,300000057,a7eca29bdfa06ff373048fffa7a90139afc98acfa938a8ec0a98459608045962,16,20,3,42,XXH3,4.654989544,64446968.820,64.446968820,300000000,0,299999985,299999966,299999966,1024,$KSSD_RELEASE_HOST/KSSD-Array-formal-results/final-validation-20260731-162115/02_figure2_final/logs/run_Synthetic_300_Mb_k16_w20_repeat3.log
final_release_formal,Synthetic_300_Mb,$KSSD_RELEASE_HOST/AEEE.fasta,300000057,a7eca29bdfa06ff373048fffa7a90139afc98acfa938a8ec0a98459608045962,16,20,3,42,XXH64,5.506625368,54479821.297,54.479821297,300000000,0,299999985,299999966,299999966,1024,$KSSD_RELEASE_HOST/KSSD-Array-formal-results/final-validation-20260731-162115/02_figure2_final/logs/run_Synthetic_300_Mb_k16_w20_repeat3.log
final_release_formal,Synthetic_300_Mb,$KSSD_RELEASE_HOST/AEEE.fasta,300000057,a7eca29bdfa06ff373048fffa7a90139afc98acfa938a8ec0a98459608045962,16,20,3,42,MurmurHash3,3.371605964,88978359.038,88.978359038,300000000,0,299999985,299999966,299999966,1024,$KSSD_RELEASE_HOST/KSSD-Array-formal-results/final-validation-20260731-162115/02_figure2_final/logs/run_Synthetic_300_Mb_k16_w20_repeat3.log
final_release_formal,Synthetic_300_Mb,$KSSD_RELEASE_HOST/AEEE.fasta,300000057,a7eca29bdfa06ff373048fffa7a90139afc98acfa938a8ec0a98459608045962,16,20,3,42,wyhash,2.828946025,106046549.969,106.046549969,300000000,0,299999985,299999966,299999966,1024,$KSSD_RELEASE_HOST/KSSD-Array-formal-results/final-validation-20260731-162115/02_figure2_final/logs/run_Synthetic_300_Mb_k16_w20_repeat3.log
final_release_formal,Synthetic_300_Mb,$KSSD_RELEASE_HOST/AEEE.fasta,300000057,a7eca29bdfa06ff373048fffa7a90139afc98acfa938a8ec0a98459608045962,16,20,4,42,KSSD-Array,1.830482044,163891236.728,163.891236728,300000000,0,299999985,299999966,299999966,1024,$KSSD_RELEASE_HOST/KSSD-Array-formal-results/final-validation-20260731-162115/02_figure2_final/logs/run_Synthetic_300_Mb_k16_w20_repeat4.log
final_release_formal,Synthetic_300_Mb,$KSSD_RELEASE_HOST/AEEE.fasta,300000057,a7eca29bdfa06ff373048fffa7a90139afc98acfa938a8ec0a98459608045962,16,20,4,42,XXH3,4.656643311,64424081.031,64.424081031,300000000,0,299999985,299999966,299999966,1024,$KSSD_RELEASE_HOST/KSSD-Array-formal-results/final-validation-20260731-162115/02_figure2_final/logs/run_Synthetic_300_Mb_k16_w20_repeat4.log
final_release_formal,Synthetic_300_Mb,$KSSD_RELEASE_HOST/AEEE.fasta,300000057,a7eca29bdfa06ff373048fffa7a90139afc98acfa938a8ec0a98459608045962,16,20,4,42,XXH64,5.510989055,54436683.326,54.436683326,300000000,0,299999985,299999966,299999966,1024,$KSSD_RELEASE_HOST/KSSD-Array-formal-results/final-validation-20260731-162115/02_figure2_final/logs/run_Synthetic_300_Mb_k16_w20_repeat4.log
final_release_formal,Synthetic_300_Mb,$KSSD_RELEASE_HOST/AEEE.fasta,300000057,a7eca29bdfa06ff373048fffa7a90139afc98acfa938a8ec0a98459608045962,16,20,4,42,MurmurHash3,3.370101273,89018086.312,89.018086312,300000000,0,299999985,299999966,299999966,1024,$KSSD_RELEASE_HOST/KSSD-Array-formal-results/final-validation-20260731-162115/02_figure2_final/logs/run_Synthetic_300_Mb_k16_w20_repeat4.log
final_release_formal,Synthetic_300_Mb,$KSSD_RELEASE_HOST/AEEE.fasta,300000057,a7eca29bdfa06ff373048fffa7a90139afc98acfa938a8ec0a98459608045962,16,20,4,42,wyhash,2.827256873,106109907.757,106.109907757,300000000,0,299999985,299999966,299999966,1024,$KSSD_RELEASE_HOST/KSSD-Array-formal-results/final-validation-20260731-162115/02_figure2_final/logs/run_Synthetic_300_Mb_k16_w20_repeat4.log
final_release_formal,Synthetic_300_Mb,$KSSD_RELEASE_HOST/AEEE.fasta,300000057,a7eca29bdfa06ff373048fffa7a90139afc98acfa938a8ec0a98459608045962,16,20,5,42,KSSD-Array,1.830207189,163915849.420,163.915849420,300000000,0,299999985,299999966,299999966,1024,$KSSD_RELEASE_HOST/KSSD-Array-formal-results/final-validation-20260731-162115/02_figure2_final/logs/run_Synthetic_300_Mb_k16_w20_repeat5.log
final_release_formal,Synthetic_300_Mb,$KSSD_RELEASE_HOST/AEEE.fasta,300000057,a7eca29bdfa06ff373048fffa7a90139afc98acfa938a8ec0a98459608045962,16,20,5,42,XXH3,4.655640647,64437955.750,64.437955750,300000000,0,299999985,299999966,299999966,1024,$KSSD_RELEASE_HOST/KSSD-Array-formal-results/final-validation-20260731-162115/02_figure2_final/logs/run_Synthetic_300_Mb_k16_w20_repeat5.log
final_release_formal,Synthetic_300_Mb,$KSSD_RELEASE_HOST/AEEE.fasta,300000057,a7eca29bdfa06ff373048fffa7a90139afc98acfa938a8ec0a98459608045962,16,20,5,42,XXH64,5.505979886,54486208.125,54.486208125,300000000,0,299999985,299999966,299999966,1024,$KSSD_RELEASE_HOST/KSSD-Array-formal-results/final-validation-20260731-162115/02_figure2_final/logs/run_Synthetic_300_Mb_k16_w20_repeat5.log
final_release_formal,Synthetic_300_Mb,$KSSD_RELEASE_HOST/AEEE.fasta,300000057,a7eca29bdfa06ff373048fffa7a90139afc98acfa938a8ec0a98459608045962,16,20,5,42,MurmurHash3,3.379357610,88774258.490,88.774258490,300000000,0,299999985,299999966,299999966,1024,$KSSD_RELEASE_HOST/KSSD-Array-formal-results/final-validation-20260731-162115/02_figure2_final/logs/run_Synthetic_300_Mb_k16_w20_repeat5.log
final_release_formal,Synthetic_300_Mb,$KSSD_RELEASE_HOST/AEEE.fasta,300000057,a7eca29bdfa06ff373048fffa7a90139afc98acfa938a8ec0a98459608045962,16,20,5,42,wyhash,2.826695407,106130984.349,106.130984349,300000000,0,299999985,299999966,299999966,1024,$KSSD_RELEASE_HOST/KSSD-Array-formal-results/final-validation-20260731-162115/02_figure2_final/logs/run_Synthetic_300_Mb_k16_w20_repeat5.log
final_release_formal,GRCh38.p14_chr1,$KSSD_RELEASE_HOST/seq/human/GCF_000001405.40_GRCh38.p14_genomic.fna,3339739109,df6e4918316e05a9cc1fd29c352841d3678b607d7a436819cd43371b52c814c0,16,20,1,42,KSSD-Array,1.404040466,164155509.461,164.155509461,230481012,18475410,230480997,230480978,230480978,1024,$KSSD_RELEASE_HOST/KSSD-Array-formal-results/final-validation-20260731-162115/02_figure2_final/logs/run_GRCh38.p14_chr1_k16_w20_repeat1.log
final_release_formal,GRCh38.p14_chr1,$KSSD_RELEASE_HOST/seq/human/GCF_000001405.40_GRCh38.p14_genomic.fna,3339739109,df6e4918316e05a9cc1fd29c352841d3678b607d7a436819cd43371b52c814c0,16,20,1,42,XXH3,3.583798874,64311917.634,64.311917634,230481012,18475410,230480997,230480978,230480978,1024,$KSSD_RELEASE_HOST/KSSD-Array-formal-results/final-validation-20260731-162115/02_figure2_final/logs/run_GRCh38.p14_chr1_k16_w20_repeat1.log
final_release_formal,GRCh38.p14_chr1,$KSSD_RELEASE_HOST/seq/human/GCF_000001405.40_GRCh38.p14_genomic.fna,3339739109,df6e4918316e05a9cc1fd29c352841d3678b607d7a436819cd43371b52c814c0,16,20,1,42,XXH64,4.242974442,54320614.265,54.320614265,230481012,18475410,230480997,230480978,230480978,1024,$KSSD_RELEASE_HOST/KSSD-Array-formal-results/final-validation-20260731-162115/02_figure2_final/logs/run_GRCh38.p14_chr1_k16_w20_repeat1.log
final_release_formal,GRCh38.p14_chr1,$KSSD_RELEASE_HOST/seq/human/GCF_000001405.40_GRCh38.p14_genomic.fna,3339739109,df6e4918316e05a9cc1fd29c352841d3678b607d7a436819cd43371b52c814c0,16,20,1,42,MurmurHash3,2.600335210,88635102.549,88.635102549,230481012,18475410,230480997,230480978,230480978,1024,$KSSD_RELEASE_HOST/KSSD-Array-formal-results/final-validation-20260731-162115/02_figure2_final/logs/run_GRCh38.p14_chr1_k16_w20_repeat1.log
final_release_formal,GRCh38.p14_chr1,$KSSD_RELEASE_HOST/seq/human/GCF_000001405.40_GRCh38.p14_genomic.fna,3339739109,df6e4918316e05a9cc1fd29c352841d3678b607d7a436819cd43371b52c814c0,16,20,1,42,wyhash,2.170264148,106199504.891,106.199504891,230481012,18475410,230480997,230480978,230480978,1024,$KSSD_RELEASE_HOST/KSSD-Array-formal-results/final-validation-20260731-162115/02_figure2_final/logs/run_GRCh38.p14_chr1_k16_w20_repeat1.log
final_release_formal,GRCh38.p14_chr1,$KSSD_RELEASE_HOST/seq/human/GCF_000001405.40_GRCh38.p14_genomic.fna,3339739109,df6e4918316e05a9cc1fd29c352841d3678b607d7a436819cd43371b52c814c0,16,20,2,42,KSSD-Array,1.402325391,164356275.283,164.356275283,230481012,18475410,230480997,230480978,230480978,1024,$KSSD_RELEASE_HOST/KSSD-Array-formal-results/final-validation-20260731-162115/02_figure2_final/logs/run_GRCh38.p14_chr1_k16_w20_repeat2.log
final_release_formal,GRCh38.p14_chr1,$KSSD_RELEASE_HOST/seq/human/GCF_000001405.40_GRCh38.p14_genomic.fna,3339739109,df6e4918316e05a9cc1fd29c352841d3678b607d7a436819cd43371b52c814c0,16,20,2,42,XXH3,3.584103252,64306455.979,64.306455979,230481012,18475410,230480997,230480978,230480978,1024,$KSSD_RELEASE_HOST/KSSD-Array-formal-results/final-validation-20260731-162115/02_figure2_final/logs/run_GRCh38.p14_chr1_k16_w20_repeat2.log
final_release_formal,GRCh38.p14_chr1,$KSSD_RELEASE_HOST/seq/human/GCF_000001405.40_GRCh38.p14_genomic.fna,3339739109,df6e4918316e05a9cc1fd29c352841d3678b607d7a436819cd43371b52c814c0,16,20,2,42,XXH64,4.241204081,54343288.745,54.343288745,230481012,18475410,230480997,230480978,230480978,1024,$KSSD_RELEASE_HOST/KSSD-Array-formal-results/final-validation-20260731-162115/02_figure2_final/logs/run_GRCh38.p14_chr1_k16_w20_repeat2.log
final_release_formal,GRCh38.p14_chr1,$KSSD_RELEASE_HOST/seq/human/GCF_000001405.40_GRCh38.p14_genomic.fna,3339739109,df6e4918316e05a9cc1fd29c352841d3678b607d7a436819cd43371b52c814c0,16,20,2,42,MurmurHash3,2.596690236,88759519.640,88.759519640,230481012,18475410,230480997,230480978,230480978,1024,$KSSD_RELEASE_HOST/KSSD-Array-formal-results/final-validation-20260731-162115/02_figure2_final/logs/run_GRCh38.p14_chr1_k16_w20_repeat2.log
final_release_formal,GRCh38.p14_chr1,$KSSD_RELEASE_HOST/seq/human/GCF_000001405.40_GRCh38.p14_genomic.fna,3339739109,df6e4918316e05a9cc1fd29c352841d3678b607d7a436819cd43371b52c814c0,16,20,2,42,wyhash,2.169940083,106215365.026,106.215365026,230481012,18475410,230480997,230480978,230480978,1024,$KSSD_RELEASE_HOST/KSSD-Array-formal-results/final-validation-20260731-162115/02_figure2_final/logs/run_GRCh38.p14_chr1_k16_w20_repeat2.log
final_release_formal,GRCh38.p14_chr1,$KSSD_RELEASE_HOST/seq/human/GCF_000001405.40_GRCh38.p14_genomic.fna,3339739109,df6e4918316e05a9cc1fd29c352841d3678b607d7a436819cd43371b52c814c0,16,20,3,42,KSSD-Array,1.403385110,164232167.178,164.232167178,230481012,18475410,230480997,230480978,230480978,1024,$KSSD_RELEASE_HOST/KSSD-Array-formal-results/final-validation-20260731-162115/02_figure2_final/logs/run_GRCh38.p14_chr1_k16_w20_repeat3.log
final_release_formal,GRCh38.p14_chr1,$KSSD_RELEASE_HOST/seq/human/GCF_000001405.40_GRCh38.p14_genomic.fna,3339739109,df6e4918316e05a9cc1fd29c352841d3678b607d7a436819cd43371b52c814c0,16,20,3,42,XXH3,3.582165283,64341246.088,64.341246088,230481012,18475410,230480997,230480978,230480978,1024,$KSSD_RELEASE_HOST/KSSD-Array-formal-results/final-validation-20260731-162115/02_figure2_final/logs/run_GRCh38.p14_chr1_k16_w20_repeat3.log
final_release_formal,GRCh38.p14_chr1,$KSSD_RELEASE_HOST/seq/human/GCF_000001405.40_GRCh38.p14_genomic.fna,3339739109,df6e4918316e05a9cc1fd29c352841d3678b607d7a436819cd43371b52c814c0,16,20,3,42,XXH64,4.239478353,54365409.800,54.365409800,230481012,18475410,230480997,230480978,230480978,1024,$KSSD_RELEASE_HOST/KSSD-Array-formal-results/final-validation-20260731-162115/02_figure2_final/logs/run_GRCh38.p14_chr1_k16_w20_repeat3.log
final_release_formal,GRCh38.p14_chr1,$KSSD_RELEASE_HOST/seq/human/GCF_000001405.40_GRCh38.p14_genomic.fna,3339739109,df6e4918316e05a9cc1fd29c352841d3678b607d7a436819cd43371b52c814c0,16,20,3,42,MurmurHash3,2.595731415,88792305.964,88.792305964,230481012,18475410,230480997,230480978,230480978,1024,$KSSD_RELEASE_HOST/KSSD-Array-formal-results/final-validation-20260731-162115/02_figure2_final/logs/run_GRCh38.p14_chr1_k16_w20_repeat3.log
final_release_formal,GRCh38.p14_chr1,$KSSD_RELEASE_HOST/seq/human/GCF_000001405.40_GRCh38.p14_genomic.fna,3339739109,df6e4918316e05a9cc1fd29c352841d3678b607d7a436819cd43371b52c814c0,16,20,3,42,wyhash,2.170527745,106186607.626,106.186607626,230481012,18475410,230480997,230480978,230480978,1024,$KSSD_RELEASE_HOST/KSSD-Array-formal-results/final-validation-20260731-162115/02_figure2_final/logs/run_GRCh38.p14_chr1_k16_w20_repeat3.log
final_release_formal,GRCh38.p14_chr1,$KSSD_RELEASE_HOST/seq/human/GCF_000001405.40_GRCh38.p14_genomic.fna,3339739109,df6e4918316e05a9cc1fd29c352841d3678b607d7a436819cd43371b52c814c0,16,20,4,42,KSSD-Array,1.402485804,164337476.602,164.337476602,230481012,18475410,230480997,230480978,230480978,1024,$KSSD_RELEASE_HOST/KSSD-Array-formal-results/final-validation-20260731-162115/02_figure2_final/logs/run_GRCh38.p14_chr1_k16_w20_repeat4.log
final_release_formal,GRCh38.p14_chr1,$KSSD_RELEASE_HOST/seq/human/GCF_000001405.40_GRCh38.p14_genomic.fna,3339739109,df6e4918316e05a9cc1fd29c352841d3678b607d7a436819cd43371b52c814c0,16,20,4,42,XXH3,3.584869513,64292710.561,64.292710561,230481012,18475410,230480997,230480978,230480978,1024,$KSSD_RELEASE_HOST/KSSD-Array-formal-results/final-validation-20260731-162115/02_figure2_final/logs/run_GRCh38.p14_chr1_k16_w20_repeat4.log
final_release_formal,GRCh38.p14_chr1,$KSSD_RELEASE_HOST/seq/human/GCF_000001405.40_GRCh38.p14_genomic.fna,3339739109,df6e4918316e05a9cc1fd29c352841d3678b607d7a436819cd43371b52c814c0,16,20,4,42,XXH64,4.245207697,54292038.093,54.292038093,230481012,18475410,230480997,230480978,230480978,1024,$KSSD_RELEASE_HOST/KSSD-Array-formal-results/final-validation-20260731-162115/02_figure2_final/logs/run_GRCh38.p14_chr1_k16_w20_repeat4.log
final_release_formal,GRCh38.p14_chr1,$KSSD_RELEASE_HOST/seq/human/GCF_000001405.40_GRCh38.p14_genomic.fna,3339739109,df6e4918316e05a9cc1fd29c352841d3678b607d7a436819cd43371b52c814c0,16,20,4,42,MurmurHash3,2.609119650,88336683.985,88.336683985,230481012,18475410,230480997,230480978,230480978,1024,$KSSD_RELEASE_HOST/KSSD-Array-formal-results/final-validation-20260731-162115/02_figure2_final/logs/run_GRCh38.p14_chr1_k16_w20_repeat4.log
final_release_formal,GRCh38.p14_chr1,$KSSD_RELEASE_HOST/seq/human/GCF_000001405.40_GRCh38.p14_genomic.fna,3339739109,df6e4918316e05a9cc1fd29c352841d3678b607d7a436819cd43371b52c814c0,16,20,4,42,wyhash,2.168027091,106309085.784,106.309085784,230481012,18475410,230480997,230480978,230480978,1024,$KSSD_RELEASE_HOST/KSSD-Array-formal-results/final-validation-20260731-162115/02_figure2_final/logs/run_GRCh38.p14_chr1_k16_w20_repeat4.log
final_release_formal,GRCh38.p14_chr1,$KSSD_RELEASE_HOST/seq/human/GCF_000001405.40_GRCh38.p14_genomic.fna,3339739109,df6e4918316e05a9cc1fd29c352841d3678b607d7a436819cd43371b52c814c0,16,20,5,42,KSSD-Array,1.401729102,164426191.674,164.426191674,230481012,18475410,230480997,230480978,230480978,1024,$KSSD_RELEASE_HOST/KSSD-Array-formal-results/final-validation-20260731-162115/02_figure2_final/logs/run_GRCh38.p14_chr1_k16_w20_repeat5.log
final_release_formal,GRCh38.p14_chr1,$KSSD_RELEASE_HOST/seq/human/GCF_000001405.40_GRCh38.p14_genomic.fna,3339739109,df6e4918316e05a9cc1fd29c352841d3678b607d7a436819cd43371b52c814c0,16,20,5,42,XXH3,3.584836032,64293311.031,64.293311031,230481012,18475410,230480997,230480978,230480978,1024,$KSSD_RELEASE_HOST/KSSD-Array-formal-results/final-validation-20260731-162115/02_figure2_final/logs/run_GRCh38.p14_chr1_k16_w20_repeat5.log
final_release_formal,GRCh38.p14_chr1,$KSSD_RELEASE_HOST/seq/human/GCF_000001405.40_GRCh38.p14_genomic.fna,3339739109,df6e4918316e05a9cc1fd29c352841d3678b607d7a436819cd43371b52c814c0,16,20,5,42,XXH64,4.239702162,54362539.913,54.362539913,230481012,18475410,230480997,230480978,230480978,1024,$KSSD_RELEASE_HOST/KSSD-Array-formal-results/final-validation-20260731-162115/02_figure2_final/logs/run_GRCh38.p14_chr1_k16_w20_repeat5.log
final_release_formal,GRCh38.p14_chr1,$KSSD_RELEASE_HOST/seq/human/GCF_000001405.40_GRCh38.p14_genomic.fna,3339739109,df6e4918316e05a9cc1fd29c352841d3678b607d7a436819cd43371b52c814c0,16,20,5,42,MurmurHash3,2.601032420,88611343.799,88.611343799,230481012,18475410,230480997,230480978,230480978,1024,$KSSD_RELEASE_HOST/KSSD-Array-formal-results/final-validation-20260731-162115/02_figure2_final/logs/run_GRCh38.p14_chr1_k16_w20_repeat5.log
final_release_formal,GRCh38.p14_chr1,$KSSD_RELEASE_HOST/seq/human/GCF_000001405.40_GRCh38.p14_genomic.fna,3339739109,df6e4918316e05a9cc1fd29c352841d3678b607d7a436819cd43371b52c814c0,16,20,5,42,wyhash,2.168701297,106276036.409,106.276036409,230481012,18475410,230480997,230480978,230480978,1024,$KSSD_RELEASE_HOST/KSSD-Array-formal-results/final-validation-20260731-162115/02_figure2_final/logs/run_GRCh38.p14_chr1_k16_w20_repeat5.log
final_release_formal,Synthetic_300_Mb,$KSSD_RELEASE_HOST/AEEE.fasta,300000057,a7eca29bdfa06ff373048fffa7a90139afc98acfa938a8ec0a98459608045962,16,50,1,42,KSSD-Array,1.359240672,220711417.911,220.711417911,300000000,0,299999985,299999936,299999936,1024,$KSSD_RELEASE_HOST/KSSD-Array-formal-results/final-validation-20260731-162115/02_figure2_final/logs/run_Synthetic_300_Mb_k16_w50_repeat1.log
final_release_formal,Synthetic_300_Mb,$KSSD_RELEASE_HOST/AEEE.fasta,300000057,a7eca29bdfa06ff373048fffa7a90139afc98acfa938a8ec0a98459608045962,16,50,1,42,XXH3,4.097404628,73217063.785,73.217063785,300000000,0,299999985,299999936,299999936,1024,$KSSD_RELEASE_HOST/KSSD-Array-formal-results/final-validation-20260731-162115/02_figure2_final/logs/run_Synthetic_300_Mb_k16_w50_repeat1.log
final_release_formal,Synthetic_300_Mb,$KSSD_RELEASE_HOST/AEEE.fasta,300000057,a7eca29bdfa06ff373048fffa7a90139afc98acfa938a8ec0a98459608045962,16,50,1,42,XXH64,4.949810084,60608373.030,60.608373030,300000000,0,299999985,299999936,299999936,1024,$KSSD_RELEASE_HOST/KSSD-Array-formal-results/final-validation-20260731-162115/02_figure2_final/logs/run_Synthetic_300_Mb_k16_w50_repeat1.log
final_release_formal,Synthetic_300_Mb,$KSSD_RELEASE_HOST/AEEE.fasta,300000057,a7eca29bdfa06ff373048fffa7a90139afc98acfa938a8ec0a98459608045962,16,50,1,42,MurmurHash3,2.947378635,101785339.840,101.785339840,300000000,0,299999985,299999936,299999936,1024,$KSSD_RELEASE_HOST/KSSD-Array-formal-results/final-validation-20260731-162115/02_figure2_final/logs/run_Synthetic_300_Mb_k16_w50_repeat1.log
final_release_formal,Synthetic_300_Mb,$KSSD_RELEASE_HOST/AEEE.fasta,300000057,a7eca29bdfa06ff373048fffa7a90139afc98acfa938a8ec0a98459608045962,16,50,1,42,wyhash,2.282722359,131421999.183,131.421999183,300000000,0,299999985,299999936,299999936,1024,$KSSD_RELEASE_HOST/KSSD-Array-formal-results/final-validation-20260731-162115/02_figure2_final/logs/run_Synthetic_300_Mb_k16_w50_repeat1.log
final_release_formal,Synthetic_300_Mb,$KSSD_RELEASE_HOST/AEEE.fasta,300000057,a7eca29bdfa06ff373048fffa7a90139afc98acfa938a8ec0a98459608045962,16,50,2,42,KSSD-Array,1.359393076,220686673.558,220.686673558,300000000,0,299999985,299999936,299999936,1024,$KSSD_RELEASE_HOST/KSSD-Array-formal-results/final-validation-20260731-162115/02_figure2_final/logs/run_Synthetic_300_Mb_k16_w50_repeat2.log
final_release_formal,Synthetic_300_Mb,$KSSD_RELEASE_HOST/AEEE.fasta,300000057,a7eca29bdfa06ff373048fffa7a90139afc98acfa938a8ec0a98459608045962,16,50,2,42,XXH3,4.096730452,73229112.707,73.229112707,300000000,0,299999985,299999936,299999936,1024,$KSSD_RELEASE_HOST/KSSD-Array-formal-results/final-validation-20260731-162115/02_figure2_final/logs/run_Synthetic_300_Mb_k16_w50_repeat2.log
final_release_formal,Synthetic_300_Mb,$KSSD_RELEASE_HOST/AEEE.fasta,300000057,a7eca29bdfa06ff373048fffa7a90139afc98acfa938a8ec0a98459608045962,16,50,2,42,XXH64,4.950512383,60599774.890,60.599774890,300000000,0,299999985,299999936,299999936,1024,$KSSD_RELEASE_HOST/KSSD-Array-formal-results/final-validation-20260731-162115/02_figure2_final/logs/run_Synthetic_300_Mb_k16_w50_repeat2.log
final_release_formal,Synthetic_300_Mb,$KSSD_RELEASE_HOST/AEEE.fasta,300000057,a7eca29bdfa06ff373048fffa7a90139afc98acfa938a8ec0a98459608045962,16,50,2,42,MurmurHash3,2.950391779,101681389.616,101.681389616,300000000,0,299999985,299999936,299999936,1024,$KSSD_RELEASE_HOST/KSSD-Array-formal-results/final-validation-20260731-162115/02_figure2_final/logs/run_Synthetic_300_Mb_k16_w50_repeat2.log
final_release_formal,Synthetic_300_Mb,$KSSD_RELEASE_HOST/AEEE.fasta,300000057,a7eca29bdfa06ff373048fffa7a90139afc98acfa938a8ec0a98459608045962,16,50,2,42,wyhash,2.282033903,131461647.264,131.461647264,300000000,0,299999985,299999936,299999936,1024,$KSSD_RELEASE_HOST/KSSD-Array-formal-results/final-validation-20260731-162115/02_figure2_final/logs/run_Synthetic_300_Mb_k16_w50_repeat2.log
final_release_formal,Synthetic_300_Mb,$KSSD_RELEASE_HOST/AEEE.fasta,300000057,a7eca29bdfa06ff373048fffa7a90139afc98acfa938a8ec0a98459608045962,16,50,3,42,KSSD-Array,1.358915420,220764244.474,220.764244474,300000000,0,299999985,299999936,299999936,1024,$KSSD_RELEASE_HOST/KSSD-Array-formal-results/final-validation-20260731-162115/02_figure2_final/logs/run_Synthetic_300_Mb_k16_w50_repeat3.log
final_release_formal,Synthetic_300_Mb,$KSSD_RELEASE_HOST/AEEE.fasta,300000057,a7eca29bdfa06ff373048fffa7a90139afc98acfa938a8ec0a98459608045962,16,50,3,42,XXH3,4.097636856,73212914.307,73.212914307,300000000,0,299999985,299999936,299999936,1024,$KSSD_RELEASE_HOST/KSSD-Array-formal-results/final-validation-20260731-162115/02_figure2_final/logs/run_Synthetic_300_Mb_k16_w50_repeat3.log
final_release_formal,Synthetic_300_Mb,$KSSD_RELEASE_HOST/AEEE.fasta,300000057,a7eca29bdfa06ff373048fffa7a90139afc98acfa938a8ec0a98459608045962,16,50,3,42,XXH64,4.952187590,60579275.431,60.579275431,300000000,0,299999985,299999936,299999936,1024,$KSSD_RELEASE_HOST/KSSD-Array-formal-results/final-validation-20260731-162115/02_figure2_final/logs/run_Synthetic_300_Mb_k16_w50_repeat3.log
final_release_formal,Synthetic_300_Mb,$KSSD_RELEASE_HOST/AEEE.fasta,300000057,a7eca29bdfa06ff373048fffa7a90139afc98acfa938a8ec0a98459608045962,16,50,3,42,MurmurHash3,2.948500037,101746627.857,101.746627857,300000000,0,299999985,299999936,299999936,1024,$KSSD_RELEASE_HOST/KSSD-Array-formal-results/final-validation-20260731-162115/02_figure2_final/logs/run_Synthetic_300_Mb_k16_w50_repeat3.log
final_release_formal,Synthetic_300_Mb,$KSSD_RELEASE_HOST/AEEE.fasta,300000057,a7eca29bdfa06ff373048fffa7a90139afc98acfa938a8ec0a98459608045962,16,50,3,42,wyhash,2.282000945,131463545.910,131.463545910,300000000,0,299999985,299999936,299999936,1024,$KSSD_RELEASE_HOST/KSSD-Array-formal-results/final-validation-20260731-162115/02_figure2_final/logs/run_Synthetic_300_Mb_k16_w50_repeat3.log
final_release_formal,Synthetic_300_Mb,$KSSD_RELEASE_HOST/AEEE.fasta,300000057,a7eca29bdfa06ff373048fffa7a90139afc98acfa938a8ec0a98459608045962,16,50,4,42,KSSD-Array,1.359128354,220729657.443,220.729657443,300000000,0,299999985,299999936,299999936,1024,$KSSD_RELEASE_HOST/KSSD-Array-formal-results/final-validation-20260731-162115/02_figure2_final/logs/run_Synthetic_300_Mb_k16_w50_repeat4.log
final_release_formal,Synthetic_300_Mb,$KSSD_RELEASE_HOST/AEEE.fasta,300000057,a7eca29bdfa06ff373048fffa7a90139afc98acfa938a8ec0a98459608045962,16,50,4,42,XXH3,4.097900479,73208204.430,73.208204430,300000000,0,299999985,299999936,299999936,1024,$KSSD_RELEASE_HOST/KSSD-Array-formal-results/final-validation-20260731-162115/02_figure2_final/logs/run_Synthetic_300_Mb_k16_w50_repeat4.log
final_release_formal,Synthetic_300_Mb,$KSSD_RELEASE_HOST/AEEE.fasta,300000057,a7eca29bdfa06ff373048fffa7a90139afc98acfa938a8ec0a98459608045962,16,50,4,42,XXH64,4.951601500,60586445.820,60.586445820,300000000,0,299999985,299999936,299999936,1024,$KSSD_RELEASE_HOST/KSSD-Array-formal-results/final-validation-20260731-162115/02_figure2_final/logs/run_Synthetic_300_Mb_k16_w50_repeat4.log
final_release_formal,Synthetic_300_Mb,$KSSD_RELEASE_HOST/AEEE.fasta,300000057,a7eca29bdfa06ff373048fffa7a90139afc98acfa938a8ec0a98459608045962,16,50,4,42,MurmurHash3,2.952677779,101602666.615,101.602666615,300000000,0,299999985,299999936,299999936,1024,$KSSD_RELEASE_HOST/KSSD-Array-formal-results/final-validation-20260731-162115/02_figure2_final/logs/run_Synthetic_300_Mb_k16_w50_repeat4.log
final_release_formal,Synthetic_300_Mb,$KSSD_RELEASE_HOST/AEEE.fasta,300000057,a7eca29bdfa06ff373048fffa7a90139afc98acfa938a8ec0a98459608045962,16,50,4,42,wyhash,2.281925422,131467896.850,131.467896850,300000000,0,299999985,299999936,299999936,1024,$KSSD_RELEASE_HOST/KSSD-Array-formal-results/final-validation-20260731-162115/02_figure2_final/logs/run_Synthetic_300_Mb_k16_w50_repeat4.log
final_release_formal,Synthetic_300_Mb,$KSSD_RELEASE_HOST/AEEE.fasta,300000057,a7eca29bdfa06ff373048fffa7a90139afc98acfa938a8ec0a98459608045962,16,50,5,42,KSSD-Array,1.359147769,220726504.389,220.726504389,300000000,0,299999985,299999936,299999936,1024,$KSSD_RELEASE_HOST/KSSD-Array-formal-results/final-validation-20260731-162115/02_figure2_final/logs/run_Synthetic_300_Mb_k16_w50_repeat5.log
final_release_formal,Synthetic_300_Mb,$KSSD_RELEASE_HOST/AEEE.fasta,300000057,a7eca29bdfa06ff373048fffa7a90139afc98acfa938a8ec0a98459608045962,16,50,5,42,XXH3,4.097427847,73216648.884,73.216648884,300000000,0,299999985,299999936,299999936,1024,$KSSD_RELEASE_HOST/KSSD-Array-formal-results/final-validation-20260731-162115/02_figure2_final/logs/run_Synthetic_300_Mb_k16_w50_repeat5.log
final_release_formal,Synthetic_300_Mb,$KSSD_RELEASE_HOST/AEEE.fasta,300000057,a7eca29bdfa06ff373048fffa7a90139afc98acfa938a8ec0a98459608045962,16,50,5,42,XXH64,4.949730299,60609349.980,60.609349980,300000000,0,299999985,299999936,299999936,1024,$KSSD_RELEASE_HOST/KSSD-Array-formal-results/final-validation-20260731-162115/02_figure2_final/logs/run_Synthetic_300_Mb_k16_w50_repeat5.log
final_release_formal,Synthetic_300_Mb,$KSSD_RELEASE_HOST/AEEE.fasta,300000057,a7eca29bdfa06ff373048fffa7a90139afc98acfa938a8ec0a98459608045962,16,50,5,42,MurmurHash3,2.948285225,101754041.114,101.754041114,300000000,0,299999985,299999936,299999936,1024,$KSSD_RELEASE_HOST/KSSD-Array-formal-results/final-validation-20260731-162115/02_figure2_final/logs/run_Synthetic_300_Mb_k16_w50_repeat5.log
final_release_formal,Synthetic_300_Mb,$KSSD_RELEASE_HOST/AEEE.fasta,300000057,a7eca29bdfa06ff373048fffa7a90139afc98acfa938a8ec0a98459608045962,16,50,5,42,wyhash,2.282183084,131453053.922,131.453053922,300000000,0,299999985,299999936,299999936,1024,$KSSD_RELEASE_HOST/KSSD-Array-formal-results/final-validation-20260731-162115/02_figure2_final/logs/run_Synthetic_300_Mb_k16_w50_repeat5.log
final_release_formal,GRCh38.p14_chr1,$KSSD_RELEASE_HOST/seq/human/GCF_000001405.40_GRCh38.p14_genomic.fna,3339739109,df6e4918316e05a9cc1fd29c352841d3678b607d7a436819cd43371b52c814c0,16,50,1,42,KSSD-Array,1.044961687,220564017.674,220.564017674,230481012,18475410,230480997,230480948,230480948,1024,$KSSD_RELEASE_HOST/KSSD-Array-formal-results/final-validation-20260731-162115/02_figure2_final/logs/run_GRCh38.p14_chr1_k16_w50_repeat1.log
final_release_formal,GRCh38.p14_chr1,$KSSD_RELEASE_HOST/seq/human/GCF_000001405.40_GRCh38.p14_genomic.fna,3339739109,df6e4918316e05a9cc1fd29c352841d3678b607d7a436819cd43371b52c814c0,16,50,1,42,XXH3,3.151245477,73139636.275,73.139636275,230481012,18475410,230480997,230480948,230480948,1024,$KSSD_RELEASE_HOST/KSSD-Array-formal-results/final-validation-20260731-162115/02_figure2_final/logs/run_GRCh38.p14_chr1_k16_w50_repeat1.log
final_release_formal,GRCh38.p14_chr1,$KSSD_RELEASE_HOST/seq/human/GCF_000001405.40_GRCh38.p14_genomic.fna,3339739109,df6e4918316e05a9cc1fd29c352841d3678b607d7a436819cd43371b52c814c0,16,50,1,42,XXH64,3.809509186,60501481.096,60.501481096,230481012,18475410,230480997,230480948,230480948,1024,$KSSD_RELEASE_HOST/KSSD-Array-formal-results/final-validation-20260731-162115/02_figure2_final/logs/run_GRCh38.p14_chr1_k16_w50_repeat1.log
final_release_formal,GRCh38.p14_chr1,$KSSD_RELEASE_HOST/seq/human/GCF_000001405.40_GRCh38.p14_genomic.fna,3339739109,df6e4918316e05a9cc1fd29c352841d3678b607d7a436819cd43371b52c814c0,16,50,1,42,MurmurHash3,2.272503873,101421586.444,101.421586444,230481012,18475410,230480997,230480948,230480948,1024,$KSSD_RELEASE_HOST/KSSD-Array-formal-results/final-validation-20260731-162115/02_figure2_final/logs/run_GRCh38.p14_chr1_k16_w50_repeat1.log
final_release_formal,GRCh38.p14_chr1,$KSSD_RELEASE_HOST/seq/human/GCF_000001405.40_GRCh38.p14_genomic.fna,3339739109,df6e4918316e05a9cc1fd29c352841d3678b607d7a436819cd43371b52c814c0,16,50,1,42,wyhash,1.754266284,131383103.068,131.383103068,230481012,18475410,230480997,230480948,230480948,1024,$KSSD_RELEASE_HOST/KSSD-Array-formal-results/final-validation-20260731-162115/02_figure2_final/logs/run_GRCh38.p14_chr1_k16_w50_repeat1.log
final_release_formal,GRCh38.p14_chr1,$KSSD_RELEASE_HOST/seq/human/GCF_000001405.40_GRCh38.p14_genomic.fna,3339739109,df6e4918316e05a9cc1fd29c352841d3678b607d7a436819cd43371b52c814c0,16,50,2,42,KSSD-Array,1.045248348,220503527.646,220.503527646,230481012,18475410,230480997,230480948,230480948,1024,$KSSD_RELEASE_HOST/KSSD-Array-formal-results/final-validation-20260731-162115/02_figure2_final/logs/run_GRCh38.p14_chr1_k16_w50_repeat2.log
final_release_formal,GRCh38.p14_chr1,$KSSD_RELEASE_HOST/seq/human/GCF_000001405.40_GRCh38.p14_genomic.fna,3339739109,df6e4918316e05a9cc1fd29c352841d3678b607d7a436819cd43371b52c814c0,16,50,2,42,XXH3,3.150900148,73147652.155,73.147652155,230481012,18475410,230480997,230480948,230480948,1024,$KSSD_RELEASE_HOST/KSSD-Array-formal-results/final-validation-20260731-162115/02_figure2_final/logs/run_GRCh38.p14_chr1_k16_w50_repeat2.log
final_release_formal,GRCh38.p14_chr1,$KSSD_RELEASE_HOST/seq/human/GCF_000001405.40_GRCh38.p14_genomic.fna,3339739109,df6e4918316e05a9cc1fd29c352841d3678b607d7a436819cd43371b52c814c0,16,50,2,42,XXH64,3.809002684,60509526.278,60.509526278,230481012,18475410,230480997,230480948,230480948,1024,$KSSD_RELEASE_HOST/KSSD-Array-formal-results/final-validation-20260731-162115/02_figure2_final/logs/run_GRCh38.p14_chr1_k16_w50_repeat2.log
final_release_formal,GRCh38.p14_chr1,$KSSD_RELEASE_HOST/seq/human/GCF_000001405.40_GRCh38.p14_genomic.fna,3339739109,df6e4918316e05a9cc1fd29c352841d3678b607d7a436819cd43371b52c814c0,16,50,2,42,MurmurHash3,2.267664173,101638042.680,101.638042680,230481012,18475410,230480997,230480948,230480948,1024,$KSSD_RELEASE_HOST/KSSD-Array-formal-results/final-validation-20260731-162115/02_figure2_final/logs/run_GRCh38.p14_chr1_k16_w50_repeat2.log
final_release_formal,GRCh38.p14_chr1,$KSSD_RELEASE_HOST/seq/human/GCF_000001405.40_GRCh38.p14_genomic.fna,3339739109,df6e4918316e05a9cc1fd29c352841d3678b607d7a436819cd43371b52c814c0,16,50,2,42,wyhash,1.755278439,131307342.971,131.307342971,230481012,18475410,230480997,230480948,230480948,1024,$KSSD_RELEASE_HOST/KSSD-Array-formal-results/final-validation-20260731-162115/02_figure2_final/logs/run_GRCh38.p14_chr1_k16_w50_repeat2.log
final_release_formal,GRCh38.p14_chr1,$KSSD_RELEASE_HOST/seq/human/GCF_000001405.40_GRCh38.p14_genomic.fna,3339739109,df6e4918316e05a9cc1fd29c352841d3678b607d7a436819cd43371b52c814c0,16,50,3,42,KSSD-Array,1.045036786,220548167.383,220.548167383,230481012,18475410,230480997,230480948,230480948,1024,$KSSD_RELEASE_HOST/KSSD-Array-formal-results/final-validation-20260731-162115/02_figure2_final/logs/run_GRCh38.p14_chr1_k16_w50_repeat3.log
final_release_formal,GRCh38.p14_chr1,$KSSD_RELEASE_HOST/seq/human/GCF_000001405.40_GRCh38.p14_genomic.fna,3339739109,df6e4918316e05a9cc1fd29c352841d3678b607d7a436819cd43371b52c814c0,16,50,3,42,XXH3,3.149757274,73174193.422,73.174193422,230481012,18475410,230480997,230480948,230480948,1024,$KSSD_RELEASE_HOST/KSSD-Array-formal-results/final-validation-20260731-162115/02_figure2_final/logs/run_GRCh38.p14_chr1_k16_w50_repeat3.log
final_release_formal,GRCh38.p14_chr1,$KSSD_RELEASE_HOST/seq/human/GCF_000001405.40_GRCh38.p14_genomic.fna,3339739109,df6e4918316e05a9cc1fd29c352841d3678b607d7a436819cd43371b52c814c0,16,50,3,42,XXH64,3.809384369,60503463.467,60.503463467,230481012,18475410,230480997,230480948,230480948,1024,$KSSD_RELEASE_HOST/KSSD-Array-formal-results/final-validation-20260731-162115/02_figure2_final/logs/run_GRCh38.p14_chr1_k16_w50_repeat3.log
final_release_formal,GRCh38.p14_chr1,$KSSD_RELEASE_HOST/seq/human/GCF_000001405.40_GRCh38.p14_genomic.fna,3339739109,df6e4918316e05a9cc1fd29c352841d3678b607d7a436819cd43371b52c814c0,16,50,3,42,MurmurHash3,2.267271295,101655654.755,101.655654755,230481012,18475410,230480997,230480948,230480948,1024,$KSSD_RELEASE_HOST/KSSD-Array-formal-results/final-validation-20260731-162115/02_figure2_final/logs/run_GRCh38.p14_chr1_k16_w50_repeat3.log
final_release_formal,GRCh38.p14_chr1,$KSSD_RELEASE_HOST/seq/human/GCF_000001405.40_GRCh38.p14_genomic.fna,3339739109,df6e4918316e05a9cc1fd29c352841d3678b607d7a436819cd43371b52c814c0,16,50,3,42,wyhash,1.754378306,131374713.887,131.374713887,230481012,18475410,230480997,230480948,230480948,1024,$KSSD_RELEASE_HOST/KSSD-Array-formal-results/final-validation-20260731-162115/02_figure2_final/logs/run_GRCh38.p14_chr1_k16_w50_repeat3.log
final_release_formal,GRCh38.p14_chr1,$KSSD_RELEASE_HOST/seq/human/GCF_000001405.40_GRCh38.p14_genomic.fna,3339739109,df6e4918316e05a9cc1fd29c352841d3678b607d7a436819cd43371b52c814c0,16,50,4,42,KSSD-Array,1.045530471,220444027.594,220.444027594,230481012,18475410,230480997,230480948,230480948,1024,$KSSD_RELEASE_HOST/KSSD-Array-formal-results/final-validation-20260731-162115/02_figure2_final/logs/run_GRCh38.p14_chr1_k16_w50_repeat4.log
final_release_formal,GRCh38.p14_chr1,$KSSD_RELEASE_HOST/seq/human/GCF_000001405.40_GRCh38.p14_genomic.fna,3339739109,df6e4918316e05a9cc1fd29c352841d3678b607d7a436819cd43371b52c814c0,16,50,4,42,XXH3,3.151161217,73141591.981,73.141591981,230481012,18475410,230480997,230480948,230480948,1024,$KSSD_RELEASE_HOST/KSSD-Array-formal-results/final-validation-20260731-162115/02_figure2_final/logs/run_GRCh38.p14_chr1_k16_w50_repeat4.log
final_release_formal,GRCh38.p14_chr1,$KSSD_RELEASE_HOST/seq/human/GCF_000001405.40_GRCh38.p14_genomic.fna,3339739109,df6e4918316e05a9cc1fd29c352841d3678b607d7a436819cd43371b52c814c0,16,50,4,42,XXH64,3.809421005,60502881.592,60.502881592,230481012,18475410,230480997,230480948,230480948,1024,$KSSD_RELEASE_HOST/KSSD-Array-formal-results/final-validation-20260731-162115/02_figure2_final/logs/run_GRCh38.p14_chr1_k16_w50_repeat4.log
final_release_formal,GRCh38.p14_chr1,$KSSD_RELEASE_HOST/seq/human/GCF_000001405.40_GRCh38.p14_genomic.fna,3339739109,df6e4918316e05a9cc1fd29c352841d3678b607d7a436819cd43371b52c814c0,16,50,4,42,MurmurHash3,2.272434558,101424680.059,101.424680059,230481012,18475410,230480997,230480948,230480948,1024,$KSSD_RELEASE_HOST/KSSD-Array-formal-results/final-validation-20260731-162115/02_figure2_final/logs/run_GRCh38.p14_chr1_k16_w50_repeat4.log
final_release_formal,GRCh38.p14_chr1,$KSSD_RELEASE_HOST/seq/human/GCF_000001405.40_GRCh38.p14_genomic.fna,3339739109,df6e4918316e05a9cc1fd29c352841d3678b607d7a436819cd43371b52c814c0,16,50,4,42,wyhash,1.753987047,131404019.428,131.404019428,230481012,18475410,230480997,230480948,230480948,1024,$KSSD_RELEASE_HOST/KSSD-Array-formal-results/final-validation-20260731-162115/02_figure2_final/logs/run_GRCh38.p14_chr1_k16_w50_repeat4.log
final_release_formal,GRCh38.p14_chr1,$KSSD_RELEASE_HOST/seq/human/GCF_000001405.40_GRCh38.p14_genomic.fna,3339739109,df6e4918316e05a9cc1fd29c352841d3678b607d7a436819cd43371b52c814c0,16,50,5,42,KSSD-Array,1.045104846,220533804.701,220.533804701,230481012,18475410,230480997,230480948,230480948,1024,$KSSD_RELEASE_HOST/KSSD-Array-formal-results/final-validation-20260731-162115/02_figure2_final/logs/run_GRCh38.p14_chr1_k16_w50_repeat5.log
final_release_formal,GRCh38.p14_chr1,$KSSD_RELEASE_HOST/seq/human/GCF_000001405.40_GRCh38.p14_genomic.fna,3339739109,df6e4918316e05a9cc1fd29c352841d3678b607d7a436819cd43371b52c814c0,16,50,5,42,XXH3,3.150142795,73165238.213,73.165238213,230481012,18475410,230480997,230480948,230480948,1024,$KSSD_RELEASE_HOST/KSSD-Array-formal-results/final-validation-20260731-162115/02_figure2_final/logs/run_GRCh38.p14_chr1_k16_w50_repeat5.log
final_release_formal,GRCh38.p14_chr1,$KSSD_RELEASE_HOST/seq/human/GCF_000001405.40_GRCh38.p14_genomic.fna,3339739109,df6e4918316e05a9cc1fd29c352841d3678b607d7a436819cd43371b52c814c0,16,50,5,42,XXH64,3.809370284,60503687.176,60.503687176,230481012,18475410,230480997,230480948,230480948,1024,$KSSD_RELEASE_HOST/KSSD-Array-formal-results/final-validation-20260731-162115/02_figure2_final/logs/run_GRCh38.p14_chr1_k16_w50_repeat5.log
final_release_formal,GRCh38.p14_chr1,$KSSD_RELEASE_HOST/seq/human/GCF_000001405.40_GRCh38.p14_genomic.fna,3339739109,df6e4918316e05a9cc1fd29c352841d3678b607d7a436819cd43371b52c814c0,16,50,5,42,MurmurHash3,2.267505252,101645166.112,101.645166112,230481012,18475410,230480997,230480948,230480948,1024,$KSSD_RELEASE_HOST/KSSD-Array-formal-results/final-validation-20260731-162115/02_figure2_final/logs/run_GRCh38.p14_chr1_k16_w50_repeat5.log
final_release_formal,GRCh38.p14_chr1,$KSSD_RELEASE_HOST/seq/human/GCF_000001405.40_GRCh38.p14_genomic.fna,3339739109,df6e4918316e05a9cc1fd29c352841d3678b607d7a436819cd43371b52c814c0,16,50,5,42,wyhash,1.755337814,131302901.448,131.302901448,230481012,18475410,230480997,230480948,230480948,1024,$KSSD_RELEASE_HOST/KSSD-Array-formal-results/final-validation-20260731-162115/02_figure2_final/logs/run_GRCh38.p14_chr1_k16_w50_repeat5.log
final_release_formal,Synthetic_300_Mb,$KSSD_RELEASE_HOST/AEEE.fasta,300000057,a7eca29bdfa06ff373048fffa7a90139afc98acfa938a8ec0a98459608045962,19,10,1,42,KSSD-Array,2.351546213,127575622.942,127.575622942,300000000,0,299999982,299999973,299999973,1024,$KSSD_RELEASE_HOST/KSSD-Array-formal-results/final-validation-20260731-162115/02_figure2_final/logs/run_Synthetic_300_Mb_k19_w10_repeat1.log
final_release_formal,Synthetic_300_Mb,$KSSD_RELEASE_HOST/AEEE.fasta,300000057,a7eca29bdfa06ff373048fffa7a90139afc98acfa938a8ec0a98459608045962,19,10,1,42,XXH3,5.098230634,58843939.111,58.843939111,300000000,0,299999982,299999973,299999973,1024,$KSSD_RELEASE_HOST/KSSD-Array-formal-results/final-validation-20260731-162115/02_figure2_final/logs/run_Synthetic_300_Mb_k19_w10_repeat1.log
final_release_formal,Synthetic_300_Mb,$KSSD_RELEASE_HOST/AEEE.fasta,300000057,a7eca29bdfa06ff373048fffa7a90139afc98acfa938a8ec0a98459608045962,19,10,1,42,XXH64,5.933625409,50559304.358,50.559304358,300000000,0,299999982,299999973,299999973,1024,$KSSD_RELEASE_HOST/KSSD-Array-formal-results/final-validation-20260731-162115/02_figure2_final/logs/run_Synthetic_300_Mb_k19_w10_repeat1.log
final_release_formal,Synthetic_300_Mb,$KSSD_RELEASE_HOST/AEEE.fasta,300000057,a7eca29bdfa06ff373048fffa7a90139afc98acfa938a8ec0a98459608045962,19,10,1,42,MurmurHash3,3.657628284,82020355.735,82.020355735,300000000,0,299999982,299999973,299999973,1024,$KSSD_RELEASE_HOST/KSSD-Array-formal-results/final-validation-20260731-162115/02_figure2_final/logs/run_Synthetic_300_Mb_k19_w10_repeat1.log
final_release_formal,Synthetic_300_Mb,$KSSD_RELEASE_HOST/AEEE.fasta,300000057,a7eca29bdfa06ff373048fffa7a90139afc98acfa938a8ec0a98459608045962,19,10,1,42,wyhash,3.262011230,91967792.827,91.967792827,300000000,0,299999982,299999973,299999973,1024,$KSSD_RELEASE_HOST/KSSD-Array-formal-results/final-validation-20260731-162115/02_figure2_final/logs/run_Synthetic_300_Mb_k19_w10_repeat1.log
final_release_formal,Synthetic_300_Mb,$KSSD_RELEASE_HOST/AEEE.fasta,300000057,a7eca29bdfa06ff373048fffa7a90139afc98acfa938a8ec0a98459608045962,19,10,2,42,KSSD-Array,2.351245572,127591935.344,127.591935344,300000000,0,299999982,299999973,299999973,1024,$KSSD_RELEASE_HOST/KSSD-Array-formal-results/final-validation-20260731-162115/02_figure2_final/logs/run_Synthetic_300_Mb_k19_w10_repeat2.log
final_release_formal,Synthetic_300_Mb,$KSSD_RELEASE_HOST/AEEE.fasta,300000057,a7eca29bdfa06ff373048fffa7a90139afc98acfa938a8ec0a98459608045962,19,10,2,42,XXH3,5.081290446,59040115.142,59.040115142,300000000,0,299999982,299999973,299999973,1024,$KSSD_RELEASE_HOST/KSSD-Array-formal-results/final-validation-20260731-162115/02_figure2_final/logs/run_Synthetic_300_Mb_k19_w10_repeat2.log
final_release_formal,Synthetic_300_Mb,$KSSD_RELEASE_HOST/AEEE.fasta,300000057,a7eca29bdfa06ff373048fffa7a90139afc98acfa938a8ec0a98459608045962,19,10,2,42,XXH64,5.950759812,50413725.722,50.413725722,300000000,0,299999982,299999973,299999973,1024,$KSSD_RELEASE_HOST/KSSD-Array-formal-results/final-validation-20260731-162115/02_figure2_final/logs/run_Synthetic_300_Mb_k19_w10_repeat2.log
final_release_formal,Synthetic_300_Mb,$KSSD_RELEASE_HOST/AEEE.fasta,300000057,a7eca29bdfa06ff373048fffa7a90139afc98acfa938a8ec0a98459608045962,19,10,2,42,MurmurHash3,3.659120001,81986918.417,81.986918417,300000000,0,299999982,299999973,299999973,1024,$KSSD_RELEASE_HOST/KSSD-Array-formal-results/final-validation-20260731-162115/02_figure2_final/logs/run_Synthetic_300_Mb_k19_w10_repeat2.log
final_release_formal,Synthetic_300_Mb,$KSSD_RELEASE_HOST/AEEE.fasta,300000057,a7eca29bdfa06ff373048fffa7a90139afc98acfa938a8ec0a98459608045962,19,10,2,42,wyhash,3.263990438,91912025.693,91.912025693,300000000,0,299999982,299999973,299999973,1024,$KSSD_RELEASE_HOST/KSSD-Array-formal-results/final-validation-20260731-162115/02_figure2_final/logs/run_Synthetic_300_Mb_k19_w10_repeat2.log
final_release_formal,Synthetic_300_Mb,$KSSD_RELEASE_HOST/AEEE.fasta,300000057,a7eca29bdfa06ff373048fffa7a90139afc98acfa938a8ec0a98459608045962,19,10,3,42,KSSD-Array,2.351652632,127569849.780,127.569849780,300000000,0,299999982,299999973,299999973,1024,$KSSD_RELEASE_HOST/KSSD-Array-formal-results/final-validation-20260731-162115/02_figure2_final/logs/run_Synthetic_300_Mb_k19_w10_repeat3.log
final_release_formal,Synthetic_300_Mb,$KSSD_RELEASE_HOST/AEEE.fasta,300000057,a7eca29bdfa06ff373048fffa7a90139afc98acfa938a8ec0a98459608045962,19,10,3,42,XXH3,5.061052473,59276202.845,59.276202845,300000000,0,299999982,299999973,299999973,1024,$KSSD_RELEASE_HOST/KSSD-Array-formal-results/final-validation-20260731-162115/02_figure2_final/logs/run_Synthetic_300_Mb_k19_w10_repeat3.log
final_release_formal,Synthetic_300_Mb,$KSSD_RELEASE_HOST/AEEE.fasta,300000057,a7eca29bdfa06ff373048fffa7a90139afc98acfa938a8ec0a98459608045962,19,10,3,42,XXH64,5.947967008,50437396.945,50.437396945,300000000,0,299999982,299999973,299999973,1024,$KSSD_RELEASE_HOST/KSSD-Array-formal-results/final-validation-20260731-162115/02_figure2_final/logs/run_Synthetic_300_Mb_k19_w10_repeat3.log
final_release_formal,Synthetic_300_Mb,$KSSD_RELEASE_HOST/AEEE.fasta,300000057,a7eca29bdfa06ff373048fffa7a90139afc98acfa938a8ec0a98459608045962,19,10,3,42,MurmurHash3,3.659506563,81978257.952,81.978257952,300000000,0,299999982,299999973,299999973,1024,$KSSD_RELEASE_HOST/KSSD-Array-formal-results/final-validation-20260731-162115/02_figure2_final/logs/run_Synthetic_300_Mb_k19_w10_repeat3.log
final_release_formal,Synthetic_300_Mb,$KSSD_RELEASE_HOST/AEEE.fasta,300000057,a7eca29bdfa06ff373048fffa7a90139afc98acfa938a8ec0a98459608045962,19,10,3,42,wyhash,3.263466630,91926778.182,91.926778182,300000000,0,299999982,299999973,299999973,1024,$KSSD_RELEASE_HOST/KSSD-Array-formal-results/final-validation-20260731-162115/02_figure2_final/logs/run_Synthetic_300_Mb_k19_w10_repeat3.log
final_release_formal,Synthetic_300_Mb,$KSSD_RELEASE_HOST/AEEE.fasta,300000057,a7eca29bdfa06ff373048fffa7a90139afc98acfa938a8ec0a98459608045962,19,10,4,42,KSSD-Array,2.351176643,127595675.932,127.595675932,300000000,0,299999982,299999973,299999973,1024,$KSSD_RELEASE_HOST/KSSD-Array-formal-results/final-validation-20260731-162115/02_figure2_final/logs/run_Synthetic_300_Mb_k19_w10_repeat4.log
final_release_formal,Synthetic_300_Mb,$KSSD_RELEASE_HOST/AEEE.fasta,300000057,a7eca29bdfa06ff373048fffa7a90139afc98acfa938a8ec0a98459608045962,19,10,4,42,XXH3,5.055747769,59338397.940,59.338397940,300000000,0,299999982,299999973,299999973,1024,$KSSD_RELEASE_HOST/KSSD-Array-formal-results/final-validation-20260731-162115/02_figure2_final/logs/run_Synthetic_300_Mb_k19_w10_repeat4.log
final_release_formal,Synthetic_300_Mb,$KSSD_RELEASE_HOST/AEEE.fasta,300000057,a7eca29bdfa06ff373048fffa7a90139afc98acfa938a8ec0a98459608045962,19,10,4,42,XXH64,5.937209581,50528782.740,50.528782740,300000000,0,299999982,299999973,299999973,1024,$KSSD_RELEASE_HOST/KSSD-Array-formal-results/final-validation-20260731-162115/02_figure2_final/logs/run_Synthetic_300_Mb_k19_w10_repeat4.log
final_release_formal,Synthetic_300_Mb,$KSSD_RELEASE_HOST/AEEE.fasta,300000057,a7eca29bdfa06ff373048fffa7a90139afc98acfa938a8ec0a98459608045962,19,10,4,42,MurmurHash3,3.660772655,81949905.463,81.949905463,300000000,0,299999982,299999973,299999973,1024,$KSSD_RELEASE_HOST/KSSD-Array-formal-results/final-validation-20260731-162115/02_figure2_final/logs/run_Synthetic_300_Mb_k19_w10_repeat4.log
final_release_formal,Synthetic_300_Mb,$KSSD_RELEASE_HOST/AEEE.fasta,300000057,a7eca29bdfa06ff373048fffa7a90139afc98acfa938a8ec0a98459608045962,19,10,4,42,wyhash,3.264004144,91911639.742,91.911639742,300000000,0,299999982,299999973,299999973,1024,$KSSD_RELEASE_HOST/KSSD-Array-formal-results/final-validation-20260731-162115/02_figure2_final/logs/run_Synthetic_300_Mb_k19_w10_repeat4.log
final_release_formal,Synthetic_300_Mb,$KSSD_RELEASE_HOST/AEEE.fasta,300000057,a7eca29bdfa06ff373048fffa7a90139afc98acfa938a8ec0a98459608045962,19,10,5,42,KSSD-Array,2.352097429,127545725.488,127.545725488,300000000,0,299999982,299999973,299999973,1024,$KSSD_RELEASE_HOST/KSSD-Array-formal-results/final-validation-20260731-162115/02_figure2_final/logs/run_Synthetic_300_Mb_k19_w10_repeat5.log
final_release_formal,Synthetic_300_Mb,$KSSD_RELEASE_HOST/AEEE.fasta,300000057,a7eca29bdfa06ff373048fffa7a90139afc98acfa938a8ec0a98459608045962,19,10,5,42,XXH3,5.036724248,59562516.872,59.562516872,300000000,0,299999982,299999973,299999973,1024,$KSSD_RELEASE_HOST/KSSD-Array-formal-results/final-validation-20260731-162115/02_figure2_final/logs/run_Synthetic_300_Mb_k19_w10_repeat5.log
final_release_formal,Synthetic_300_Mb,$KSSD_RELEASE_HOST/AEEE.fasta,300000057,a7eca29bdfa06ff373048fffa7a90139afc98acfa938a8ec0a98459608045962,19,10,5,42,XXH64,5.934777854,50549486.498,50.549486498,300000000,0,299999982,299999973,299999973,1024,$KSSD_RELEASE_HOST/KSSD-Array-formal-results/final-validation-20260731-162115/02_figure2_final/logs/run_Synthetic_300_Mb_k19_w10_repeat5.log
final_release_formal,Synthetic_300_Mb,$KSSD_RELEASE_HOST/AEEE.fasta,300000057,a7eca29bdfa06ff373048fffa7a90139afc98acfa938a8ec0a98459608045962,19,10,5,42,MurmurHash3,3.661693045,81929306.830,81.929306830,300000000,0,299999982,299999973,299999973,1024,$KSSD_RELEASE_HOST/KSSD-Array-formal-results/final-validation-20260731-162115/02_figure2_final/logs/run_Synthetic_300_Mb_k19_w10_repeat5.log
final_release_formal,Synthetic_300_Mb,$KSSD_RELEASE_HOST/AEEE.fasta,300000057,a7eca29bdfa06ff373048fffa7a90139afc98acfa938a8ec0a98459608045962,19,10,5,42,wyhash,3.263938643,91913484.233,91.913484233,300000000,0,299999982,299999973,299999973,1024,$KSSD_RELEASE_HOST/KSSD-Array-formal-results/final-validation-20260731-162115/02_figure2_final/logs/run_Synthetic_300_Mb_k19_w10_repeat5.log
final_release_formal,GRCh38.p14_chr1,$KSSD_RELEASE_HOST/seq/human/GCF_000001405.40_GRCh38.p14_genomic.fna,3339739109,df6e4918316e05a9cc1fd29c352841d3678b607d7a436819cd43371b52c814c0,19,10,1,42,KSSD-Array,1.788695713,128854216.693,128.854216693,230481012,18475410,230480994,230480985,230480985,1024,$KSSD_RELEASE_HOST/KSSD-Array-formal-results/final-validation-20260731-162115/02_figure2_final/logs/run_GRCh38.p14_chr1_k19_w10_repeat1.log
final_release_formal,GRCh38.p14_chr1,$KSSD_RELEASE_HOST/seq/human/GCF_000001405.40_GRCh38.p14_genomic.fna,3339739109,df6e4918316e05a9cc1fd29c352841d3678b607d7a436819cd43371b52c814c0,19,10,1,42,XXH3,3.877041328,59447647.188,59.447647188,230481012,18475410,230480994,230480985,230480985,1024,$KSSD_RELEASE_HOST/KSSD-Array-formal-results/final-validation-20260731-162115/02_figure2_final/logs/run_GRCh38.p14_chr1_k19_w10_repeat1.log
final_release_formal,GRCh38.p14_chr1,$KSSD_RELEASE_HOST/seq/human/GCF_000001405.40_GRCh38.p14_genomic.fna,3339739109,df6e4918316e05a9cc1fd29c352841d3678b607d7a436819cd43371b52c814c0,19,10,1,42,XXH64,4.561880965,50523235.211,50.523235211,230481012,18475410,230480994,230480985,230480985,1024,$KSSD_RELEASE_HOST/KSSD-Array-formal-results/final-validation-20260731-162115/02_figure2_final/logs/run_GRCh38.p14_chr1_k19_w10_repeat1.log
final_release_formal,GRCh38.p14_chr1,$KSSD_RELEASE_HOST/seq/human/GCF_000001405.40_GRCh38.p14_genomic.fna,3339739109,df6e4918316e05a9cc1fd29c352841d3678b607d7a436819cd43371b52c814c0,19,10,1,42,MurmurHash3,2.805436875,82155113.542,82.155113542,230481012,18475410,230480994,230480985,230480985,1024,$KSSD_RELEASE_HOST/KSSD-Array-formal-results/final-validation-20260731-162115/02_figure2_final/logs/run_GRCh38.p14_chr1_k19_w10_repeat1.log
final_release_formal,GRCh38.p14_chr1,$KSSD_RELEASE_HOST/seq/human/GCF_000001405.40_GRCh38.p14_genomic.fna,3339739109,df6e4918316e05a9cc1fd29c352841d3678b607d7a436819cd43371b52c814c0,19,10,1,42,wyhash,2.502486902,92100775.759,92.100775759,230481012,18475410,230480994,230480985,230480985,1024,$KSSD_RELEASE_HOST/KSSD-Array-formal-results/final-validation-20260731-162115/02_figure2_final/logs/run_GRCh38.p14_chr1_k19_w10_repeat1.log
final_release_formal,GRCh38.p14_chr1,$KSSD_RELEASE_HOST/seq/human/GCF_000001405.40_GRCh38.p14_genomic.fna,3339739109,df6e4918316e05a9cc1fd29c352841d3678b607d7a436819cd43371b52c814c0,19,10,2,42,KSSD-Array,1.787953468,128907708.799,128.907708799,230481012,18475410,230480994,230480985,230480985,1024,$KSSD_RELEASE_HOST/KSSD-Array-formal-results/final-validation-20260731-162115/02_figure2_final/logs/run_GRCh38.p14_chr1_k19_w10_repeat2.log
final_release_formal,GRCh38.p14_chr1,$KSSD_RELEASE_HOST/seq/human/GCF_000001405.40_GRCh38.p14_genomic.fna,3339739109,df6e4918316e05a9cc1fd29c352841d3678b607d7a436819cd43371b52c814c0,19,10,2,42,XXH3,3.880107445,59400670.798,59.400670798,230481012,18475410,230480994,230480985,230480985,1024,$KSSD_RELEASE_HOST/KSSD-Array-formal-results/final-validation-20260731-162115/02_figure2_final/logs/run_GRCh38.p14_chr1_k19_w10_repeat2.log
final_release_formal,GRCh38.p14_chr1,$KSSD_RELEASE_HOST/seq/human/GCF_000001405.40_GRCh38.p14_genomic.fna,3339739109,df6e4918316e05a9cc1fd29c352841d3678b607d7a436819cd43371b52c814c0,19,10,2,42,XXH64,4.551826719,50634832.833,50.634832833,230481012,18475410,230480994,230480985,230480985,1024,$KSSD_RELEASE_HOST/KSSD-Array-formal-results/final-validation-20260731-162115/02_figure2_final/logs/run_GRCh38.p14_chr1_k19_w10_repeat2.log
final_release_formal,GRCh38.p14_chr1,$KSSD_RELEASE_HOST/seq/human/GCF_000001405.40_GRCh38.p14_genomic.fna,3339739109,df6e4918316e05a9cc1fd29c352841d3678b607d7a436819cd43371b52c814c0,19,10,2,42,MurmurHash3,2.803280696,82218304.192,82.218304192,230481012,18475410,230480994,230480985,230480985,1024,$KSSD_RELEASE_HOST/KSSD-Array-formal-results/final-validation-20260731-162115/02_figure2_final/logs/run_GRCh38.p14_chr1_k19_w10_repeat2.log
final_release_formal,GRCh38.p14_chr1,$KSSD_RELEASE_HOST/seq/human/GCF_000001405.40_GRCh38.p14_genomic.fna,3339739109,df6e4918316e05a9cc1fd29c352841d3678b607d7a436819cd43371b52c814c0,19,10,2,42,wyhash,2.499031472,92228124.208,92.228124208,230481012,18475410,230480994,230480985,230480985,1024,$KSSD_RELEASE_HOST/KSSD-Array-formal-results/final-validation-20260731-162115/02_figure2_final/logs/run_GRCh38.p14_chr1_k19_w10_repeat2.log
final_release_formal,GRCh38.p14_chr1,$KSSD_RELEASE_HOST/seq/human/GCF_000001405.40_GRCh38.p14_genomic.fna,3339739109,df6e4918316e05a9cc1fd29c352841d3678b607d7a436819cd43371b52c814c0,19,10,3,42,KSSD-Array,1.788253202,128886102.227,128.886102227,230481012,18475410,230480994,230480985,230480985,1024,$KSSD_RELEASE_HOST/KSSD-Array-formal-results/final-validation-20260731-162115/02_figure2_final/logs/run_GRCh38.p14_chr1_k19_w10_repeat3.log
final_release_formal,GRCh38.p14_chr1,$KSSD_RELEASE_HOST/seq/human/GCF_000001405.40_GRCh38.p14_genomic.fna,3339739109,df6e4918316e05a9cc1fd29c352841d3678b607d7a436819cd43371b52c814c0,19,10,3,42,XXH3,3.899626083,59103355.064,59.103355064,230481012,18475410,230480994,230480985,230480985,1024,$KSSD_RELEASE_HOST/KSSD-Array-formal-results/final-validation-20260731-162115/02_figure2_final/logs/run_GRCh38.p14_chr1_k19_w10_repeat3.log
final_release_formal,GRCh38.p14_chr1,$KSSD_RELEASE_HOST/seq/human/GCF_000001405.40_GRCh38.p14_genomic.fna,3339739109,df6e4918316e05a9cc1fd29c352841d3678b607d7a436819cd43371b52c814c0,19,10,3,42,XXH64,4.560002700,50544045.730,50.544045730,230481012,18475410,230480994,230480985,230480985,1024,$KSSD_RELEASE_HOST/KSSD-Array-formal-results/final-validation-20260731-162115/02_figure2_final/logs/run_GRCh38.p14_chr1_k19_w10_repeat3.log
final_release_formal,GRCh38.p14_chr1,$KSSD_RELEASE_HOST/seq/human/GCF_000001405.40_GRCh38.p14_genomic.fna,3339739109,df6e4918316e05a9cc1fd29c352841d3678b607d7a436819cd43371b52c814c0,19,10,3,42,MurmurHash3,2.804868051,82171774.504,82.171774504,230481012,18475410,230480994,230480985,230480985,1024,$KSSD_RELEASE_HOST/KSSD-Array-formal-results/final-validation-20260731-162115/02_figure2_final/logs/run_GRCh38.p14_chr1_k19_w10_repeat3.log
final_release_formal,GRCh38.p14_chr1,$KSSD_RELEASE_HOST/seq/human/GCF_000001405.40_GRCh38.p14_genomic.fna,3339739109,df6e4918316e05a9cc1fd29c352841d3678b607d7a436819cd43371b52c814c0,19,10,3,42,wyhash,2.499135108,92224299.624,92.224299624,230481012,18475410,230480994,230480985,230480985,1024,$KSSD_RELEASE_HOST/KSSD-Array-formal-results/final-validation-20260731-162115/02_figure2_final/logs/run_GRCh38.p14_chr1_k19_w10_repeat3.log
final_release_formal,GRCh38.p14_chr1,$KSSD_RELEASE_HOST/seq/human/GCF_000001405.40_GRCh38.p14_genomic.fna,3339739109,df6e4918316e05a9cc1fd29c352841d3678b607d7a436819cd43371b52c814c0,19,10,4,42,KSSD-Array,1.788715014,128852826.300,128.852826300,230481012,18475410,230480994,230480985,230480985,1024,$KSSD_RELEASE_HOST/KSSD-Array-formal-results/final-validation-20260731-162115/02_figure2_final/logs/run_GRCh38.p14_chr1_k19_w10_repeat4.log
final_release_formal,GRCh38.p14_chr1,$KSSD_RELEASE_HOST/seq/human/GCF_000001405.40_GRCh38.p14_genomic.fna,3339739109,df6e4918316e05a9cc1fd29c352841d3678b607d7a436819cd43371b52c814c0,19,10,4,42,XXH3,3.884946678,59326679.129,59.326679129,230481012,18475410,230480994,230480985,230480985,1024,$KSSD_RELEASE_HOST/KSSD-Array-formal-results/final-validation-20260731-162115/02_figure2_final/logs/run_GRCh38.p14_chr1_k19_w10_repeat4.log
final_release_formal,GRCh38.p14_chr1,$KSSD_RELEASE_HOST/seq/human/GCF_000001405.40_GRCh38.p14_genomic.fna,3339739109,df6e4918316e05a9cc1fd29c352841d3678b607d7a436819cd43371b52c814c0,19,10,4,42,XXH64,4.570431893,50428710.108,50.428710108,230481012,18475410,230480994,230480985,230480985,1024,$KSSD_RELEASE_HOST/KSSD-Array-formal-results/final-validation-20260731-162115/02_figure2_final/logs/run_GRCh38.p14_chr1_k19_w10_repeat4.log
final_release_formal,GRCh38.p14_chr1,$KSSD_RELEASE_HOST/seq/human/GCF_000001405.40_GRCh38.p14_genomic.fna,3339739109,df6e4918316e05a9cc1fd29c352841d3678b607d7a436819cd43371b52c814c0,19,10,4,42,MurmurHash3,2.804317260,82187913.717,82.187913717,230481012,18475410,230480994,230480985,230480985,1024,$KSSD_RELEASE_HOST/KSSD-Array-formal-results/final-validation-20260731-162115/02_figure2_final/logs/run_GRCh38.p14_chr1_k19_w10_repeat4.log
final_release_formal,GRCh38.p14_chr1,$KSSD_RELEASE_HOST/seq/human/GCF_000001405.40_GRCh38.p14_genomic.fna,3339739109,df6e4918316e05a9cc1fd29c352841d3678b607d7a436819cd43371b52c814c0,19,10,4,42,wyhash,2.500327970,92180301.051,92.180301051,230481012,18475410,230480994,230480985,230480985,1024,$KSSD_RELEASE_HOST/KSSD-Array-formal-results/final-validation-20260731-162115/02_figure2_final/logs/run_GRCh38.p14_chr1_k19_w10_repeat4.log
final_release_formal,GRCh38.p14_chr1,$KSSD_RELEASE_HOST/seq/human/GCF_000001405.40_GRCh38.p14_genomic.fna,3339739109,df6e4918316e05a9cc1fd29c352841d3678b607d7a436819cd43371b52c814c0,19,10,5,42,KSSD-Array,1.788123792,128895429.965,128.895429965,230481012,18475410,230480994,230480985,230480985,1024,$KSSD_RELEASE_HOST/KSSD-Array-formal-results/final-validation-20260731-162115/02_figure2_final/logs/run_GRCh38.p14_chr1_k19_w10_repeat5.log
final_release_formal,GRCh38.p14_chr1,$KSSD_RELEASE_HOST/seq/human/GCF_000001405.40_GRCh38.p14_genomic.fna,3339739109,df6e4918316e05a9cc1fd29c352841d3678b607d7a436819cd43371b52c814c0,19,10,5,42,XXH3,3.893584682,59195061.575,59.195061575,230481012,18475410,230480994,230480985,230480985,1024,$KSSD_RELEASE_HOST/KSSD-Array-formal-results/final-validation-20260731-162115/02_figure2_final/logs/run_GRCh38.p14_chr1_k19_w10_repeat5.log
final_release_formal,GRCh38.p14_chr1,$KSSD_RELEASE_HOST/seq/human/GCF_000001405.40_GRCh38.p14_genomic.fna,3339739109,df6e4918316e05a9cc1fd29c352841d3678b607d7a436819cd43371b52c814c0,19,10,5,42,XXH64,4.555278361,50596465.624,50.596465624,230481012,18475410,230480994,230480985,230480985,1024,$KSSD_RELEASE_HOST/KSSD-Array-formal-results/final-validation-20260731-162115/02_figure2_final/logs/run_GRCh38.p14_chr1_k19_w10_repeat5.log
final_release_formal,GRCh38.p14_chr1,$KSSD_RELEASE_HOST/seq/human/GCF_000001405.40_GRCh38.p14_genomic.fna,3339739109,df6e4918316e05a9cc1fd29c352841d3678b607d7a436819cd43371b52c814c0,19,10,5,42,MurmurHash3,2.804726006,82175936.083,82.175936083,230481012,18475410,230480994,230480985,230480985,1024,$KSSD_RELEASE_HOST/KSSD-Array-formal-results/final-validation-20260731-162115/02_figure2_final/logs/run_GRCh38.p14_chr1_k19_w10_repeat5.log
final_release_formal,GRCh38.p14_chr1,$KSSD_RELEASE_HOST/seq/human/GCF_000001405.40_GRCh38.p14_genomic.fna,3339739109,df6e4918316e05a9cc1fd29c352841d3678b607d7a436819cd43371b52c814c0,19,10,5,42,wyhash,2.501678119,92130551.588,92.130551588,230481012,18475410,230480994,230480985,230480985,1024,$KSSD_RELEASE_HOST/KSSD-Array-formal-results/final-validation-20260731-162115/02_figure2_final/logs/run_GRCh38.p14_chr1_k19_w10_repeat5.log
final_release_formal,Synthetic_300_Mb,$KSSD_RELEASE_HOST/AEEE.fasta,300000057,a7eca29bdfa06ff373048fffa7a90139afc98acfa938a8ec0a98459608045962,19,20,1,42,KSSD-Array,2.489122315,120524395.765,120.524395765,300000000,0,299999982,299999963,299999963,1024,$KSSD_RELEASE_HOST/KSSD-Array-formal-results/final-validation-20260731-162115/02_figure2_final/logs/run_Synthetic_300_Mb_k19_w20_repeat1.log
final_release_formal,Synthetic_300_Mb,$KSSD_RELEASE_HOST/AEEE.fasta,300000057,a7eca29bdfa06ff373048fffa7a90139afc98acfa938a8ec0a98459608045962,19,20,1,42,XXH3,4.654146996,64458635.118,64.458635118,300000000,0,299999982,299999963,299999963,1024,$KSSD_RELEASE_HOST/KSSD-Array-formal-results/final-validation-20260731-162115/02_figure2_final/logs/run_Synthetic_300_Mb_k19_w20_repeat1.log
final_release_formal,Synthetic_300_Mb,$KSSD_RELEASE_HOST/AEEE.fasta,300000057,a7eca29bdfa06ff373048fffa7a90139afc98acfa938a8ec0a98459608045962,19,20,1,42,XXH64,5.509145337,54454900.833,54.454900833,300000000,0,299999982,299999963,299999963,1024,$KSSD_RELEASE_HOST/KSSD-Array-formal-results/final-validation-20260731-162115/02_figure2_final/logs/run_Synthetic_300_Mb_k19_w20_repeat1.log
final_release_formal,Synthetic_300_Mb,$KSSD_RELEASE_HOST/AEEE.fasta,300000057,a7eca29bdfa06ff373048fffa7a90139afc98acfa938a8ec0a98459608045962,19,20,1,42,MurmurHash3,3.379181514,88778883.809,88.778883809,300000000,0,299999982,299999963,299999963,1024,$KSSD_RELEASE_HOST/KSSD-Array-formal-results/final-validation-20260731-162115/02_figure2_final/logs/run_Synthetic_300_Mb_k19_w20_repeat1.log
final_release_formal,Synthetic_300_Mb,$KSSD_RELEASE_HOST/AEEE.fasta,300000057,a7eca29bdfa06ff373048fffa7a90139afc98acfa938a8ec0a98459608045962,19,20,1,42,wyhash,2.845267820,105438216.006,105.438216006,300000000,0,299999982,299999963,299999963,1024,$KSSD_RELEASE_HOST/KSSD-Array-formal-results/final-validation-20260731-162115/02_figure2_final/logs/run_Synthetic_300_Mb_k19_w20_repeat1.log
final_release_formal,Synthetic_300_Mb,$KSSD_RELEASE_HOST/AEEE.fasta,300000057,a7eca29bdfa06ff373048fffa7a90139afc98acfa938a8ec0a98459608045962,19,20,2,42,KSSD-Array,2.489884069,120487522.586,120.487522586,300000000,0,299999982,299999963,299999963,1024,$KSSD_RELEASE_HOST/KSSD-Array-formal-results/final-validation-20260731-162115/02_figure2_final/logs/run_Synthetic_300_Mb_k19_w20_repeat2.log
final_release_formal,Synthetic_300_Mb,$KSSD_RELEASE_HOST/AEEE.fasta,300000057,a7eca29bdfa06ff373048fffa7a90139afc98acfa938a8ec0a98459608045962,19,20,2,42,XXH3,4.653704887,64464758.786,64.464758786,300000000,0,299999982,299999963,299999963,1024,$KSSD_RELEASE_HOST/KSSD-Array-formal-results/final-validation-20260731-162115/02_figure2_final/logs/run_Synthetic_300_Mb_k19_w20_repeat2.log
final_release_formal,Synthetic_300_Mb,$KSSD_RELEASE_HOST/AEEE.fasta,300000057,a7eca29bdfa06ff373048fffa7a90139afc98acfa938a8ec0a98459608045962,19,20,2,42,XXH64,5.519795779,54349830.141,54.349830141,300000000,0,299999982,299999963,299999963,1024,$KSSD_RELEASE_HOST/KSSD-Array-formal-results/final-validation-20260731-162115/02_figure2_final/logs/run_Synthetic_300_Mb_k19_w20_repeat2.log
final_release_formal,Synthetic_300_Mb,$KSSD_RELEASE_HOST/AEEE.fasta,300000057,a7eca29bdfa06ff373048fffa7a90139afc98acfa938a8ec0a98459608045962,19,20,2,42,MurmurHash3,3.371556829,88979654.864,88.979654864,300000000,0,299999982,299999963,299999963,1024,$KSSD_RELEASE_HOST/KSSD-Array-formal-results/final-validation-20260731-162115/02_figure2_final/logs/run_Synthetic_300_Mb_k19_w20_repeat2.log
final_release_formal,Synthetic_300_Mb,$KSSD_RELEASE_HOST/AEEE.fasta,300000057,a7eca29bdfa06ff373048fffa7a90139afc98acfa938a8ec0a98459608045962,19,20,2,42,wyhash,2.845512002,105429168.033,105.429168033,300000000,0,299999982,299999963,299999963,1024,$KSSD_RELEASE_HOST/KSSD-Array-formal-results/final-validation-20260731-162115/02_figure2_final/logs/run_Synthetic_300_Mb_k19_w20_repeat2.log
final_release_formal,Synthetic_300_Mb,$KSSD_RELEASE_HOST/AEEE.fasta,300000057,a7eca29bdfa06ff373048fffa7a90139afc98acfa938a8ec0a98459608045962,19,20,3,42,KSSD-Array,2.489648646,120498915.974,120.498915974,300000000,0,299999982,299999963,299999963,1024,$KSSD_RELEASE_HOST/KSSD-Array-formal-results/final-validation-20260731-162115/02_figure2_final/logs/run_Synthetic_300_Mb_k19_w20_repeat3.log
final_release_formal,Synthetic_300_Mb,$KSSD_RELEASE_HOST/AEEE.fasta,300000057,a7eca29bdfa06ff373048fffa7a90139afc98acfa938a8ec0a98459608045962,19,20,3,42,XXH3,4.653366520,64469446.305,64.469446305,300000000,0,299999982,299999963,299999963,1024,$KSSD_RELEASE_HOST/KSSD-Array-formal-results/final-validation-20260731-162115/02_figure2_final/logs/run_Synthetic_300_Mb_k19_w20_repeat3.log
final_release_formal,Synthetic_300_Mb,$KSSD_RELEASE_HOST/AEEE.fasta,300000057,a7eca29bdfa06ff373048fffa7a90139afc98acfa938a8ec0a98459608045962,19,20,3,42,XXH64,5.511807626,54428598.267,54.428598267,300000000,0,299999982,299999963,299999963,1024,$KSSD_RELEASE_HOST/KSSD-Array-formal-results/final-validation-20260731-162115/02_figure2_final/logs/run_Synthetic_300_Mb_k19_w20_repeat3.log
final_release_formal,Synthetic_300_Mb,$KSSD_RELEASE_HOST/AEEE.fasta,300000057,a7eca29bdfa06ff373048fffa7a90139afc98acfa938a8ec0a98459608045962,19,20,3,42,MurmurHash3,3.393414518,88406518.393,88.406518393,300000000,0,299999982,299999963,299999963,1024,$KSSD_RELEASE_HOST/KSSD-Array-formal-results/final-validation-20260731-162115/02_figure2_final/logs/run_Synthetic_300_Mb_k19_w20_repeat3.log
final_release_formal,Synthetic_300_Mb,$KSSD_RELEASE_HOST/AEEE.fasta,300000057,a7eca29bdfa06ff373048fffa7a90139afc98acfa938a8ec0a98459608045962,19,20,3,42,wyhash,2.846621367,105388080.929,105.388080929,300000000,0,299999982,299999963,299999963,1024,$KSSD_RELEASE_HOST/KSSD-Array-formal-results/final-validation-20260731-162115/02_figure2_final/logs/run_Synthetic_300_Mb_k19_w20_repeat3.log
final_release_formal,Synthetic_300_Mb,$KSSD_RELEASE_HOST/AEEE.fasta,300000057,a7eca29bdfa06ff373048fffa7a90139afc98acfa938a8ec0a98459608045962,19,20,4,42,KSSD-Array,2.489632061,120499718.693,120.499718693,300000000,0,299999982,299999963,299999963,1024,$KSSD_RELEASE_HOST/KSSD-Array-formal-results/final-validation-20260731-162115/02_figure2_final/logs/run_Synthetic_300_Mb_k19_w20_repeat4.log
final_release_formal,Synthetic_300_Mb,$KSSD_RELEASE_HOST/AEEE.fasta,300000057,a7eca29bdfa06ff373048fffa7a90139afc98acfa938a8ec0a98459608045962,19,20,4,42,XXH3,4.651759299,64491721.028,64.491721028,300000000,0,299999982,299999963,299999963,1024,$KSSD_RELEASE_HOST/KSSD-Array-formal-results/final-validation-20260731-162115/02_figure2_final/logs/run_Synthetic_300_Mb_k19_w20_repeat4.log
final_release_formal,Synthetic_300_Mb,$KSSD_RELEASE_HOST/AEEE.fasta,300000057,a7eca29bdfa06ff373048fffa7a90139afc98acfa938a8ec0a98459608045962,19,20,4,42,XXH64,5.511406662,54432558.038,54.432558038,300000000,0,299999982,299999963,299999963,1024,$KSSD_RELEASE_HOST/KSSD-Array-formal-results/final-validation-20260731-162115/02_figure2_final/logs/run_Synthetic_300_Mb_k19_w20_repeat4.log
final_release_formal,Synthetic_300_Mb,$KSSD_RELEASE_HOST/AEEE.fasta,300000057,a7eca29bdfa06ff373048fffa7a90139afc98acfa938a8ec0a98459608045962,19,20,4,42,MurmurHash3,3.375535870,88874766.720,88.874766720,300000000,0,299999982,299999963,299999963,1024,$KSSD_RELEASE_HOST/KSSD-Array-formal-results/final-validation-20260731-162115/02_figure2_final/logs/run_Synthetic_300_Mb_k19_w20_repeat4.log
final_release_formal,Synthetic_300_Mb,$KSSD_RELEASE_HOST/AEEE.fasta,300000057,a7eca29bdfa06ff373048fffa7a90139afc98acfa938a8ec0a98459608045962,19,20,4,42,wyhash,2.845582567,105426553.592,105.426553592,300000000,0,299999982,299999963,299999963,1024,$KSSD_RELEASE_HOST/KSSD-Array-formal-results/final-validation-20260731-162115/02_figure2_final/logs/run_Synthetic_300_Mb_k19_w20_repeat4.log
final_release_formal,Synthetic_300_Mb,$KSSD_RELEASE_HOST/AEEE.fasta,300000057,a7eca29bdfa06ff373048fffa7a90139afc98acfa938a8ec0a98459608045962,19,20,5,42,KSSD-Array,2.489017961,120529448.843,120.529448843,300000000,0,299999982,299999963,299999963,1024,$KSSD_RELEASE_HOST/KSSD-Array-formal-results/final-validation-20260731-162115/02_figure2_final/logs/run_Synthetic_300_Mb_k19_w20_repeat5.log
final_release_formal,Synthetic_300_Mb,$KSSD_RELEASE_HOST/AEEE.fasta,300000057,a7eca29bdfa06ff373048fffa7a90139afc98acfa938a8ec0a98459608045962,19,20,5,42,XXH3,4.654985039,64447030.546,64.447030546,300000000,0,299999982,299999963,299999963,1024,$KSSD_RELEASE_HOST/KSSD-Array-formal-results/final-validation-20260731-162115/02_figure2_final/logs/run_Synthetic_300_Mb_k19_w20_repeat5.log
final_release_formal,Synthetic_300_Mb,$KSSD_RELEASE_HOST/AEEE.fasta,300000057,a7eca29bdfa06ff373048fffa7a90139afc98acfa938a8ec0a98459608045962,19,20,5,42,XXH64,5.515231204,54394811.732,54.394811732,300000000,0,299999982,299999963,299999963,1024,$KSSD_RELEASE_HOST/KSSD-Array-formal-results/final-validation-20260731-162115/02_figure2_final/logs/run_Synthetic_300_Mb_k19_w20_repeat5.log
final_release_formal,Synthetic_300_Mb,$KSSD_RELEASE_HOST/AEEE.fasta,300000057,a7eca29bdfa06ff373048fffa7a90139afc98acfa938a8ec0a98459608045962,19,20,5,42,MurmurHash3,3.395594517,88349760.697,88.349760697,300000000,0,299999982,299999963,299999963,1024,$KSSD_RELEASE_HOST/KSSD-Array-formal-results/final-validation-20260731-162115/02_figure2_final/logs/run_Synthetic_300_Mb_k19_w20_repeat5.log
final_release_formal,Synthetic_300_Mb,$KSSD_RELEASE_HOST/AEEE.fasta,300000057,a7eca29bdfa06ff373048fffa7a90139afc98acfa938a8ec0a98459608045962,19,20,5,42,wyhash,2.846601291,105388824.191,105.388824191,300000000,0,299999982,299999963,299999963,1024,$KSSD_RELEASE_HOST/KSSD-Array-formal-results/final-validation-20260731-162115/02_figure2_final/logs/run_Synthetic_300_Mb_k19_w20_repeat5.log
final_release_formal,GRCh38.p14_chr1,$KSSD_RELEASE_HOST/seq/human/GCF_000001405.40_GRCh38.p14_genomic.fna,3339739109,df6e4918316e05a9cc1fd29c352841d3678b607d7a436819cd43371b52c814c0,19,20,1,42,KSSD-Array,1.909968284,120672671.337,120.672671337,230481012,18475410,230480994,230480975,230480975,1024,$KSSD_RELEASE_HOST/KSSD-Array-formal-results/final-validation-20260731-162115/02_figure2_final/logs/run_GRCh38.p14_chr1_k19_w20_repeat1.log
final_release_formal,GRCh38.p14_chr1,$KSSD_RELEASE_HOST/seq/human/GCF_000001405.40_GRCh38.p14_genomic.fna,3339739109,df6e4918316e05a9cc1fd29c352841d3678b607d7a436819cd43371b52c814c0,19,20,1,42,XXH3,3.583870387,64310633.508,64.310633508,230481012,18475410,230480994,230480975,230480975,1024,$KSSD_RELEASE_HOST/KSSD-Array-formal-results/final-validation-20260731-162115/02_figure2_final/logs/run_GRCh38.p14_chr1_k19_w20_repeat1.log
final_release_formal,GRCh38.p14_chr1,$KSSD_RELEASE_HOST/seq/human/GCF_000001405.40_GRCh38.p14_genomic.fna,3339739109,df6e4918316e05a9cc1fd29c352841d3678b607d7a436819cd43371b52c814c0,19,20,1,42,XXH64,4.237365152,54392521.468,54.392521468,230481012,18475410,230480994,230480975,230480975,1024,$KSSD_RELEASE_HOST/KSSD-Array-formal-results/final-validation-20260731-162115/02_figure2_final/logs/run_GRCh38.p14_chr1_k19_w20_repeat1.log
final_release_formal,GRCh38.p14_chr1,$KSSD_RELEASE_HOST/seq/human/GCF_000001405.40_GRCh38.p14_genomic.fna,3339739109,df6e4918316e05a9cc1fd29c352841d3678b607d7a436819cd43371b52c814c0,19,20,1,42,MurmurHash3,2.591064589,88952230.669,88.952230669,230481012,18475410,230480994,230480975,230480975,1024,$KSSD_RELEASE_HOST/KSSD-Array-formal-results/final-validation-20260731-162115/02_figure2_final/logs/run_GRCh38.p14_chr1_k19_w20_repeat1.log
final_release_formal,GRCh38.p14_chr1,$KSSD_RELEASE_HOST/seq/human/GCF_000001405.40_GRCh38.p14_genomic.fna,3339739109,df6e4918316e05a9cc1fd29c352841d3678b607d7a436819cd43371b52c814c0,19,20,1,42,wyhash,2.185535706,105457428.294,105.457428294,230481012,18475410,230480994,230480975,230480975,1024,$KSSD_RELEASE_HOST/KSSD-Array-formal-results/final-validation-20260731-162115/02_figure2_final/logs/run_GRCh38.p14_chr1_k19_w20_repeat1.log
final_release_formal,GRCh38.p14_chr1,$KSSD_RELEASE_HOST/seq/human/GCF_000001405.40_GRCh38.p14_genomic.fna,3339739109,df6e4918316e05a9cc1fd29c352841d3678b607d7a436819cd43371b52c814c0,19,20,2,42,KSSD-Array,1.910710337,120625806.297,120.625806297,230481012,18475410,230480994,230480975,230480975,1024,$KSSD_RELEASE_HOST/KSSD-Array-formal-results/final-validation-20260731-162115/02_figure2_final/logs/run_GRCh38.p14_chr1_k19_w20_repeat2.log
final_release_formal,GRCh38.p14_chr1,$KSSD_RELEASE_HOST/seq/human/GCF_000001405.40_GRCh38.p14_genomic.fna,3339739109,df6e4918316e05a9cc1fd29c352841d3678b607d7a436819cd43371b52c814c0,19,20,2,42,XXH3,3.583241300,64321924.119,64.321924119,230481012,18475410,230480994,230480975,230480975,1024,$KSSD_RELEASE_HOST/KSSD-Array-formal-results/final-validation-20260731-162115/02_figure2_final/logs/run_GRCh38.p14_chr1_k19_w20_repeat2.log
final_release_formal,GRCh38.p14_chr1,$KSSD_RELEASE_HOST/seq/human/GCF_000001405.40_GRCh38.p14_genomic.fna,3339739109,df6e4918316e05a9cc1fd29c352841d3678b607d7a436819cd43371b52c814c0,19,20,2,42,XXH64,4.239586521,54364022.024,54.364022024,230481012,18475410,230480994,230480975,230480975,1024,$KSSD_RELEASE_HOST/KSSD-Array-formal-results/final-validation-20260731-162115/02_figure2_final/logs/run_GRCh38.p14_chr1_k19_w20_repeat2.log
final_release_formal,GRCh38.p14_chr1,$KSSD_RELEASE_HOST/seq/human/GCF_000001405.40_GRCh38.p14_genomic.fna,3339739109,df6e4918316e05a9cc1fd29c352841d3678b607d7a436819cd43371b52c814c0,19,20,2,42,MurmurHash3,2.592516372,88902418.318,88.902418318,230481012,18475410,230480994,230480975,230480975,1024,$KSSD_RELEASE_HOST/KSSD-Array-formal-results/final-validation-20260731-162115/02_figure2_final/logs/run_GRCh38.p14_chr1_k19_w20_repeat2.log
final_release_formal,GRCh38.p14_chr1,$KSSD_RELEASE_HOST/seq/human/GCF_000001405.40_GRCh38.p14_genomic.fna,3339739109,df6e4918316e05a9cc1fd29c352841d3678b607d7a436819cd43371b52c814c0,19,20,2,42,wyhash,2.187733808,105351471.078,105.351471078,230481012,18475410,230480994,230480975,230480975,1024,$KSSD_RELEASE_HOST/KSSD-Array-formal-results/final-validation-20260731-162115/02_figure2_final/logs/run_GRCh38.p14_chr1_k19_w20_repeat2.log
final_release_formal,GRCh38.p14_chr1,$KSSD_RELEASE_HOST/seq/human/GCF_000001405.40_GRCh38.p14_genomic.fna,3339739109,df6e4918316e05a9cc1fd29c352841d3678b607d7a436819cd43371b52c814c0,19,20,3,42,KSSD-Array,1.910532729,120637019.980,120.637019980,230481012,18475410,230480994,230480975,230480975,1024,$KSSD_RELEASE_HOST/KSSD-Array-formal-results/final-validation-20260731-162115/02_figure2_final/logs/run_GRCh38.p14_chr1_k19_w20_repeat3.log
final_release_formal,GRCh38.p14_chr1,$KSSD_RELEASE_HOST/seq/human/GCF_000001405.40_GRCh38.p14_genomic.fna,3339739109,df6e4918316e05a9cc1fd29c352841d3678b607d7a436819cd43371b52c814c0,19,20,3,42,XXH3,3.585207049,64286656.768,64.286656768,230481012,18475410,230480994,230480975,230480975,1024,$KSSD_RELEASE_HOST/KSSD-Array-formal-results/final-validation-20260731-162115/02_figure2_final/logs/run_GRCh38.p14_chr1_k19_w20_repeat3.log
final_release_formal,GRCh38.p14_chr1,$KSSD_RELEASE_HOST/seq/human/GCF_000001405.40_GRCh38.p14_genomic.fna,3339739109,df6e4918316e05a9cc1fd29c352841d3678b607d7a436819cd43371b52c814c0,19,20,3,42,XXH64,4.236523400,54403328.682,54.403328682,230481012,18475410,230480994,230480975,230480975,1024,$KSSD_RELEASE_HOST/KSSD-Array-formal-results/final-validation-20260731-162115/02_figure2_final/logs/run_GRCh38.p14_chr1_k19_w20_repeat3.log
final_release_formal,GRCh38.p14_chr1,$KSSD_RELEASE_HOST/seq/human/GCF_000001405.40_GRCh38.p14_genomic.fna,3339739109,df6e4918316e05a9cc1fd29c352841d3678b607d7a436819cd43371b52c814c0,19,20,3,42,MurmurHash3,2.602066595,88576124.625,88.576124625,230481012,18475410,230480994,230480975,230480975,1024,$KSSD_RELEASE_HOST/KSSD-Array-formal-results/final-validation-20260731-162115/02_figure2_final/logs/run_GRCh38.p14_chr1_k19_w20_repeat3.log
final_release_formal,GRCh38.p14_chr1,$KSSD_RELEASE_HOST/seq/human/GCF_000001405.40_GRCh38.p14_genomic.fna,3339739109,df6e4918316e05a9cc1fd29c352841d3678b607d7a436819cd43371b52c814c0,19,20,3,42,wyhash,2.187204259,105376977.962,105.376977962,230481012,18475410,230480994,230480975,230480975,1024,$KSSD_RELEASE_HOST/KSSD-Array-formal-results/final-validation-20260731-162115/02_figure2_final/logs/run_GRCh38.p14_chr1_k19_w20_repeat3.log
final_release_formal,GRCh38.p14_chr1,$KSSD_RELEASE_HOST/seq/human/GCF_000001405.40_GRCh38.p14_genomic.fna,3339739109,df6e4918316e05a9cc1fd29c352841d3678b607d7a436819cd43371b52c814c0,19,20,4,42,KSSD-Array,1.910823092,120618688.336,120.618688336,230481012,18475410,230480994,230480975,230480975,1024,$KSSD_RELEASE_HOST/KSSD-Array-formal-results/final-validation-20260731-162115/02_figure2_final/logs/run_GRCh38.p14_chr1_k19_w20_repeat4.log
final_release_formal,GRCh38.p14_chr1,$KSSD_RELEASE_HOST/seq/human/GCF_000001405.40_GRCh38.p14_genomic.fna,3339739109,df6e4918316e05a9cc1fd29c352841d3678b607d7a436819cd43371b52c814c0,19,20,4,42,XXH3,3.582742180,64330884.954,64.330884954,230481012,18475410,230480994,230480975,230480975,1024,$KSSD_RELEASE_HOST/KSSD-Array-formal-results/final-validation-20260731-162115/02_figure2_final/logs/run_GRCh38.p14_chr1_k19_w20_repeat4.log
final_release_formal,GRCh38.p14_chr1,$KSSD_RELEASE_HOST/seq/human/GCF_000001405.40_GRCh38.p14_genomic.fna,3339739109,df6e4918316e05a9cc1fd29c352841d3678b607d7a436819cd43371b52c814c0,19,20,4,42,XXH64,4.250302413,54226959.074,54.226959074,230481012,18475410,230480994,230480975,230480975,1024,$KSSD_RELEASE_HOST/KSSD-Array-formal-results/final-validation-20260731-162115/02_figure2_final/logs/run_GRCh38.p14_chr1_k19_w20_repeat4.log
final_release_formal,GRCh38.p14_chr1,$KSSD_RELEASE_HOST/seq/human/GCF_000001405.40_GRCh38.p14_genomic.fna,3339739109,df6e4918316e05a9cc1fd29c352841d3678b607d7a436819cd43371b52c814c0,19,20,4,42,MurmurHash3,2.597923748,88717374.857,88.717374857,230481012,18475410,230480994,230480975,230480975,1024,$KSSD_RELEASE_HOST/KSSD-Array-formal-results/final-validation-20260731-162115/02_figure2_final/logs/run_GRCh38.p14_chr1_k19_w20_repeat4.log
final_release_formal,GRCh38.p14_chr1,$KSSD_RELEASE_HOST/seq/human/GCF_000001405.40_GRCh38.p14_genomic.fna,3339739109,df6e4918316e05a9cc1fd29c352841d3678b607d7a436819cd43371b52c814c0,19,20,4,42,wyhash,2.186961732,105388663.929,105.388663929,230481012,18475410,230480994,230480975,230480975,1024,$KSSD_RELEASE_HOST/KSSD-Array-formal-results/final-validation-20260731-162115/02_figure2_final/logs/run_GRCh38.p14_chr1_k19_w20_repeat4.log
final_release_formal,GRCh38.p14_chr1,$KSSD_RELEASE_HOST/seq/human/GCF_000001405.40_GRCh38.p14_genomic.fna,3339739109,df6e4918316e05a9cc1fd29c352841d3678b607d7a436819cd43371b52c814c0,19,20,5,42,KSSD-Array,1.910805858,120619776.224,120.619776224,230481012,18475410,230480994,230480975,230480975,1024,$KSSD_RELEASE_HOST/KSSD-Array-formal-results/final-validation-20260731-162115/02_figure2_final/logs/run_GRCh38.p14_chr1_k19_w20_repeat5.log
final_release_formal,GRCh38.p14_chr1,$KSSD_RELEASE_HOST/seq/human/GCF_000001405.40_GRCh38.p14_genomic.fna,3339739109,df6e4918316e05a9cc1fd29c352841d3678b607d7a436819cd43371b52c814c0,19,20,5,42,XXH3,3.585607000,64279486.012,64.279486012,230481012,18475410,230480994,230480975,230480975,1024,$KSSD_RELEASE_HOST/KSSD-Array-formal-results/final-validation-20260731-162115/02_figure2_final/logs/run_GRCh38.p14_chr1_k19_w20_repeat5.log
final_release_formal,GRCh38.p14_chr1,$KSSD_RELEASE_HOST/seq/human/GCF_000001405.40_GRCh38.p14_genomic.fna,3339739109,df6e4918316e05a9cc1fd29c352841d3678b607d7a436819cd43371b52c814c0,19,20,5,42,XXH64,4.238393448,54379325.050,54.379325050,230481012,18475410,230480994,230480975,230480975,1024,$KSSD_RELEASE_HOST/KSSD-Array-formal-results/final-validation-20260731-162115/02_figure2_final/logs/run_GRCh38.p14_chr1_k19_w20_repeat5.log
final_release_formal,GRCh38.p14_chr1,$KSSD_RELEASE_HOST/seq/human/GCF_000001405.40_GRCh38.p14_genomic.fna,3339739109,df6e4918316e05a9cc1fd29c352841d3678b607d7a436819cd43371b52c814c0,19,20,5,42,MurmurHash3,2.588122433,89053350.823,89.053350823,230481012,18475410,230480994,230480975,230480975,1024,$KSSD_RELEASE_HOST/KSSD-Array-formal-results/final-validation-20260731-162115/02_figure2_final/logs/run_GRCh38.p14_chr1_k19_w20_repeat5.log
final_release_formal,GRCh38.p14_chr1,$KSSD_RELEASE_HOST/seq/human/GCF_000001405.40_GRCh38.p14_genomic.fna,3339739109,df6e4918316e05a9cc1fd29c352841d3678b607d7a436819cd43371b52c814c0,19,20,5,42,wyhash,2.187025558,105385588.274,105.385588274,230481012,18475410,230480994,230480975,230480975,1024,$KSSD_RELEASE_HOST/KSSD-Array-formal-results/final-validation-20260731-162115/02_figure2_final/logs/run_GRCh38.p14_chr1_k19_w20_repeat5.log
final_release_formal,Synthetic_300_Mb,$KSSD_RELEASE_HOST/AEEE.fasta,300000057,a7eca29bdfa06ff373048fffa7a90139afc98acfa938a8ec0a98459608045962,19,50,1,42,KSSD-Array,1.798700681,166787023.638,166.787023638,300000000,0,299999982,299999933,299999933,1024,$KSSD_RELEASE_HOST/KSSD-Array-formal-results/final-validation-20260731-162115/02_figure2_final/logs/run_Synthetic_300_Mb_k19_w50_repeat1.log
final_release_formal,Synthetic_300_Mb,$KSSD_RELEASE_HOST/AEEE.fasta,300000057,a7eca29bdfa06ff373048fffa7a90139afc98acfa938a8ec0a98459608045962,19,50,1,42,XXH3,4.099368914,73181979.786,73.181979786,300000000,0,299999982,299999933,299999933,1024,$KSSD_RELEASE_HOST/KSSD-Array-formal-results/final-validation-20260731-162115/02_figure2_final/logs/run_Synthetic_300_Mb_k19_w50_repeat1.log
final_release_formal,Synthetic_300_Mb,$KSSD_RELEASE_HOST/AEEE.fasta,300000057,a7eca29bdfa06ff373048fffa7a90139afc98acfa938a8ec0a98459608045962,19,50,1,42,XXH64,4.952485655,60575628.866,60.575628866,300000000,0,299999982,299999933,299999933,1024,$KSSD_RELEASE_HOST/KSSD-Array-formal-results/final-validation-20260731-162115/02_figure2_final/logs/run_Synthetic_300_Mb_k19_w50_repeat1.log
final_release_formal,Synthetic_300_Mb,$KSSD_RELEASE_HOST/AEEE.fasta,300000057,a7eca29bdfa06ff373048fffa7a90139afc98acfa938a8ec0a98459608045962,19,50,1,42,MurmurHash3,2.946582227,101812849.562,101.812849562,300000000,0,299999982,299999933,299999933,1024,$KSSD_RELEASE_HOST/KSSD-Array-formal-results/final-validation-20260731-162115/02_figure2_final/logs/run_Synthetic_300_Mb_k19_w50_repeat1.log
final_release_formal,Synthetic_300_Mb,$KSSD_RELEASE_HOST/AEEE.fasta,300000057,a7eca29bdfa06ff373048fffa7a90139afc98acfa938a8ec0a98459608045962,19,50,1,42,wyhash,2.288967558,131063427.243,131.063427243,300000000,0,299999982,299999933,299999933,1024,$KSSD_RELEASE_HOST/KSSD-Array-formal-results/final-validation-20260731-162115/02_figure2_final/logs/run_Synthetic_300_Mb_k19_w50_repeat1.log
final_release_formal,Synthetic_300_Mb,$KSSD_RELEASE_HOST/AEEE.fasta,300000057,a7eca29bdfa06ff373048fffa7a90139afc98acfa938a8ec0a98459608045962,19,50,2,42,KSSD-Array,1.798612326,166795216.881,166.795216881,300000000,0,299999982,299999933,299999933,1024,$KSSD_RELEASE_HOST/KSSD-Array-formal-results/final-validation-20260731-162115/02_figure2_final/logs/run_Synthetic_300_Mb_k19_w50_repeat2.log
final_release_formal,Synthetic_300_Mb,$KSSD_RELEASE_HOST/AEEE.fasta,300000057,a7eca29bdfa06ff373048fffa7a90139afc98acfa938a8ec0a98459608045962,19,50,2,42,XXH3,4.097766386,73210599.322,73.210599322,300000000,0,299999982,299999933,299999933,1024,$KSSD_RELEASE_HOST/KSSD-Array-formal-results/final-validation-20260731-162115/02_figure2_final/logs/run_Synthetic_300_Mb_k19_w50_repeat2.log
final_release_formal,Synthetic_300_Mb,$KSSD_RELEASE_HOST/AEEE.fasta,300000057,a7eca29bdfa06ff373048fffa7a90139afc98acfa938a8ec0a98459608045962,19,50,2,42,XXH64,4.950928126,60594685.555,60.594685555,300000000,0,299999982,299999933,299999933,1024,$KSSD_RELEASE_HOST/KSSD-Array-formal-results/final-validation-20260731-162115/02_figure2_final/logs/run_Synthetic_300_Mb_k19_w50_repeat2.log
final_release_formal,Synthetic_300_Mb,$KSSD_RELEASE_HOST/AEEE.fasta,300000057,a7eca29bdfa06ff373048fffa7a90139afc98acfa938a8ec0a98459608045962,19,50,2,42,MurmurHash3,2.949417661,101714971.388,101.714971388,300000000,0,299999982,299999933,299999933,1024,$KSSD_RELEASE_HOST/KSSD-Array-formal-results/final-validation-20260731-162115/02_figure2_final/logs/run_Synthetic_300_Mb_k19_w50_repeat2.log
final_release_formal,Synthetic_300_Mb,$KSSD_RELEASE_HOST/AEEE.fasta,300000057,a7eca29bdfa06ff373048fffa7a90139afc98acfa938a8ec0a98459608045962,19,50,2,42,wyhash,2.289835801,131013731.582,131.013731582,300000000,0,299999982,299999933,299999933,1024,$KSSD_RELEASE_HOST/KSSD-Array-formal-results/final-validation-20260731-162115/02_figure2_final/logs/run_Synthetic_300_Mb_k19_w50_repeat2.log
final_release_formal,Synthetic_300_Mb,$KSSD_RELEASE_HOST/AEEE.fasta,300000057,a7eca29bdfa06ff373048fffa7a90139afc98acfa938a8ec0a98459608045962,19,50,3,42,KSSD-Array,1.798856167,166772607.229,166.772607229,300000000,0,299999982,299999933,299999933,1024,$KSSD_RELEASE_HOST/KSSD-Array-formal-results/final-validation-20260731-162115/02_figure2_final/logs/run_Synthetic_300_Mb_k19_w50_repeat3.log
final_release_formal,Synthetic_300_Mb,$KSSD_RELEASE_HOST/AEEE.fasta,300000057,a7eca29bdfa06ff373048fffa7a90139afc98acfa938a8ec0a98459608045962,19,50,3,42,XXH3,4.097373347,73217622.021,73.217622021,300000000,0,299999982,299999933,299999933,1024,$KSSD_RELEASE_HOST/KSSD-Array-formal-results/final-validation-20260731-162115/02_figure2_final/logs/run_Synthetic_300_Mb_k19_w50_repeat3.log
final_release_formal,Synthetic_300_Mb,$KSSD_RELEASE_HOST/AEEE.fasta,300000057,a7eca29bdfa06ff373048fffa7a90139afc98acfa938a8ec0a98459608045962,19,50,3,42,XXH64,4.950723626,60597188.545,60.597188545,300000000,0,299999982,299999933,299999933,1024,$KSSD_RELEASE_HOST/KSSD-Array-formal-results/final-validation-20260731-162115/02_figure2_final/logs/run_Synthetic_300_Mb_k19_w50_repeat3.log
final_release_formal,Synthetic_300_Mb,$KSSD_RELEASE_HOST/AEEE.fasta,300000057,a7eca29bdfa06ff373048fffa7a90139afc98acfa938a8ec0a98459608045962,19,50,3,42,MurmurHash3,2.947444397,101783067.835,101.783067835,300000000,0,299999982,299999933,299999933,1024,$KSSD_RELEASE_HOST/KSSD-Array-formal-results/final-validation-20260731-162115/02_figure2_final/logs/run_Synthetic_300_Mb_k19_w50_repeat3.log
final_release_formal,Synthetic_300_Mb,$KSSD_RELEASE_HOST/AEEE.fasta,300000057,a7eca29bdfa06ff373048fffa7a90139afc98acfa938a8ec0a98459608045962,19,50,3,42,wyhash,2.289230681,131048362.880,131.048362880,300000000,0,299999982,299999933,299999933,1024,$KSSD_RELEASE_HOST/KSSD-Array-formal-results/final-validation-20260731-162115/02_figure2_final/logs/run_Synthetic_300_Mb_k19_w50_repeat3.log
final_release_formal,Synthetic_300_Mb,$KSSD_RELEASE_HOST/AEEE.fasta,300000057,a7eca29bdfa06ff373048fffa7a90139afc98acfa938a8ec0a98459608045962,19,50,4,42,KSSD-Array,1.798379053,166816852.376,166.816852376,300000000,0,299999982,299999933,299999933,1024,$KSSD_RELEASE_HOST/KSSD-Array-formal-results/final-validation-20260731-162115/02_figure2_final/logs/run_Synthetic_300_Mb_k19_w50_repeat4.log
final_release_formal,Synthetic_300_Mb,$KSSD_RELEASE_HOST/AEEE.fasta,300000057,a7eca29bdfa06ff373048fffa7a90139afc98acfa938a8ec0a98459608045962,19,50,4,42,XXH3,4.096278687,73237188.171,73.237188171,300000000,0,299999982,299999933,299999933,1024,$KSSD_RELEASE_HOST/KSSD-Array-formal-results/final-validation-20260731-162115/02_figure2_final/logs/run_Synthetic_300_Mb_k19_w50_repeat4.log
final_release_formal,Synthetic_300_Mb,$KSSD_RELEASE_HOST/AEEE.fasta,300000057,a7eca29bdfa06ff373048fffa7a90139afc98acfa938a8ec0a98459608045962,19,50,4,42,XXH64,4.953174864,60567200.076,60.567200076,300000000,0,299999982,299999933,299999933,1024,$KSSD_RELEASE_HOST/KSSD-Array-formal-results/final-validation-20260731-162115/02_figure2_final/logs/run_Synthetic_300_Mb_k19_w50_repeat4.log
final_release_formal,Synthetic_300_Mb,$KSSD_RELEASE_HOST/AEEE.fasta,300000057,a7eca29bdfa06ff373048fffa7a90139afc98acfa938a8ec0a98459608045962,19,50,4,42,MurmurHash3,2.949948539,101696666.580,101.696666580,300000000,0,299999982,299999933,299999933,1024,$KSSD_RELEASE_HOST/KSSD-Array-formal-results/final-validation-20260731-162115/02_figure2_final/logs/run_Synthetic_300_Mb_k19_w50_repeat4.log
final_release_formal,Synthetic_300_Mb,$KSSD_RELEASE_HOST/AEEE.fasta,300000057,a7eca29bdfa06ff373048fffa7a90139afc98acfa938a8ec0a98459608045962,19,50,4,42,wyhash,2.340200969,128194089.727,128.194089727,300000000,0,299999982,299999933,299999933,1024,$KSSD_RELEASE_HOST/KSSD-Array-formal-results/final-validation-20260731-162115/02_figure2_final/logs/run_Synthetic_300_Mb_k19_w50_repeat4.log
final_release_formal,Synthetic_300_Mb,$KSSD_RELEASE_HOST/AEEE.fasta,300000057,a7eca29bdfa06ff373048fffa7a90139afc98acfa938a8ec0a98459608045962,19,50,5,42,KSSD-Array,1.798228370,166830830.836,166.830830836,300000000,0,299999982,299999933,299999933,1024,$KSSD_RELEASE_HOST/KSSD-Array-formal-results/final-validation-20260731-162115/02_figure2_final/logs/run_Synthetic_300_Mb_k19_w50_repeat5.log
final_release_formal,Synthetic_300_Mb,$KSSD_RELEASE_HOST/AEEE.fasta,300000057,a7eca29bdfa06ff373048fffa7a90139afc98acfa938a8ec0a98459608045962,19,50,5,42,XXH3,4.096801485,73227842.281,73.227842281,300000000,0,299999982,299999933,299999933,1024,$KSSD_RELEASE_HOST/KSSD-Array-formal-results/final-validation-20260731-162115/02_figure2_final/logs/run_Synthetic_300_Mb_k19_w50_repeat5.log
final_release_formal,Synthetic_300_Mb,$KSSD_RELEASE_HOST/AEEE.fasta,300000057,a7eca29bdfa06ff373048fffa7a90139afc98acfa938a8ec0a98459608045962,19,50,5,42,XXH64,4.949985686,60606222.327,60.606222327,300000000,0,299999982,299999933,299999933,1024,$KSSD_RELEASE_HOST/KSSD-Array-formal-results/final-validation-20260731-162115/02_figure2_final/logs/run_Synthetic_300_Mb_k19_w50_repeat5.log
final_release_formal,Synthetic_300_Mb,$KSSD_RELEASE_HOST/AEEE.fasta,300000057,a7eca29bdfa06ff373048fffa7a90139afc98acfa938a8ec0a98459608045962,19,50,5,42,MurmurHash3,2.965756022,101154623.231,101.154623231,300000000,0,299999982,299999933,299999933,1024,$KSSD_RELEASE_HOST/KSSD-Array-formal-results/final-validation-20260731-162115/02_figure2_final/logs/run_Synthetic_300_Mb_k19_w50_repeat5.log
final_release_formal,Synthetic_300_Mb,$KSSD_RELEASE_HOST/AEEE.fasta,300000057,a7eca29bdfa06ff373048fffa7a90139afc98acfa938a8ec0a98459608045962,19,50,5,42,wyhash,2.296661979,130624330.329,130.624330329,300000000,0,299999982,299999933,299999933,1024,$KSSD_RELEASE_HOST/KSSD-Array-formal-results/final-validation-20260731-162115/02_figure2_final/logs/run_Synthetic_300_Mb_k19_w50_repeat5.log
final_release_formal,GRCh38.p14_chr1,$KSSD_RELEASE_HOST/seq/human/GCF_000001405.40_GRCh38.p14_genomic.fna,3339739109,df6e4918316e05a9cc1fd29c352841d3678b607d7a436819cd43371b52c814c0,19,50,1,42,KSSD-Array,1.381916839,166783512.940,166.783512940,230481012,18475410,230480994,230480945,230480945,1024,$KSSD_RELEASE_HOST/KSSD-Array-formal-results/final-validation-20260731-162115/02_figure2_final/logs/run_GRCh38.p14_chr1_k19_w50_repeat1.log
final_release_formal,GRCh38.p14_chr1,$KSSD_RELEASE_HOST/seq/human/GCF_000001405.40_GRCh38.p14_genomic.fna,3339739109,df6e4918316e05a9cc1fd29c352841d3678b607d7a436819cd43371b52c814c0,19,50,1,42,XXH3,3.151811780,73126493.930,73.126493930,230481012,18475410,230480994,230480945,230480945,1024,$KSSD_RELEASE_HOST/KSSD-Array-formal-results/final-validation-20260731-162115/02_figure2_final/logs/run_GRCh38.p14_chr1_k19_w50_repeat1.log
final_release_formal,GRCh38.p14_chr1,$KSSD_RELEASE_HOST/seq/human/GCF_000001405.40_GRCh38.p14_genomic.fna,3339739109,df6e4918316e05a9cc1fd29c352841d3678b607d7a436819cd43371b52c814c0,19,50,1,42,XXH64,3.805396062,60566874.313,60.566874313,230481012,18475410,230480994,230480945,230480945,1024,$KSSD_RELEASE_HOST/KSSD-Array-formal-results/final-validation-20260731-162115/02_figure2_final/logs/run_GRCh38.p14_chr1_k19_w50_repeat1.log
final_release_formal,GRCh38.p14_chr1,$KSSD_RELEASE_HOST/seq/human/GCF_000001405.40_GRCh38.p14_genomic.fna,3339739109,df6e4918316e05a9cc1fd29c352841d3678b607d7a436819cd43371b52c814c0,19,50,1,42,MurmurHash3,2.261471010,101916382.735,101.916382735,230481012,18475410,230480994,230480945,230480945,1024,$KSSD_RELEASE_HOST/KSSD-Array-formal-results/final-validation-20260731-162115/02_figure2_final/logs/run_GRCh38.p14_chr1_k19_w50_repeat1.log
final_release_formal,GRCh38.p14_chr1,$KSSD_RELEASE_HOST/seq/human/GCF_000001405.40_GRCh38.p14_genomic.fna,3339739109,df6e4918316e05a9cc1fd29c352841d3678b607d7a436819cd43371b52c814c0,19,50,1,42,wyhash,1.758381336,131075632.049,131.075632049,230481012,18475410,230480994,230480945,230480945,1024,$KSSD_RELEASE_HOST/KSSD-Array-formal-results/final-validation-20260731-162115/02_figure2_final/logs/run_GRCh38.p14_chr1_k19_w50_repeat1.log
final_release_formal,GRCh38.p14_chr1,$KSSD_RELEASE_HOST/seq/human/GCF_000001405.40_GRCh38.p14_genomic.fna,3339739109,df6e4918316e05a9cc1fd29c352841d3678b607d7a436819cd43371b52c814c0,19,50,2,42,KSSD-Array,1.381505815,166833134.177,166.833134177,230481012,18475410,230480994,230480945,230480945,1024,$KSSD_RELEASE_HOST/KSSD-Array-formal-results/final-validation-20260731-162115/02_figure2_final/logs/run_GRCh38.p14_chr1_k19_w50_repeat2.log
final_release_formal,GRCh38.p14_chr1,$KSSD_RELEASE_HOST/seq/human/GCF_000001405.40_GRCh38.p14_genomic.fna,3339739109,df6e4918316e05a9cc1fd29c352841d3678b607d7a436819cd43371b52c814c0,19,50,2,42,XXH3,3.151368536,73136779.265,73.136779265,230481012,18475410,230480994,230480945,230480945,1024,$KSSD_RELEASE_HOST/KSSD-Array-formal-results/final-validation-20260731-162115/02_figure2_final/logs/run_GRCh38.p14_chr1_k19_w50_repeat2.log
final_release_formal,GRCh38.p14_chr1,$KSSD_RELEASE_HOST/seq/human/GCF_000001405.40_GRCh38.p14_genomic.fna,3339739109,df6e4918316e05a9cc1fd29c352841d3678b607d7a436819cd43371b52c814c0,19,50,2,42,XXH64,3.811815620,60464872.380,60.464872380,230481012,18475410,230480994,230480945,230480945,1024,$KSSD_RELEASE_HOST/KSSD-Array-formal-results/final-validation-20260731-162115/02_figure2_final/logs/run_GRCh38.p14_chr1_k19_w50_repeat2.log
final_release_formal,GRCh38.p14_chr1,$KSSD_RELEASE_HOST/seq/human/GCF_000001405.40_GRCh38.p14_genomic.fna,3339739109,df6e4918316e05a9cc1fd29c352841d3678b607d7a436819cd43371b52c814c0,19,50,2,42,MurmurHash3,2.261228462,101927314.676,101.927314676,230481012,18475410,230480994,230480945,230480945,1024,$KSSD_RELEASE_HOST/KSSD-Array-formal-results/final-validation-20260731-162115/02_figure2_final/logs/run_GRCh38.p14_chr1_k19_w50_repeat2.log
final_release_formal,GRCh38.p14_chr1,$KSSD_RELEASE_HOST/seq/human/GCF_000001405.40_GRCh38.p14_genomic.fna,3339739109,df6e4918316e05a9cc1fd29c352841d3678b607d7a436819cd43371b52c814c0,19,50,2,42,wyhash,1.758580764,131060767.704,131.060767704,230481012,18475410,230480994,230480945,230480945,1024,$KSSD_RELEASE_HOST/KSSD-Array-formal-results/final-validation-20260731-162115/02_figure2_final/logs/run_GRCh38.p14_chr1_k19_w50_repeat2.log
final_release_formal,GRCh38.p14_chr1,$KSSD_RELEASE_HOST/seq/human/GCF_000001405.40_GRCh38.p14_genomic.fna,3339739109,df6e4918316e05a9cc1fd29c352841d3678b607d7a436819cd43371b52c814c0,19,50,3,42,KSSD-Array,1.382078115,166764050.815,166.764050815,230481012,18475410,230480994,230480945,230480945,1024,$KSSD_RELEASE_HOST/KSSD-Array-formal-results/final-validation-20260731-162115/02_figure2_final/logs/run_GRCh38.p14_chr1_k19_w50_repeat3.log
final_release_formal,GRCh38.p14_chr1,$KSSD_RELEASE_HOST/seq/human/GCF_000001405.40_GRCh38.p14_genomic.fna,3339739109,df6e4918316e05a9cc1fd29c352841d3678b607d7a436819cd43371b52c814c0,19,50,3,42,XXH3,3.153687307,73083004.928,73.083004928,230481012,18475410,230480994,230480945,230480945,1024,$KSSD_RELEASE_HOST/KSSD-Array-formal-results/final-validation-20260731-162115/02_figure2_final/logs/run_GRCh38.p14_chr1_k19_w50_repeat3.log
final_release_formal,GRCh38.p14_chr1,$KSSD_RELEASE_HOST/seq/human/GCF_000001405.40_GRCh38.p14_genomic.fna,3339739109,df6e4918316e05a9cc1fd29c352841d3678b607d7a436819cd43371b52c814c0,19,50,3,42,XXH64,3.805188427,60570179.223,60.570179223,230481012,18475410,230480994,230480945,230480945,1024,$KSSD_RELEASE_HOST/KSSD-Array-formal-results/final-validation-20260731-162115/02_figure2_final/logs/run_GRCh38.p14_chr1_k19_w50_repeat3.log
final_release_formal,GRCh38.p14_chr1,$KSSD_RELEASE_HOST/seq/human/GCF_000001405.40_GRCh38.p14_genomic.fna,3339739109,df6e4918316e05a9cc1fd29c352841d3678b607d7a436819cd43371b52c814c0,19,50,3,42,MurmurHash3,2.263505127,101824794.762,101.824794762,230481012,18475410,230480994,230480945,230480945,1024,$KSSD_RELEASE_HOST/KSSD-Array-formal-results/final-validation-20260731-162115/02_figure2_final/logs/run_GRCh38.p14_chr1_k19_w50_repeat3.log
final_release_formal,GRCh38.p14_chr1,$KSSD_RELEASE_HOST/seq/human/GCF_000001405.40_GRCh38.p14_genomic.fna,3339739109,df6e4918316e05a9cc1fd29c352841d3678b607d7a436819cd43371b52c814c0,19,50,3,42,wyhash,1.758981640,131030898.651,131.030898651,230481012,18475410,230480994,230480945,230480945,1024,$KSSD_RELEASE_HOST/KSSD-Array-formal-results/final-validation-20260731-162115/02_figure2_final/logs/run_GRCh38.p14_chr1_k19_w50_repeat3.log
final_release_formal,GRCh38.p14_chr1,$KSSD_RELEASE_HOST/seq/human/GCF_000001405.40_GRCh38.p14_genomic.fna,3339739109,df6e4918316e05a9cc1fd29c352841d3678b607d7a436819cd43371b52c814c0,19,50,4,42,KSSD-Array,1.381794047,166798334.021,166.798334021,230481012,18475410,230480994,230480945,230480945,1024,$KSSD_RELEASE_HOST/KSSD-Array-formal-results/final-validation-20260731-162115/02_figure2_final/logs/run_GRCh38.p14_chr1_k19_w50_repeat4.log
final_release_formal,GRCh38.p14_chr1,$KSSD_RELEASE_HOST/seq/human/GCF_000001405.40_GRCh38.p14_genomic.fna,3339739109,df6e4918316e05a9cc1fd29c352841d3678b607d7a436819cd43371b52c814c0,19,50,4,42,XXH3,3.158352232,72975060.433,72.975060433,230481012,18475410,230480994,230480945,230480945,1024,$KSSD_RELEASE_HOST/KSSD-Array-formal-results/final-validation-20260731-162115/02_figure2_final/logs/run_GRCh38.p14_chr1_k19_w50_repeat4.log
final_release_formal,GRCh38.p14_chr1,$KSSD_RELEASE_HOST/seq/human/GCF_000001405.40_GRCh38.p14_genomic.fna,3339739109,df6e4918316e05a9cc1fd29c352841d3678b607d7a436819cd43371b52c814c0,19,50,4,42,XXH64,3.804834885,60575807.352,60.575807352,230481012,18475410,230480994,230480945,230480945,1024,$KSSD_RELEASE_HOST/KSSD-Array-formal-results/final-validation-20260731-162115/02_figure2_final/logs/run_GRCh38.p14_chr1_k19_w50_repeat4.log
final_release_formal,GRCh38.p14_chr1,$KSSD_RELEASE_HOST/seq/human/GCF_000001405.40_GRCh38.p14_genomic.fna,3339739109,df6e4918316e05a9cc1fd29c352841d3678b607d7a436819cd43371b52c814c0,19,50,4,42,MurmurHash3,2.261192559,101928933.068,101.928933068,230481012,18475410,230480994,230480945,230480945,1024,$KSSD_RELEASE_HOST/KSSD-Array-formal-results/final-validation-20260731-162115/02_figure2_final/logs/run_GRCh38.p14_chr1_k19_w50_repeat4.log
final_release_formal,GRCh38.p14_chr1,$KSSD_RELEASE_HOST/seq/human/GCF_000001405.40_GRCh38.p14_genomic.fna,3339739109,df6e4918316e05a9cc1fd29c352841d3678b607d7a436819cd43371b52c814c0,19,50,4,42,wyhash,1.758241459,131086059.779,131.086059779,230481012,18475410,230480994,230480945,230480945,1024,$KSSD_RELEASE_HOST/KSSD-Array-formal-results/final-validation-20260731-162115/02_figure2_final/logs/run_GRCh38.p14_chr1_k19_w50_repeat4.log
final_release_formal,GRCh38.p14_chr1,$KSSD_RELEASE_HOST/seq/human/GCF_000001405.40_GRCh38.p14_genomic.fna,3339739109,df6e4918316e05a9cc1fd29c352841d3678b607d7a436819cd43371b52c814c0,19,50,5,42,KSSD-Array,1.381824762,166794626.452,166.794626452,230481012,18475410,230480994,230480945,230480945,1024,$KSSD_RELEASE_HOST/KSSD-Array-formal-results/final-validation-20260731-162115/02_figure2_final/logs/run_GRCh38.p14_chr1_k19_w50_repeat5.log
final_release_formal,GRCh38.p14_chr1,$KSSD_RELEASE_HOST/seq/human/GCF_000001405.40_GRCh38.p14_genomic.fna,3339739109,df6e4918316e05a9cc1fd29c352841d3678b607d7a436819cd43371b52c814c0,19,50,5,42,XXH3,3.151169737,73141393.272,73.141393272,230481012,18475410,230480994,230480945,230480945,1024,$KSSD_RELEASE_HOST/KSSD-Array-formal-results/final-validation-20260731-162115/02_figure2_final/logs/run_GRCh38.p14_chr1_k19_w50_repeat5.log
final_release_formal,GRCh38.p14_chr1,$KSSD_RELEASE_HOST/seq/human/GCF_000001405.40_GRCh38.p14_genomic.fna,3339739109,df6e4918316e05a9cc1fd29c352841d3678b607d7a436819cd43371b52c814c0,19,50,5,42,XXH64,3.805198918,60570012.230,60.570012230,230481012,18475410,230480994,230480945,230480945,1024,$KSSD_RELEASE_HOST/KSSD-Array-formal-results/final-validation-20260731-162115/02_figure2_final/logs/run_GRCh38.p14_chr1_k19_w50_repeat5.log
final_release_formal,GRCh38.p14_chr1,$KSSD_RELEASE_HOST/seq/human/GCF_000001405.40_GRCh38.p14_genomic.fna,3339739109,df6e4918316e05a9cc1fd29c352841d3678b607d7a436819cd43371b52c814c0,19,50,5,42,MurmurHash3,2.266732576,101679813.243,101.679813243,230481012,18475410,230480994,230480945,230480945,1024,$KSSD_RELEASE_HOST/KSSD-Array-formal-results/final-validation-20260731-162115/02_figure2_final/logs/run_GRCh38.p14_chr1_k19_w50_repeat5.log
final_release_formal,GRCh38.p14_chr1,$KSSD_RELEASE_HOST/seq/human/GCF_000001405.40_GRCh38.p14_genomic.fna,3339739109,df6e4918316e05a9cc1fd29c352841d3678b607d7a436819cd43371b52c814c0,19,50,5,42,wyhash,1.758543716,131063528.818,131.063528818,230481012,18475410,230480994,230480945,230480945,1024,$KSSD_RELEASE_HOST/KSSD-Array-formal-results/final-validation-20260731-162115/02_figure2_final/logs/run_GRCh38.p14_chr1_k19_w50_repeat5.log
final_release_formal,Synthetic_300_Mb,$KSSD_RELEASE_HOST/AEEE.fasta,300000057,a7eca29bdfa06ff373048fffa7a90139afc98acfa938a8ec0a98459608045962,21,10,1,42,KSSD-Array,2.544518727,117900476.745,117.900476745,300000000,0,299999980,299999971,299999971,1024,$KSSD_RELEASE_HOST/KSSD-Array-formal-results/final-validation-20260731-162115/02_figure2_final/logs/run_Synthetic_300_Mb_k21_w10_repeat1.log
final_release_formal,Synthetic_300_Mb,$KSSD_RELEASE_HOST/AEEE.fasta,300000057,a7eca29bdfa06ff373048fffa7a90139afc98acfa938a8ec0a98459608045962,21,10,1,42,XXH3,5.046631267,59445589.568,59.445589568,300000000,0,299999980,299999971,299999971,1024,$KSSD_RELEASE_HOST/KSSD-Array-formal-results/final-validation-20260731-162115/02_figure2_final/logs/run_Synthetic_300_Mb_k21_w10_repeat1.log
final_release_formal,Synthetic_300_Mb,$KSSD_RELEASE_HOST/AEEE.fasta,300000057,a7eca29bdfa06ff373048fffa7a90139afc98acfa938a8ec0a98459608045962,21,10,1,42,XXH64,5.812570181,51612275.062,51.612275062,300000000,0,299999980,299999971,299999971,1024,$KSSD_RELEASE_HOST/KSSD-Array-formal-results/final-validation-20260731-162115/02_figure2_final/logs/run_Synthetic_300_Mb_k21_w10_repeat1.log
final_release_formal,Synthetic_300_Mb,$KSSD_RELEASE_HOST/AEEE.fasta,300000057,a7eca29bdfa06ff373048fffa7a90139afc98acfa938a8ec0a98459608045962,21,10,1,42,MurmurHash3,3.688574361,81332228.021,81.332228021,300000000,0,299999980,299999971,299999971,1024,$KSSD_RELEASE_HOST/KSSD-Array-formal-results/final-validation-20260731-162115/02_figure2_final/logs/run_Synthetic_300_Mb_k21_w10_repeat1.log
final_release_formal,Synthetic_300_Mb,$KSSD_RELEASE_HOST/AEEE.fasta,300000057,a7eca29bdfa06ff373048fffa7a90139afc98acfa938a8ec0a98459608045962,21,10,1,42,wyhash,2.919317514,102763734.867,102.763734867,300000000,0,299999980,299999971,299999971,1024,$KSSD_RELEASE_HOST/KSSD-Array-formal-results/final-validation-20260731-162115/02_figure2_final/logs/run_Synthetic_300_Mb_k21_w10_repeat1.log
final_release_formal,Synthetic_300_Mb,$KSSD_RELEASE_HOST/AEEE.fasta,300000057,a7eca29bdfa06ff373048fffa7a90139afc98acfa938a8ec0a98459608045962,21,10,2,42,KSSD-Array,2.544726452,117890852.576,117.890852576,300000000,0,299999980,299999971,299999971,1024,$KSSD_RELEASE_HOST/KSSD-Array-formal-results/final-validation-20260731-162115/02_figure2_final/logs/run_Synthetic_300_Mb_k21_w10_repeat2.log
final_release_formal,Synthetic_300_Mb,$KSSD_RELEASE_HOST/AEEE.fasta,300000057,a7eca29bdfa06ff373048fffa7a90139afc98acfa938a8ec0a98459608045962,21,10,2,42,XXH3,5.066040613,59217837.739,59.217837739,300000000,0,299999980,299999971,299999971,1024,$KSSD_RELEASE_HOST/KSSD-Array-formal-results/final-validation-20260731-162115/02_figure2_final/logs/run_Synthetic_300_Mb_k21_w10_repeat2.log
final_release_formal,Synthetic_300_Mb,$KSSD_RELEASE_HOST/AEEE.fasta,300000057,a7eca29bdfa06ff373048fffa7a90139afc98acfa938a8ec0a98459608045962,21,10,2,42,XXH64,5.769082217,52001333.958,52.001333958,300000000,0,299999980,299999971,299999971,1024,$KSSD_RELEASE_HOST/KSSD-Array-formal-results/final-validation-20260731-162115/02_figure2_final/logs/run_Synthetic_300_Mb_k21_w10_repeat2.log
final_release_formal,Synthetic_300_Mb,$KSSD_RELEASE_HOST/AEEE.fasta,300000057,a7eca29bdfa06ff373048fffa7a90139afc98acfa938a8ec0a98459608045962,21,10,2,42,MurmurHash3,3.689767263,81305933.306,81.305933306,300000000,0,299999980,299999971,299999971,1024,$KSSD_RELEASE_HOST/KSSD-Array-formal-results/final-validation-20260731-162115/02_figure2_final/logs/run_Synthetic_300_Mb_k21_w10_repeat2.log
final_release_formal,Synthetic_300_Mb,$KSSD_RELEASE_HOST/AEEE.fasta,300000057,a7eca29bdfa06ff373048fffa7a90139afc98acfa938a8ec0a98459608045962,21,10,2,42,wyhash,2.920004383,102739561.881,102.739561881,300000000,0,299999980,299999971,299999971,1024,$KSSD_RELEASE_HOST/KSSD-Array-formal-results/final-validation-20260731-162115/02_figure2_final/logs/run_Synthetic_300_Mb_k21_w10_repeat2.log
final_release_formal,Synthetic_300_Mb,$KSSD_RELEASE_HOST/AEEE.fasta,300000057,a7eca29bdfa06ff373048fffa7a90139afc98acfa938a8ec0a98459608045962,21,10,3,42,KSSD-Array,2.544963579,117879868.095,117.879868095,300000000,0,299999980,299999971,299999971,1024,$KSSD_RELEASE_HOST/KSSD-Array-formal-results/final-validation-20260731-162115/02_figure2_final/logs/run_Synthetic_300_Mb_k21_w10_repeat3.log
final_release_formal,Synthetic_300_Mb,$KSSD_RELEASE_HOST/AEEE.fasta,300000057,a7eca29bdfa06ff373048fffa7a90139afc98acfa938a8ec0a98459608045962,21,10,3,42,XXH3,5.022618450,59729795.123,59.729795123,300000000,0,299999980,299999971,299999971,1024,$KSSD_RELEASE_HOST/KSSD-Array-formal-results/final-validation-20260731-162115/02_figure2_final/logs/run_Synthetic_300_Mb_k21_w10_repeat3.log
final_release_formal,Synthetic_300_Mb,$KSSD_RELEASE_HOST/AEEE.fasta,300000057,a7eca29bdfa06ff373048fffa7a90139afc98acfa938a8ec0a98459608045962,21,10,3,42,XXH64,5.774406851,51953383.047,51.953383047,300000000,0,299999980,299999971,299999971,1024,$KSSD_RELEASE_HOST/KSSD-Array-formal-results/final-validation-20260731-162115/02_figure2_final/logs/run_Synthetic_300_Mb_k21_w10_repeat3.log
final_release_formal,Synthetic_300_Mb,$KSSD_RELEASE_HOST/AEEE.fasta,300000057,a7eca29bdfa06ff373048fffa7a90139afc98acfa938a8ec0a98459608045962,21,10,3,42,MurmurHash3,3.688561194,81332518.351,81.332518351,300000000,0,299999980,299999971,299999971,1024,$KSSD_RELEASE_HOST/KSSD-Array-formal-results/final-validation-20260731-162115/02_figure2_final/logs/run_Synthetic_300_Mb_k21_w10_repeat3.log
final_release_formal,Synthetic_300_Mb,$KSSD_RELEASE_HOST/AEEE.fasta,300000057,a7eca29bdfa06ff373048fffa7a90139afc98acfa938a8ec0a98459608045962,21,10,3,42,wyhash,2.920942237,102706574.338,102.706574338,300000000,0,299999980,299999971,299999971,1024,$KSSD_RELEASE_HOST/KSSD-Array-formal-results/final-validation-20260731-162115/02_figure2_final/logs/run_Synthetic_300_Mb_k21_w10_repeat3.log
final_release_formal,Synthetic_300_Mb,$KSSD_RELEASE_HOST/AEEE.fasta,300000057,a7eca29bdfa06ff373048fffa7a90139afc98acfa938a8ec0a98459608045962,21,10,4,42,KSSD-Array,2.544821990,117886426.704,117.886426704,300000000,0,299999980,299999971,299999971,1024,$KSSD_RELEASE_HOST/KSSD-Array-formal-results/final-validation-20260731-162115/02_figure2_final/logs/run_Synthetic_300_Mb_k21_w10_repeat4.log
final_release_formal,Synthetic_300_Mb,$KSSD_RELEASE_HOST/AEEE.fasta,300000057,a7eca29bdfa06ff373048fffa7a90139afc98acfa938a8ec0a98459608045962,21,10,4,42,XXH3,4.995398298,60055265.487,60.055265487,300000000,0,299999980,299999971,299999971,1024,$KSSD_RELEASE_HOST/KSSD-Array-formal-results/final-validation-20260731-162115/02_figure2_final/logs/run_Synthetic_300_Mb_k21_w10_repeat4.log
final_release_formal,Synthetic_300_Mb,$KSSD_RELEASE_HOST/AEEE.fasta,300000057,a7eca29bdfa06ff373048fffa7a90139afc98acfa938a8ec0a98459608045962,21,10,4,42,XXH64,5.747593301,52195754.865,52.195754865,300000000,0,299999980,299999971,299999971,1024,$KSSD_RELEASE_HOST/KSSD-Array-formal-results/final-validation-20260731-162115/02_figure2_final/logs/run_Synthetic_300_Mb_k21_w10_repeat4.log
final_release_formal,Synthetic_300_Mb,$KSSD_RELEASE_HOST/AEEE.fasta,300000057,a7eca29bdfa06ff373048fffa7a90139afc98acfa938a8ec0a98459608045962,21,10,4,42,MurmurHash3,3.689461154,81312679.136,81.312679136,300000000,0,299999980,299999971,299999971,1024,$KSSD_RELEASE_HOST/KSSD-Array-formal-results/final-validation-20260731-162115/02_figure2_final/logs/run_Synthetic_300_Mb_k21_w10_repeat4.log
final_release_formal,Synthetic_300_Mb,$KSSD_RELEASE_HOST/AEEE.fasta,300000057,a7eca29bdfa06ff373048fffa7a90139afc98acfa938a8ec0a98459608045962,21,10,4,42,wyhash,2.917465701,102828962.444,102.828962444,300000000,0,299999980,299999971,299999971,1024,$KSSD_RELEASE_HOST/KSSD-Array-formal-results/final-validation-20260731-162115/02_figure2_final/logs/run_Synthetic_300_Mb_k21_w10_repeat4.log
final_release_formal,Synthetic_300_Mb,$KSSD_RELEASE_HOST/AEEE.fasta,300000057,a7eca29bdfa06ff373048fffa7a90139afc98acfa938a8ec0a98459608045962,21,10,5,42,KSSD-Array,2.544732399,117890577.067,117.890577067,300000000,0,299999980,299999971,299999971,1024,$KSSD_RELEASE_HOST/KSSD-Array-formal-results/final-validation-20260731-162115/02_figure2_final/logs/run_Synthetic_300_Mb_k21_w10_repeat5.log
final_release_formal,Synthetic_300_Mb,$KSSD_RELEASE_HOST/AEEE.fasta,300000057,a7eca29bdfa06ff373048fffa7a90139afc98acfa938a8ec0a98459608045962,21,10,5,42,XXH3,5.005670678,59932023.159,59.932023159,300000000,0,299999980,299999971,299999971,1024,$KSSD_RELEASE_HOST/KSSD-Array-formal-results/final-validation-20260731-162115/02_figure2_final/logs/run_Synthetic_300_Mb_k21_w10_repeat5.log
final_release_formal,Synthetic_300_Mb,$KSSD_RELEASE_HOST/AEEE.fasta,300000057,a7eca29bdfa06ff373048fffa7a90139afc98acfa938a8ec0a98459608045962,21,10,5,42,XXH64,5.758235909,52099284.528,52.099284528,300000000,0,299999980,299999971,299999971,1024,$KSSD_RELEASE_HOST/KSSD-Array-formal-results/final-validation-20260731-162115/02_figure2_final/logs/run_Synthetic_300_Mb_k21_w10_repeat5.log
final_release_formal,Synthetic_300_Mb,$KSSD_RELEASE_HOST/AEEE.fasta,300000057,a7eca29bdfa06ff373048fffa7a90139afc98acfa938a8ec0a98459608045962,21,10,5,42,MurmurHash3,3.689199777,81318440.078,81.318440078,300000000,0,299999980,299999971,299999971,1024,$KSSD_RELEASE_HOST/KSSD-Array-formal-results/final-validation-20260731-162115/02_figure2_final/logs/run_Synthetic_300_Mb_k21_w10_repeat5.log
final_release_formal,Synthetic_300_Mb,$KSSD_RELEASE_HOST/AEEE.fasta,300000057,a7eca29bdfa06ff373048fffa7a90139afc98acfa938a8ec0a98459608045962,21,10,5,42,wyhash,2.913935778,102953528.786,102.953528786,300000000,0,299999980,299999971,299999971,1024,$KSSD_RELEASE_HOST/KSSD-Array-formal-results/final-validation-20260731-162115/02_figure2_final/logs/run_Synthetic_300_Mb_k21_w10_repeat5.log
final_release_formal,GRCh38.p14_chr1,$KSSD_RELEASE_HOST/seq/human/GCF_000001405.40_GRCh38.p14_genomic.fna,3339739109,df6e4918316e05a9cc1fd29c352841d3678b607d7a436819cd43371b52c814c0,21,10,1,42,KSSD-Array,1.942147102,118673288.322,118.673288322,230481012,18475410,230480992,230480983,230480983,1024,$KSSD_RELEASE_HOST/KSSD-Array-formal-results/final-validation-20260731-162115/02_figure2_final/logs/run_GRCh38.p14_chr1_k21_w10_repeat1.log
final_release_formal,GRCh38.p14_chr1,$KSSD_RELEASE_HOST/seq/human/GCF_000001405.40_GRCh38.p14_genomic.fna,3339739109,df6e4918316e05a9cc1fd29c352841d3678b607d7a436819cd43371b52c814c0,21,10,1,42,XXH3,3.815357390,60408753.215,60.408753215,230481012,18475410,230480992,230480983,230480983,1024,$KSSD_RELEASE_HOST/KSSD-Array-formal-results/final-validation-20260731-162115/02_figure2_final/logs/run_GRCh38.p14_chr1_k21_w10_repeat1.log
final_release_formal,GRCh38.p14_chr1,$KSSD_RELEASE_HOST/seq/human/GCF_000001405.40_GRCh38.p14_genomic.fna,3339739109,df6e4918316e05a9cc1fd29c352841d3678b607d7a436819cd43371b52c814c0,21,10,1,42,XXH64,4.428732647,52042198.383,52.042198383,230481012,18475410,230480992,230480983,230480983,1024,$KSSD_RELEASE_HOST/KSSD-Array-formal-results/final-validation-20260731-162115/02_figure2_final/logs/run_GRCh38.p14_chr1_k21_w10_repeat1.log
final_release_formal,GRCh38.p14_chr1,$KSSD_RELEASE_HOST/seq/human/GCF_000001405.40_GRCh38.p14_genomic.fna,3339739109,df6e4918316e05a9cc1fd29c352841d3678b607d7a436819cd43371b52c814c0,21,10,1,42,MurmurHash3,2.827978935,81500247.455,81.500247455,230481012,18475410,230480992,230480983,230480983,1024,$KSSD_RELEASE_HOST/KSSD-Array-formal-results/final-validation-20260731-162115/02_figure2_final/logs/run_GRCh38.p14_chr1_k21_w10_repeat1.log
final_release_formal,GRCh38.p14_chr1,$KSSD_RELEASE_HOST/seq/human/GCF_000001405.40_GRCh38.p14_genomic.fna,3339739109,df6e4918316e05a9cc1fd29c352841d3678b607d7a436819cd43371b52c814c0,21,10,1,42,wyhash,2.235498646,103100479.802,103.100479802,230481012,18475410,230480992,230480983,230480983,1024,$KSSD_RELEASE_HOST/KSSD-Array-formal-results/final-validation-20260731-162115/02_figure2_final/logs/run_GRCh38.p14_chr1_k21_w10_repeat1.log
final_release_formal,GRCh38.p14_chr1,$KSSD_RELEASE_HOST/seq/human/GCF_000001405.40_GRCh38.p14_genomic.fna,3339739109,df6e4918316e05a9cc1fd29c352841d3678b607d7a436819cd43371b52c814c0,21,10,2,42,KSSD-Array,1.942549217,118648722.505,118.648722505,230481012,18475410,230480992,230480983,230480983,1024,$KSSD_RELEASE_HOST/KSSD-Array-formal-results/final-validation-20260731-162115/02_figure2_final/logs/run_GRCh38.p14_chr1_k21_w10_repeat2.log
final_release_formal,GRCh38.p14_chr1,$KSSD_RELEASE_HOST/seq/human/GCF_000001405.40_GRCh38.p14_genomic.fna,3339739109,df6e4918316e05a9cc1fd29c352841d3678b607d7a436819cd43371b52c814c0,21,10,2,42,XXH3,3.814853721,60416728.886,60.416728886,230481012,18475410,230480992,230480983,230480983,1024,$KSSD_RELEASE_HOST/KSSD-Array-formal-results/final-validation-20260731-162115/02_figure2_final/logs/run_GRCh38.p14_chr1_k21_w10_repeat2.log
final_release_formal,GRCh38.p14_chr1,$KSSD_RELEASE_HOST/seq/human/GCF_000001405.40_GRCh38.p14_genomic.fna,3339739109,df6e4918316e05a9cc1fd29c352841d3678b607d7a436819cd43371b52c814c0,21,10,2,42,XXH64,4.486340636,51373937.402,51.373937402,230481012,18475410,230480992,230480983,230480983,1024,$KSSD_RELEASE_HOST/KSSD-Array-formal-results/final-validation-20260731-162115/02_figure2_final/logs/run_GRCh38.p14_chr1_k21_w10_repeat2.log
final_release_formal,GRCh38.p14_chr1,$KSSD_RELEASE_HOST/seq/human/GCF_000001405.40_GRCh38.p14_genomic.fna,3339739109,df6e4918316e05a9cc1fd29c352841d3678b607d7a436819cd43371b52c814c0,21,10,2,42,MurmurHash3,2.827974402,81500378.093,81.500378093,230481012,18475410,230480992,230480983,230480983,1024,$KSSD_RELEASE_HOST/KSSD-Array-formal-results/final-validation-20260731-162115/02_figure2_final/logs/run_GRCh38.p14_chr1_k21_w10_repeat2.log
final_release_formal,GRCh38.p14_chr1,$KSSD_RELEASE_HOST/seq/human/GCF_000001405.40_GRCh38.p14_genomic.fna,3339739109,df6e4918316e05a9cc1fd29c352841d3678b607d7a436819cd43371b52c814c0,21,10,2,42,wyhash,2.238564572,102959273.940,102.959273940,230481012,18475410,230480992,230480983,230480983,1024,$KSSD_RELEASE_HOST/KSSD-Array-formal-results/final-validation-20260731-162115/02_figure2_final/logs/run_GRCh38.p14_chr1_k21_w10_repeat2.log
final_release_formal,GRCh38.p14_chr1,$KSSD_RELEASE_HOST/seq/human/GCF_000001405.40_GRCh38.p14_genomic.fna,3339739109,df6e4918316e05a9cc1fd29c352841d3678b607d7a436819cd43371b52c814c0,21,10,3,42,KSSD-Array,1.942021264,118680978.047,118.680978047,230481012,18475410,230480992,230480983,230480983,1024,$KSSD_RELEASE_HOST/KSSD-Array-formal-results/final-validation-20260731-162115/02_figure2_final/logs/run_GRCh38.p14_chr1_k21_w10_repeat3.log
final_release_formal,GRCh38.p14_chr1,$KSSD_RELEASE_HOST/seq/human/GCF_000001405.40_GRCh38.p14_genomic.fna,3339739109,df6e4918316e05a9cc1fd29c352841d3678b607d7a436819cd43371b52c814c0,21,10,3,42,XXH3,3.805396030,60566884.809,60.566884809,230481012,18475410,230480992,230480983,230480983,1024,$KSSD_RELEASE_HOST/KSSD-Array-formal-results/final-validation-20260731-162115/02_figure2_final/logs/run_GRCh38.p14_chr1_k21_w10_repeat3.log
final_release_formal,GRCh38.p14_chr1,$KSSD_RELEASE_HOST/seq/human/GCF_000001405.40_GRCh38.p14_genomic.fna,3339739109,df6e4918316e05a9cc1fd29c352841d3678b607d7a436819cd43371b52c814c0,21,10,3,42,XXH64,4.436286258,51953586.761,51.953586761,230481012,18475410,230480992,230480983,230480983,1024,$KSSD_RELEASE_HOST/KSSD-Array-formal-results/final-validation-20260731-162115/02_figure2_final/logs/run_GRCh38.p14_chr1_k21_w10_repeat3.log
final_release_formal,GRCh38.p14_chr1,$KSSD_RELEASE_HOST/seq/human/GCF_000001405.40_GRCh38.p14_genomic.fna,3339739109,df6e4918316e05a9cc1fd29c352841d3678b607d7a436819cd43371b52c814c0,21,10,3,42,MurmurHash3,2.827712124,81507937.475,81.507937475,230481012,18475410,230480992,230480983,230480983,1024,$KSSD_RELEASE_HOST/KSSD-Array-formal-results/final-validation-20260731-162115/02_figure2_final/logs/run_GRCh38.p14_chr1_k21_w10_repeat3.log
final_release_formal,GRCh38.p14_chr1,$KSSD_RELEASE_HOST/seq/human/GCF_000001405.40_GRCh38.p14_genomic.fna,3339739109,df6e4918316e05a9cc1fd29c352841d3678b607d7a436819cd43371b52c814c0,21,10,3,42,wyhash,2.235577055,103096863.731,103.096863731,230481012,18475410,230480992,230480983,230480983,1024,$KSSD_RELEASE_HOST/KSSD-Array-formal-results/final-validation-20260731-162115/02_figure2_final/logs/run_GRCh38.p14_chr1_k21_w10_repeat3.log
final_release_formal,GRCh38.p14_chr1,$KSSD_RELEASE_HOST/seq/human/GCF_000001405.40_GRCh38.p14_genomic.fna,3339739109,df6e4918316e05a9cc1fd29c352841d3678b607d7a436819cd43371b52c814c0,21,10,4,42,KSSD-Array,1.942826448,118631791.963,118.631791963,230481012,18475410,230480992,230480983,230480983,1024,$KSSD_RELEASE_HOST/KSSD-Array-formal-results/final-validation-20260731-162115/02_figure2_final/logs/run_GRCh38.p14_chr1_k21_w10_repeat4.log
final_release_formal,GRCh38.p14_chr1,$KSSD_RELEASE_HOST/seq/human/GCF_000001405.40_GRCh38.p14_genomic.fna,3339739109,df6e4918316e05a9cc1fd29c352841d3678b607d7a436819cd43371b52c814c0,21,10,4,42,XXH3,3.853084275,59817270.153,59.817270153,230481012,18475410,230480992,230480983,230480983,1024,$KSSD_RELEASE_HOST/KSSD-Array-formal-results/final-validation-20260731-162115/02_figure2_final/logs/run_GRCh38.p14_chr1_k21_w10_repeat4.log
final_release_formal,GRCh38.p14_chr1,$KSSD_RELEASE_HOST/seq/human/GCF_000001405.40_GRCh38.p14_genomic.fna,3339739109,df6e4918316e05a9cc1fd29c352841d3678b607d7a436819cd43371b52c814c0,21,10,4,42,XXH64,4.483242323,51409441.292,51.409441292,230481012,18475410,230480992,230480983,230480983,1024,$KSSD_RELEASE_HOST/KSSD-Array-formal-results/final-validation-20260731-162115/02_figure2_final/logs/run_GRCh38.p14_chr1_k21_w10_repeat4.log
final_release_formal,GRCh38.p14_chr1,$KSSD_RELEASE_HOST/seq/human/GCF_000001405.40_GRCh38.p14_genomic.fna,3339739109,df6e4918316e05a9cc1fd29c352841d3678b607d7a436819cd43371b52c814c0,21,10,4,42,MurmurHash3,2.827043648,81527210.647,81.527210647,230481012,18475410,230480992,230480983,230480983,1024,$KSSD_RELEASE_HOST/KSSD-Array-formal-results/final-validation-20260731-162115/02_figure2_final/logs/run_GRCh38.p14_chr1_k21_w10_repeat4.log
final_release_formal,GRCh38.p14_chr1,$KSSD_RELEASE_HOST/seq/human/GCF_000001405.40_GRCh38.p14_genomic.fna,3339739109,df6e4918316e05a9cc1fd29c352841d3678b607d7a436819cd43371b52c814c0,21,10,4,42,wyhash,2.238186789,102976652.410,102.976652410,230481012,18475410,230480992,230480983,230480983,1024,$KSSD_RELEASE_HOST/KSSD-Array-formal-results/final-validation-20260731-162115/02_figure2_final/logs/run_GRCh38.p14_chr1_k21_w10_repeat4.log
final_release_formal,GRCh38.p14_chr1,$KSSD_RELEASE_HOST/seq/human/GCF_000001405.40_GRCh38.p14_genomic.fna,3339739109,df6e4918316e05a9cc1fd29c352841d3678b607d7a436819cd43371b52c814c0,21,10,5,42,KSSD-Array,1.942233886,118667985.695,118.667985695,230481012,18475410,230480992,230480983,230480983,1024,$KSSD_RELEASE_HOST/KSSD-Array-formal-results/final-validation-20260731-162115/02_figure2_final/logs/run_GRCh38.p14_chr1_k21_w10_repeat5.log
final_release_formal,GRCh38.p14_chr1,$KSSD_RELEASE_HOST/seq/human/GCF_000001405.40_GRCh38.p14_genomic.fna,3339739109,df6e4918316e05a9cc1fd29c352841d3678b607d7a436819cd43371b52c814c0,21,10,5,42,XXH3,3.809069303,60508477.181,60.508477181,230481012,18475410,230480992,230480983,230480983,1024,$KSSD_RELEASE_HOST/KSSD-Array-formal-results/final-validation-20260731-162115/02_figure2_final/logs/run_GRCh38.p14_chr1_k21_w10_repeat5.log
final_release_formal,GRCh38.p14_chr1,$KSSD_RELEASE_HOST/seq/human/GCF_000001405.40_GRCh38.p14_genomic.fna,3339739109,df6e4918316e05a9cc1fd29c352841d3678b607d7a436819cd43371b52c814c0,21,10,5,42,XXH64,4.432024643,52003542.752,52.003542752,230481012,18475410,230480992,230480983,230480983,1024,$KSSD_RELEASE_HOST/KSSD-Array-formal-results/final-validation-20260731-162115/02_figure2_final/logs/run_GRCh38.p14_chr1_k21_w10_repeat5.log
final_release_formal,GRCh38.p14_chr1,$KSSD_RELEASE_HOST/seq/human/GCF_000001405.40_GRCh38.p14_genomic.fna,3339739109,df6e4918316e05a9cc1fd29c352841d3678b607d7a436819cd43371b52c814c0,21,10,5,42,MurmurHash3,2.827637923,81510076.352,81.510076352,230481012,18475410,230480992,230480983,230480983,1024,$KSSD_RELEASE_HOST/KSSD-Array-formal-results/final-validation-20260731-162115/02_figure2_final/logs/run_GRCh38.p14_chr1_k21_w10_repeat5.log
final_release_formal,GRCh38.p14_chr1,$KSSD_RELEASE_HOST/seq/human/GCF_000001405.40_GRCh38.p14_genomic.fna,3339739109,df6e4918316e05a9cc1fd29c352841d3678b607d7a436819cd43371b52c814c0,21,10,5,42,wyhash,2.232418728,103242720.601,103.242720601,230481012,18475410,230480992,230480983,230480983,1024,$KSSD_RELEASE_HOST/KSSD-Array-formal-results/final-validation-20260731-162115/02_figure2_final/logs/run_GRCh38.p14_chr1_k21_w10_repeat5.log
final_release_formal,Synthetic_300_Mb,$KSSD_RELEASE_HOST/AEEE.fasta,300000057,a7eca29bdfa06ff373048fffa7a90139afc98acfa938a8ec0a98459608045962,21,20,1,42,KSSD-Array,2.082613646,144049743.252,144.049743252,300000000,0,299999980,299999961,299999961,1024,$KSSD_RELEASE_HOST/KSSD-Array-formal-results/final-validation-20260731-162115/02_figure2_final/logs/run_Synthetic_300_Mb_k21_w20_repeat1.log
final_release_formal,Synthetic_300_Mb,$KSSD_RELEASE_HOST/AEEE.fasta,300000057,a7eca29bdfa06ff373048fffa7a90139afc98acfa938a8ec0a98459608045962,21,20,1,42,XXH3,4.816092869,62291149.519,62.291149519,300000000,0,299999980,299999961,299999961,1024,$KSSD_RELEASE_HOST/KSSD-Array-formal-results/final-validation-20260731-162115/02_figure2_final/logs/run_Synthetic_300_Mb_k21_w20_repeat1.log
final_release_formal,Synthetic_300_Mb,$KSSD_RELEASE_HOST/AEEE.fasta,300000057,a7eca29bdfa06ff373048fffa7a90139afc98acfa938a8ec0a98459608045962,21,20,1,42,XXH64,5.616627386,53412829.512,53.412829512,300000000,0,299999980,299999961,299999961,1024,$KSSD_RELEASE_HOST/KSSD-Array-formal-results/final-validation-20260731-162115/02_figure2_final/logs/run_Synthetic_300_Mb_k21_w20_repeat1.log
final_release_formal,Synthetic_300_Mb,$KSSD_RELEASE_HOST/AEEE.fasta,300000057,a7eca29bdfa06ff373048fffa7a90139afc98acfa938a8ec0a98459608045962,21,20,1,42,MurmurHash3,3.387793234,88553208.617,88.553208617,300000000,0,299999980,299999961,299999961,1024,$KSSD_RELEASE_HOST/KSSD-Array-formal-results/final-validation-20260731-162115/02_figure2_final/logs/run_Synthetic_300_Mb_k21_w20_repeat1.log
final_release_formal,Synthetic_300_Mb,$KSSD_RELEASE_HOST/AEEE.fasta,300000057,a7eca29bdfa06ff373048fffa7a90139afc98acfa938a8ec0a98459608045962,21,20,1,42,wyhash,2.792970672,107412499.532,107.412499532,300000000,0,299999980,299999961,299999961,1024,$KSSD_RELEASE_HOST/KSSD-Array-formal-results/final-validation-20260731-162115/02_figure2_final/logs/run_Synthetic_300_Mb_k21_w20_repeat1.log
final_release_formal,Synthetic_300_Mb,$KSSD_RELEASE_HOST/AEEE.fasta,300000057,a7eca29bdfa06ff373048fffa7a90139afc98acfa938a8ec0a98459608045962,21,20,2,42,KSSD-Array,2.084507568,143918863.911,143.918863911,300000000,0,299999980,299999961,299999961,1024,$KSSD_RELEASE_HOST/KSSD-Array-formal-results/final-validation-20260731-162115/02_figure2_final/logs/run_Synthetic_300_Mb_k21_w20_repeat2.log
final_release_formal,Synthetic_300_Mb,$KSSD_RELEASE_HOST/AEEE.fasta,300000057,a7eca29bdfa06ff373048fffa7a90139afc98acfa938a8ec0a98459608045962,21,20,2,42,XXH3,4.813851931,62320147.213,62.320147213,300000000,0,299999980,299999961,299999961,1024,$KSSD_RELEASE_HOST/KSSD-Array-formal-results/final-validation-20260731-162115/02_figure2_final/logs/run_Synthetic_300_Mb_k21_w20_repeat2.log
final_release_formal,Synthetic_300_Mb,$KSSD_RELEASE_HOST/AEEE.fasta,300000057,a7eca29bdfa06ff373048fffa7a90139afc98acfa938a8ec0a98459608045962,21,20,2,42,XXH64,5.612814755,53449111.381,53.449111381,300000000,0,299999980,299999961,299999961,1024,$KSSD_RELEASE_HOST/KSSD-Array-formal-results/final-validation-20260731-162115/02_figure2_final/logs/run_Synthetic_300_Mb_k21_w20_repeat2.log
final_release_formal,Synthetic_300_Mb,$KSSD_RELEASE_HOST/AEEE.fasta,300000057,a7eca29bdfa06ff373048fffa7a90139afc98acfa938a8ec0a98459608045962,21,20,2,42,MurmurHash3,3.380353002,88748116.195,88.748116195,300000000,0,299999980,299999961,299999961,1024,$KSSD_RELEASE_HOST/KSSD-Array-formal-results/final-validation-20260731-162115/02_figure2_final/logs/run_Synthetic_300_Mb_k21_w20_repeat2.log
final_release_formal,Synthetic_300_Mb,$KSSD_RELEASE_HOST/AEEE.fasta,300000057,a7eca29bdfa06ff373048fffa7a90139afc98acfa938a8ec0a98459608045962,21,20,2,42,wyhash,2.793124707,107406575.957,107.406575957,300000000,0,299999980,299999961,299999961,1024,$KSSD_RELEASE_HOST/KSSD-Array-formal-results/final-validation-20260731-162115/02_figure2_final/logs/run_Synthetic_300_Mb_k21_w20_repeat2.log
final_release_formal,Synthetic_300_Mb,$KSSD_RELEASE_HOST/AEEE.fasta,300000057,a7eca29bdfa06ff373048fffa7a90139afc98acfa938a8ec0a98459608045962,21,20,3,42,KSSD-Array,2.081570813,144121909.822,144.121909822,300000000,0,299999980,299999961,299999961,1024,$KSSD_RELEASE_HOST/KSSD-Array-formal-results/final-validation-20260731-162115/02_figure2_final/logs/run_Synthetic_300_Mb_k21_w20_repeat3.log
final_release_formal,Synthetic_300_Mb,$KSSD_RELEASE_HOST/AEEE.fasta,300000057,a7eca29bdfa06ff373048fffa7a90139afc98acfa938a8ec0a98459608045962,21,20,3,42,XXH3,4.812676603,62335366.730,62.335366730,300000000,0,299999980,299999961,299999961,1024,$KSSD_RELEASE_HOST/KSSD-Array-formal-results/final-validation-20260731-162115/02_figure2_final/logs/run_Synthetic_300_Mb_k21_w20_repeat3.log
final_release_formal,Synthetic_300_Mb,$KSSD_RELEASE_HOST/AEEE.fasta,300000057,a7eca29bdfa06ff373048fffa7a90139afc98acfa938a8ec0a98459608045962,21,20,3,42,XXH64,5.609451032,53481162.290,53.481162290,300000000,0,299999980,299999961,299999961,1024,$KSSD_RELEASE_HOST/KSSD-Array-formal-results/final-validation-20260731-162115/02_figure2_final/logs/run_Synthetic_300_Mb_k21_w20_repeat3.log
final_release_formal,Synthetic_300_Mb,$KSSD_RELEASE_HOST/AEEE.fasta,300000057,a7eca29bdfa06ff373048fffa7a90139afc98acfa938a8ec0a98459608045962,21,20,3,42,MurmurHash3,3.377130631,88832797.359,88.832797359,300000000,0,299999980,299999961,299999961,1024,$KSSD_RELEASE_HOST/KSSD-Array-formal-results/final-validation-20260731-162115/02_figure2_final/logs/run_Synthetic_300_Mb_k21_w20_repeat3.log
final_release_formal,Synthetic_300_Mb,$KSSD_RELEASE_HOST/AEEE.fasta,300000057,a7eca29bdfa06ff373048fffa7a90139afc98acfa938a8ec0a98459608045962,21,20,3,42,wyhash,2.789074551,107562546.470,107.562546470,300000000,0,299999980,299999961,299999961,1024,$KSSD_RELEASE_HOST/KSSD-Array-formal-results/final-validation-20260731-162115/02_figure2_final/logs/run_Synthetic_300_Mb_k21_w20_repeat3.log
final_release_formal,Synthetic_300_Mb,$KSSD_RELEASE_HOST/AEEE.fasta,300000057,a7eca29bdfa06ff373048fffa7a90139afc98acfa938a8ec0a98459608045962,21,20,4,42,KSSD-Array,2.080192919,144217374.389,144.217374389,300000000,0,299999980,299999961,299999961,1024,$KSSD_RELEASE_HOST/KSSD-Array-formal-results/final-validation-20260731-162115/02_figure2_final/logs/run_Synthetic_300_Mb_k21_w20_repeat4.log
final_release_formal,Synthetic_300_Mb,$KSSD_RELEASE_HOST/AEEE.fasta,300000057,a7eca29bdfa06ff373048fffa7a90139afc98acfa938a8ec0a98459608045962,21,20,4,42,XXH3,4.812620456,62336093.973,62.336093973,300000000,0,299999980,299999961,299999961,1024,$KSSD_RELEASE_HOST/KSSD-Array-formal-results/final-validation-20260731-162115/02_figure2_final/logs/run_Synthetic_300_Mb_k21_w20_repeat4.log
final_release_formal,Synthetic_300_Mb,$KSSD_RELEASE_HOST/AEEE.fasta,300000057,a7eca29bdfa06ff373048fffa7a90139afc98acfa938a8ec0a98459608045962,21,20,4,42,XXH64,5.610201179,53474011.257,53.474011257,300000000,0,299999980,299999961,299999961,1024,$KSSD_RELEASE_HOST/KSSD-Array-formal-results/final-validation-20260731-162115/02_figure2_final/logs/run_Synthetic_300_Mb_k21_w20_repeat4.log
final_release_formal,Synthetic_300_Mb,$KSSD_RELEASE_HOST/AEEE.fasta,300000057,a7eca29bdfa06ff373048fffa7a90139afc98acfa938a8ec0a98459608045962,21,20,4,42,MurmurHash3,3.381552009,88716648.510,88.716648510,300000000,0,299999980,299999961,299999961,1024,$KSSD_RELEASE_HOST/KSSD-Array-formal-results/final-validation-20260731-162115/02_figure2_final/logs/run_Synthetic_300_Mb_k21_w20_repeat4.log
final_release_formal,Synthetic_300_Mb,$KSSD_RELEASE_HOST/AEEE.fasta,300000057,a7eca29bdfa06ff373048fffa7a90139afc98acfa938a8ec0a98459608045962,21,20,4,42,wyhash,2.786380162,107666557.884,107.666557884,300000000,0,299999980,299999961,299999961,1024,$KSSD_RELEASE_HOST/KSSD-Array-formal-results/final-validation-20260731-162115/02_figure2_final/logs/run_Synthetic_300_Mb_k21_w20_repeat4.log
final_release_formal,Synthetic_300_Mb,$KSSD_RELEASE_HOST/AEEE.fasta,300000057,a7eca29bdfa06ff373048fffa7a90139afc98acfa938a8ec0a98459608045962,21,20,5,42,KSSD-Array,2.081960305,144094947.574,144.094947574,300000000,0,299999980,299999961,299999961,1024,$KSSD_RELEASE_HOST/KSSD-Array-formal-results/final-validation-20260731-162115/02_figure2_final/logs/run_Synthetic_300_Mb_k21_w20_repeat5.log
final_release_formal,Synthetic_300_Mb,$KSSD_RELEASE_HOST/AEEE.fasta,300000057,a7eca29bdfa06ff373048fffa7a90139afc98acfa938a8ec0a98459608045962,21,20,5,42,XXH3,4.813739493,62321602.870,62.321602870,300000000,0,299999980,299999961,299999961,1024,$KSSD_RELEASE_HOST/KSSD-Array-formal-results/final-validation-20260731-162115/02_figure2_final/logs/run_Synthetic_300_Mb_k21_w20_repeat5.log
final_release_formal,Synthetic_300_Mb,$KSSD_RELEASE_HOST/AEEE.fasta,300000057,a7eca29bdfa06ff373048fffa7a90139afc98acfa938a8ec0a98459608045962,21,20,5,42,XXH64,5.611204634,53464448.468,53.464448468,300000000,0,299999980,299999961,299999961,1024,$KSSD_RELEASE_HOST/KSSD-Array-formal-results/final-validation-20260731-162115/02_figure2_final/logs/run_Synthetic_300_Mb_k21_w20_repeat5.log
final_release_formal,Synthetic_300_Mb,$KSSD_RELEASE_HOST/AEEE.fasta,300000057,a7eca29bdfa06ff373048fffa7a90139afc98acfa938a8ec0a98459608045962,21,20,5,42,MurmurHash3,3.376727291,88843408.172,88.843408172,300000000,0,299999980,299999961,299999961,1024,$KSSD_RELEASE_HOST/KSSD-Array-formal-results/final-validation-20260731-162115/02_figure2_final/logs/run_Synthetic_300_Mb_k21_w20_repeat5.log
final_release_formal,Synthetic_300_Mb,$KSSD_RELEASE_HOST/AEEE.fasta,300000057,a7eca29bdfa06ff373048fffa7a90139afc98acfa938a8ec0a98459608045962,21,20,5,42,wyhash,2.792217365,107441478.146,107.441478146,300000000,0,299999980,299999961,299999961,1024,$KSSD_RELEASE_HOST/KSSD-Array-formal-results/final-validation-20260731-162115/02_figure2_final/logs/run_Synthetic_300_Mb_k21_w20_repeat5.log
final_release_formal,GRCh38.p14_chr1,$KSSD_RELEASE_HOST/seq/human/GCF_000001405.40_GRCh38.p14_genomic.fna,3339739109,df6e4918316e05a9cc1fd29c352841d3678b607d7a436819cd43371b52c814c0,21,20,1,42,KSSD-Array,1.600957248,143964477.058,143.964477058,230481012,18475410,230480992,230480973,230480973,1024,$KSSD_RELEASE_HOST/KSSD-Array-formal-results/final-validation-20260731-162115/02_figure2_final/logs/run_GRCh38.p14_chr1_k21_w20_repeat1.log
final_release_formal,GRCh38.p14_chr1,$KSSD_RELEASE_HOST/seq/human/GCF_000001405.40_GRCh38.p14_genomic.fna,3339739109,df6e4918316e05a9cc1fd29c352841d3678b607d7a436819cd43371b52c814c0,21,20,1,42,XXH3,3.704283353,62220124.930,62.220124930,230481012,18475410,230480992,230480973,230480973,1024,$KSSD_RELEASE_HOST/KSSD-Array-formal-results/final-validation-20260731-162115/02_figure2_final/logs/run_GRCh38.p14_chr1_k21_w20_repeat1.log
final_release_formal,GRCh38.p14_chr1,$KSSD_RELEASE_HOST/seq/human/GCF_000001405.40_GRCh38.p14_genomic.fna,3339739109,df6e4918316e05a9cc1fd29c352841d3678b607d7a436819cd43371b52c814c0,21,20,1,42,XXH64,4.320192706,53349697.267,53.349697267,230481012,18475410,230480992,230480973,230480973,1024,$KSSD_RELEASE_HOST/KSSD-Array-formal-results/final-validation-20260731-162115/02_figure2_final/logs/run_GRCh38.p14_chr1_k21_w20_repeat1.log
final_release_formal,GRCh38.p14_chr1,$KSSD_RELEASE_HOST/seq/human/GCF_000001405.40_GRCh38.p14_genomic.fna,3339739109,df6e4918316e05a9cc1fd29c352841d3678b607d7a436819cd43371b52c814c0,21,20,1,42,MurmurHash3,2.596680890,88759837.178,88.759837178,230481012,18475410,230480992,230480973,230480973,1024,$KSSD_RELEASE_HOST/KSSD-Array-formal-results/final-validation-20260731-162115/02_figure2_final/logs/run_GRCh38.p14_chr1_k21_w20_repeat1.log
final_release_formal,GRCh38.p14_chr1,$KSSD_RELEASE_HOST/seq/human/GCF_000001405.40_GRCh38.p14_genomic.fna,3339739109,df6e4918316e05a9cc1fd29c352841d3678b607d7a436819cd43371b52c814c0,21,20,1,42,wyhash,2.150614794,107169807.277,107.169807277,230481012,18475410,230480992,230480973,230480973,1024,$KSSD_RELEASE_HOST/KSSD-Array-formal-results/final-validation-20260731-162115/02_figure2_final/logs/run_GRCh38.p14_chr1_k21_w20_repeat1.log
final_release_formal,GRCh38.p14_chr1,$KSSD_RELEASE_HOST/seq/human/GCF_000001405.40_GRCh38.p14_genomic.fna,3339739109,df6e4918316e05a9cc1fd29c352841d3678b607d7a436819cd43371b52c814c0,21,20,2,42,KSSD-Array,1.601716651,143896220.880,143.896220880,230481012,18475410,230480992,230480973,230480973,1024,$KSSD_RELEASE_HOST/KSSD-Array-formal-results/final-validation-20260731-162115/02_figure2_final/logs/run_GRCh38.p14_chr1_k21_w20_repeat2.log
final_release_formal,GRCh38.p14_chr1,$KSSD_RELEASE_HOST/seq/human/GCF_000001405.40_GRCh38.p14_genomic.fna,3339739109,df6e4918316e05a9cc1fd29c352841d3678b607d7a436819cd43371b52c814c0,21,20,2,42,XXH3,3.711850172,62093285.645,62.093285645,230481012,18475410,230480992,230480973,230480973,1024,$KSSD_RELEASE_HOST/KSSD-Array-formal-results/final-validation-20260731-162115/02_figure2_final/logs/run_GRCh38.p14_chr1_k21_w20_repeat2.log
final_release_formal,GRCh38.p14_chr1,$KSSD_RELEASE_HOST/seq/human/GCF_000001405.40_GRCh38.p14_genomic.fna,3339739109,df6e4918316e05a9cc1fd29c352841d3678b607d7a436819cd43371b52c814c0,21,20,2,42,XXH64,4.319068578,53363582.642,53.363582642,230481012,18475410,230480992,230480973,230480973,1024,$KSSD_RELEASE_HOST/KSSD-Array-formal-results/final-validation-20260731-162115/02_figure2_final/logs/run_GRCh38.p14_chr1_k21_w20_repeat2.log
final_release_formal,GRCh38.p14_chr1,$KSSD_RELEASE_HOST/seq/human/GCF_000001405.40_GRCh38.p14_genomic.fna,3339739109,df6e4918316e05a9cc1fd29c352841d3678b607d7a436819cd43371b52c814c0,21,20,2,42,MurmurHash3,2.609282274,88331176.468,88.331176468,230481012,18475410,230480992,230480973,230480973,1024,$KSSD_RELEASE_HOST/KSSD-Array-formal-results/final-validation-20260731-162115/02_figure2_final/logs/run_GRCh38.p14_chr1_k21_w20_repeat2.log
final_release_formal,GRCh38.p14_chr1,$KSSD_RELEASE_HOST/seq/human/GCF_000001405.40_GRCh38.p14_genomic.fna,3339739109,df6e4918316e05a9cc1fd29c352841d3678b607d7a436819cd43371b52c814c0,21,20,2,42,wyhash,2.145524530,107424067.997,107.424067997,230481012,18475410,230480992,230480973,230480973,1024,$KSSD_RELEASE_HOST/KSSD-Array-formal-results/final-validation-20260731-162115/02_figure2_final/logs/run_GRCh38.p14_chr1_k21_w20_repeat2.log
final_release_formal,GRCh38.p14_chr1,$KSSD_RELEASE_HOST/seq/human/GCF_000001405.40_GRCh38.p14_genomic.fna,3339739109,df6e4918316e05a9cc1fd29c352841d3678b607d7a436819cd43371b52c814c0,21,20,3,42,KSSD-Array,1.602858008,143793755.810,143.793755810,230481012,18475410,230480992,230480973,230480973,1024,$KSSD_RELEASE_HOST/KSSD-Array-formal-results/final-validation-20260731-162115/02_figure2_final/logs/run_GRCh38.p14_chr1_k21_w20_repeat3.log
final_release_formal,GRCh38.p14_chr1,$KSSD_RELEASE_HOST/seq/human/GCF_000001405.40_GRCh38.p14_genomic.fna,3339739109,df6e4918316e05a9cc1fd29c352841d3678b607d7a436819cd43371b52c814c0,21,20,3,42,XXH3,3.706122358,62189250.849,62.189250849,230481012,18475410,230480992,230480973,230480973,1024,$KSSD_RELEASE_HOST/KSSD-Array-formal-results/final-validation-20260731-162115/02_figure2_final/logs/run_GRCh38.p14_chr1_k21_w20_repeat3.log
final_release_formal,GRCh38.p14_chr1,$KSSD_RELEASE_HOST/seq/human/GCF_000001405.40_GRCh38.p14_genomic.fna,3339739109,df6e4918316e05a9cc1fd29c352841d3678b607d7a436819cd43371b52c814c0,21,20,3,42,XXH64,4.321973237,53327718.697,53.327718697,230481012,18475410,230480992,230480973,230480973,1024,$KSSD_RELEASE_HOST/KSSD-Array-formal-results/final-validation-20260731-162115/02_figure2_final/logs/run_GRCh38.p14_chr1_k21_w20_repeat3.log
final_release_formal,GRCh38.p14_chr1,$KSSD_RELEASE_HOST/seq/human/GCF_000001405.40_GRCh38.p14_genomic.fna,3339739109,df6e4918316e05a9cc1fd29c352841d3678b607d7a436819cd43371b52c814c0,21,20,3,42,MurmurHash3,2.593665644,88863024.243,88.863024243,230481012,18475410,230480992,230480973,230480973,1024,$KSSD_RELEASE_HOST/KSSD-Array-formal-results/final-validation-20260731-162115/02_figure2_final/logs/run_GRCh38.p14_chr1_k21_w20_repeat3.log
final_release_formal,GRCh38.p14_chr1,$KSSD_RELEASE_HOST/seq/human/GCF_000001405.40_GRCh38.p14_genomic.fna,3339739109,df6e4918316e05a9cc1fd29c352841d3678b607d7a436819cd43371b52c814c0,21,20,3,42,wyhash,2.146939350,107353276.188,107.353276188,230481012,18475410,230480992,230480973,230480973,1024,$KSSD_RELEASE_HOST/KSSD-Array-formal-results/final-validation-20260731-162115/02_figure2_final/logs/run_GRCh38.p14_chr1_k21_w20_repeat3.log
final_release_formal,GRCh38.p14_chr1,$KSSD_RELEASE_HOST/seq/human/GCF_000001405.40_GRCh38.p14_genomic.fna,3339739109,df6e4918316e05a9cc1fd29c352841d3678b607d7a436819cd43371b52c814c0,21,20,4,42,KSSD-Array,1.598896778,144150001.533,144.150001533,230481012,18475410,230480992,230480973,230480973,1024,$KSSD_RELEASE_HOST/KSSD-Array-formal-results/final-validation-20260731-162115/02_figure2_final/logs/run_GRCh38.p14_chr1_k21_w20_repeat4.log
final_release_formal,GRCh38.p14_chr1,$KSSD_RELEASE_HOST/seq/human/GCF_000001405.40_GRCh38.p14_genomic.fna,3339739109,df6e4918316e05a9cc1fd29c352841d3678b607d7a436819cd43371b52c814c0,21,20,4,42,XXH3,3.701100436,62273633.744,62.273633744,230481012,18475410,230480992,230480973,230480973,1024,$KSSD_RELEASE_HOST/KSSD-Array-formal-results/final-validation-20260731-162115/02_figure2_final/logs/run_GRCh38.p14_chr1_k21_w20_repeat4.log
final_release_formal,GRCh38.p14_chr1,$KSSD_RELEASE_HOST/seq/human/GCF_000001405.40_GRCh38.p14_genomic.fna,3339739109,df6e4918316e05a9cc1fd29c352841d3678b607d7a436819cd43371b52c814c0,21,20,4,42,XXH64,4.317969229,53377168.937,53.377168937,230481012,18475410,230480992,230480973,230480973,1024,$KSSD_RELEASE_HOST/KSSD-Array-formal-results/final-validation-20260731-162115/02_figure2_final/logs/run_GRCh38.p14_chr1_k21_w20_repeat4.log
final_release_formal,GRCh38.p14_chr1,$KSSD_RELEASE_HOST/seq/human/GCF_000001405.40_GRCh38.p14_genomic.fna,3339739109,df6e4918316e05a9cc1fd29c352841d3678b607d7a436819cd43371b52c814c0,21,20,4,42,MurmurHash3,2.604503720,88493240.086,88.493240086,230481012,18475410,230480992,230480973,230480973,1024,$KSSD_RELEASE_HOST/KSSD-Array-formal-results/final-validation-20260731-162115/02_figure2_final/logs/run_GRCh38.p14_chr1_k21_w20_repeat4.log
final_release_formal,GRCh38.p14_chr1,$KSSD_RELEASE_HOST/seq/human/GCF_000001405.40_GRCh38.p14_genomic.fna,3339739109,df6e4918316e05a9cc1fd29c352841d3678b607d7a436819cd43371b52c814c0,21,20,4,42,wyhash,2.143203765,107540391.989,107.540391989,230481012,18475410,230480992,230480973,230480973,1024,$KSSD_RELEASE_HOST/KSSD-Array-formal-results/final-validation-20260731-162115/02_figure2_final/logs/run_GRCh38.p14_chr1_k21_w20_repeat4.log
final_release_formal,GRCh38.p14_chr1,$KSSD_RELEASE_HOST/seq/human/GCF_000001405.40_GRCh38.p14_genomic.fna,3339739109,df6e4918316e05a9cc1fd29c352841d3678b607d7a436819cd43371b52c814c0,21,20,5,42,KSSD-Array,1.599129137,144129056.039,144.129056039,230481012,18475410,230480992,230480973,230480973,1024,$KSSD_RELEASE_HOST/KSSD-Array-formal-results/final-validation-20260731-162115/02_figure2_final/logs/run_GRCh38.p14_chr1_k21_w20_repeat5.log
final_release_formal,GRCh38.p14_chr1,$KSSD_RELEASE_HOST/seq/human/GCF_000001405.40_GRCh38.p14_genomic.fna,3339739109,df6e4918316e05a9cc1fd29c352841d3678b607d7a436819cd43371b52c814c0,21,20,5,42,XXH3,3.702207250,62255016.382,62.255016382,230481012,18475410,230480992,230480973,230480973,1024,$KSSD_RELEASE_HOST/KSSD-Array-formal-results/final-validation-20260731-162115/02_figure2_final/logs/run_GRCh38.p14_chr1_k21_w20_repeat5.log
final_release_formal,GRCh38.p14_chr1,$KSSD_RELEASE_HOST/seq/human/GCF_000001405.40_GRCh38.p14_genomic.fna,3339739109,df6e4918316e05a9cc1fd29c352841d3678b607d7a436819cd43371b52c814c0,21,20,5,42,XXH64,4.318111671,53375408.179,53.375408179,230481012,18475410,230480992,230480973,230480973,1024,$KSSD_RELEASE_HOST/KSSD-Array-formal-results/final-validation-20260731-162115/02_figure2_final/logs/run_GRCh38.p14_chr1_k21_w20_repeat5.log
final_release_formal,GRCh38.p14_chr1,$KSSD_RELEASE_HOST/seq/human/GCF_000001405.40_GRCh38.p14_genomic.fna,3339739109,df6e4918316e05a9cc1fd29c352841d3678b607d7a436819cd43371b52c814c0,21,20,5,42,MurmurHash3,2.594712446,88827173.645,88.827173645,230481012,18475410,230480992,230480973,230480973,1024,$KSSD_RELEASE_HOST/KSSD-Array-formal-results/final-validation-20260731-162115/02_figure2_final/logs/run_GRCh38.p14_chr1_k21_w20_repeat5.log
final_release_formal,GRCh38.p14_chr1,$KSSD_RELEASE_HOST/seq/human/GCF_000001405.40_GRCh38.p14_genomic.fna,3339739109,df6e4918316e05a9cc1fd29c352841d3678b607d7a436819cd43371b52c814c0,21,20,5,42,wyhash,2.152524866,107074708.702,107.074708702,230481012,18475410,230480992,230480973,230480973,1024,$KSSD_RELEASE_HOST/KSSD-Array-formal-results/final-validation-20260731-162115/02_figure2_final/logs/run_GRCh38.p14_chr1_k21_w20_repeat5.log
final_release_formal,Synthetic_300_Mb,$KSSD_RELEASE_HOST/AEEE.fasta,300000057,a7eca29bdfa06ff373048fffa7a90139afc98acfa938a8ec0a98459608045962,21,50,1,42,KSSD-Array,1.620887648,185083729.505,185.083729505,300000000,0,299999980,299999931,299999931,1024,$KSSD_RELEASE_HOST/KSSD-Array-formal-results/final-validation-20260731-162115/02_figure2_final/logs/run_Synthetic_300_Mb_k21_w50_repeat1.log
final_release_formal,Synthetic_300_Mb,$KSSD_RELEASE_HOST/AEEE.fasta,300000057,a7eca29bdfa06ff373048fffa7a90139afc98acfa938a8ec0a98459608045962,21,50,1,42,XXH3,4.279378660,70103618.968,70.103618968,300000000,0,299999980,299999931,299999931,1024,$KSSD_RELEASE_HOST/KSSD-Array-formal-results/final-validation-20260731-162115/02_figure2_final/logs/run_Synthetic_300_Mb_k21_w50_repeat1.log
final_release_formal,Synthetic_300_Mb,$KSSD_RELEASE_HOST/AEEE.fasta,300000057,a7eca29bdfa06ff373048fffa7a90139afc98acfa938a8ec0a98459608045962,21,50,1,42,XXH64,5.079895818,59056315.670,59.056315670,300000000,0,299999980,299999931,299999931,1024,$KSSD_RELEASE_HOST/KSSD-Array-formal-results/final-validation-20260731-162115/02_figure2_final/logs/run_Synthetic_300_Mb_k21_w50_repeat1.log
final_release_formal,Synthetic_300_Mb,$KSSD_RELEASE_HOST/AEEE.fasta,300000057,a7eca29bdfa06ff373048fffa7a90139afc98acfa938a8ec0a98459608045962,21,50,1,42,MurmurHash3,2.974886596,100844157.019,100.844157019,300000000,0,299999980,299999931,299999931,1024,$KSSD_RELEASE_HOST/KSSD-Array-formal-results/final-validation-20260731-162115/02_figure2_final/logs/run_Synthetic_300_Mb_k21_w50_repeat1.log
final_release_formal,Synthetic_300_Mb,$KSSD_RELEASE_HOST/AEEE.fasta,300000057,a7eca29bdfa06ff373048fffa7a90139afc98acfa938a8ec0a98459608045962,21,50,1,42,wyhash,2.217241843,135303206.525,135.303206525,300000000,0,299999980,299999931,299999931,1024,$KSSD_RELEASE_HOST/KSSD-Array-formal-results/final-validation-20260731-162115/02_figure2_final/logs/run_Synthetic_300_Mb_k21_w50_repeat1.log
final_release_formal,Synthetic_300_Mb,$KSSD_RELEASE_HOST/AEEE.fasta,300000057,a7eca29bdfa06ff373048fffa7a90139afc98acfa938a8ec0a98459608045962,21,50,2,42,KSSD-Array,1.622258527,184927325.705,184.927325705,300000000,0,299999980,299999931,299999931,1024,$KSSD_RELEASE_HOST/KSSD-Array-formal-results/final-validation-20260731-162115/02_figure2_final/logs/run_Synthetic_300_Mb_k21_w50_repeat2.log
final_release_formal,Synthetic_300_Mb,$KSSD_RELEASE_HOST/AEEE.fasta,300000057,a7eca29bdfa06ff373048fffa7a90139afc98acfa938a8ec0a98459608045962,21,50,2,42,XXH3,4.276743437,70146815.075,70.146815075,300000000,0,299999980,299999931,299999931,1024,$KSSD_RELEASE_HOST/KSSD-Array-formal-results/final-validation-20260731-162115/02_figure2_final/logs/run_Synthetic_300_Mb_k21_w50_repeat2.log
final_release_formal,Synthetic_300_Mb,$KSSD_RELEASE_HOST/AEEE.fasta,300000057,a7eca29bdfa06ff373048fffa7a90139afc98acfa938a8ec0a98459608045962,21,50,2,42,XXH64,5.080388683,59050586.425,59.050586425,300000000,0,299999980,299999931,299999931,1024,$KSSD_RELEASE_HOST/KSSD-Array-formal-results/final-validation-20260731-162115/02_figure2_final/logs/run_Synthetic_300_Mb_k21_w50_repeat2.log
final_release_formal,Synthetic_300_Mb,$KSSD_RELEASE_HOST/AEEE.fasta,300000057,a7eca29bdfa06ff373048fffa7a90139afc98acfa938a8ec0a98459608045962,21,50,2,42,MurmurHash3,2.984573115,100516864.369,100.516864369,300000000,0,299999980,299999931,299999931,1024,$KSSD_RELEASE_HOST/KSSD-Array-formal-results/final-validation-20260731-162115/02_figure2_final/logs/run_Synthetic_300_Mb_k21_w50_repeat2.log
final_release_formal,Synthetic_300_Mb,$KSSD_RELEASE_HOST/AEEE.fasta,300000057,a7eca29bdfa06ff373048fffa7a90139afc98acfa938a8ec0a98459608045962,21,50,2,42,wyhash,2.215400099,135415689.083,135.415689083,300000000,0,299999980,299999931,299999931,1024,$KSSD_RELEASE_HOST/KSSD-Array-formal-results/final-validation-20260731-162115/02_figure2_final/logs/run_Synthetic_300_Mb_k21_w50_repeat2.log
final_release_formal,Synthetic_300_Mb,$KSSD_RELEASE_HOST/AEEE.fasta,300000057,a7eca29bdfa06ff373048fffa7a90139afc98acfa938a8ec0a98459608045962,21,50,3,42,KSSD-Array,1.621445046,185020103.975,185.020103975,300000000,0,299999980,299999931,299999931,1024,$KSSD_RELEASE_HOST/KSSD-Array-formal-results/final-validation-20260731-162115/02_figure2_final/logs/run_Synthetic_300_Mb_k21_w50_repeat3.log
final_release_formal,Synthetic_300_Mb,$KSSD_RELEASE_HOST/AEEE.fasta,300000057,a7eca29bdfa06ff373048fffa7a90139afc98acfa938a8ec0a98459608045962,21,50,3,42,XXH3,4.276399140,70152462.663,70.152462663,300000000,0,299999980,299999931,299999931,1024,$KSSD_RELEASE_HOST/KSSD-Array-formal-results/final-validation-20260731-162115/02_figure2_final/logs/run_Synthetic_300_Mb_k21_w50_repeat3.log
final_release_formal,Synthetic_300_Mb,$KSSD_RELEASE_HOST/AEEE.fasta,300000057,a7eca29bdfa06ff373048fffa7a90139afc98acfa938a8ec0a98459608045962,21,50,3,42,XXH64,5.075492706,59107548.445,59.107548445,300000000,0,299999980,299999931,299999931,1024,$KSSD_RELEASE_HOST/KSSD-Array-formal-results/final-validation-20260731-162115/02_figure2_final/logs/run_Synthetic_300_Mb_k21_w50_repeat3.log
final_release_formal,Synthetic_300_Mb,$KSSD_RELEASE_HOST/AEEE.fasta,300000057,a7eca29bdfa06ff373048fffa7a90139afc98acfa938a8ec0a98459608045962,21,50,3,42,MurmurHash3,2.982619042,100582718.334,100.582718334,300000000,0,299999980,299999931,299999931,1024,$KSSD_RELEASE_HOST/KSSD-Array-formal-results/final-validation-20260731-162115/02_figure2_final/logs/run_Synthetic_300_Mb_k21_w50_repeat3.log
final_release_formal,Synthetic_300_Mb,$KSSD_RELEASE_HOST/AEEE.fasta,300000057,a7eca29bdfa06ff373048fffa7a90139afc98acfa938a8ec0a98459608045962,21,50,3,42,wyhash,2.216560041,135344825.067,135.344825067,300000000,0,299999980,299999931,299999931,1024,$KSSD_RELEASE_HOST/KSSD-Array-formal-results/final-validation-20260731-162115/02_figure2_final/logs/run_Synthetic_300_Mb_k21_w50_repeat3.log
final_release_formal,Synthetic_300_Mb,$KSSD_RELEASE_HOST/AEEE.fasta,300000057,a7eca29bdfa06ff373048fffa7a90139afc98acfa938a8ec0a98459608045962,21,50,4,42,KSSD-Array,1.623031836,184839215.317,184.839215317,300000000,0,299999980,299999931,299999931,1024,$KSSD_RELEASE_HOST/KSSD-Array-formal-results/final-validation-20260731-162115/02_figure2_final/logs/run_Synthetic_300_Mb_k21_w50_repeat4.log
final_release_formal,Synthetic_300_Mb,$KSSD_RELEASE_HOST/AEEE.fasta,300000057,a7eca29bdfa06ff373048fffa7a90139afc98acfa938a8ec0a98459608045962,21,50,4,42,XXH3,4.278033621,70125659.959,70.125659959,300000000,0,299999980,299999931,299999931,1024,$KSSD_RELEASE_HOST/KSSD-Array-formal-results/final-validation-20260731-162115/02_figure2_final/logs/run_Synthetic_300_Mb_k21_w50_repeat4.log
final_release_formal,Synthetic_300_Mb,$KSSD_RELEASE_HOST/AEEE.fasta,300000057,a7eca29bdfa06ff373048fffa7a90139afc98acfa938a8ec0a98459608045962,21,50,4,42,XXH64,5.076301141,59098135.171,59.098135171,300000000,0,299999980,299999931,299999931,1024,$KSSD_RELEASE_HOST/KSSD-Array-formal-results/final-validation-20260731-162115/02_figure2_final/logs/run_Synthetic_300_Mb_k21_w50_repeat4.log
final_release_formal,Synthetic_300_Mb,$KSSD_RELEASE_HOST/AEEE.fasta,300000057,a7eca29bdfa06ff373048fffa7a90139afc98acfa938a8ec0a98459608045962,21,50,4,42,MurmurHash3,2.979244905,100696633.062,100.696633062,300000000,0,299999980,299999931,299999931,1024,$KSSD_RELEASE_HOST/KSSD-Array-formal-results/final-validation-20260731-162115/02_figure2_final/logs/run_Synthetic_300_Mb_k21_w50_repeat4.log
final_release_formal,Synthetic_300_Mb,$KSSD_RELEASE_HOST/AEEE.fasta,300000057,a7eca29bdfa06ff373048fffa7a90139afc98acfa938a8ec0a98459608045962,21,50,4,42,wyhash,2.218287265,135239441.588,135.239441588,300000000,0,299999980,299999931,299999931,1024,$KSSD_RELEASE_HOST/KSSD-Array-formal-results/final-validation-20260731-162115/02_figure2_final/logs/run_Synthetic_300_Mb_k21_w50_repeat4.log
final_release_formal,Synthetic_300_Mb,$KSSD_RELEASE_HOST/AEEE.fasta,300000057,a7eca29bdfa06ff373048fffa7a90139afc98acfa938a8ec0a98459608045962,21,50,5,42,KSSD-Array,1.625423928,184567192.492,184.567192492,300000000,0,299999980,299999931,299999931,1024,$KSSD_RELEASE_HOST/KSSD-Array-formal-results/final-validation-20260731-162115/02_figure2_final/logs/run_Synthetic_300_Mb_k21_w50_repeat5.log
final_release_formal,Synthetic_300_Mb,$KSSD_RELEASE_HOST/AEEE.fasta,300000057,a7eca29bdfa06ff373048fffa7a90139afc98acfa938a8ec0a98459608045962,21,50,5,42,XXH3,4.274266684,70187462.126,70.187462126,300000000,0,299999980,299999931,299999931,1024,$KSSD_RELEASE_HOST/KSSD-Array-formal-results/final-validation-20260731-162115/02_figure2_final/logs/run_Synthetic_300_Mb_k21_w50_repeat5.log
final_release_formal,Synthetic_300_Mb,$KSSD_RELEASE_HOST/AEEE.fasta,300000057,a7eca29bdfa06ff373048fffa7a90139afc98acfa938a8ec0a98459608045962,21,50,5,42,XXH64,5.080277159,59051882.724,59.051882724,300000000,0,299999980,299999931,299999931,1024,$KSSD_RELEASE_HOST/KSSD-Array-formal-results/final-validation-20260731-162115/02_figure2_final/logs/run_Synthetic_300_Mb_k21_w50_repeat5.log
final_release_formal,Synthetic_300_Mb,$KSSD_RELEASE_HOST/AEEE.fasta,300000057,a7eca29bdfa06ff373048fffa7a90139afc98acfa938a8ec0a98459608045962,21,50,5,42,MurmurHash3,2.981398260,100623903.564,100.623903564,300000000,0,299999980,299999931,299999931,1024,$KSSD_RELEASE_HOST/KSSD-Array-formal-results/final-validation-20260731-162115/02_figure2_final/logs/run_Synthetic_300_Mb_k21_w50_repeat5.log
final_release_formal,Synthetic_300_Mb,$KSSD_RELEASE_HOST/AEEE.fasta,300000057,a7eca29bdfa06ff373048fffa7a90139afc98acfa938a8ec0a98459608045962,21,50,5,42,wyhash,2.221443879,135047269.857,135.047269857,300000000,0,299999980,299999931,299999931,1024,$KSSD_RELEASE_HOST/KSSD-Array-formal-results/final-validation-20260731-162115/02_figure2_final/logs/run_Synthetic_300_Mb_k21_w50_repeat5.log
final_release_formal,GRCh38.p14_chr1,$KSSD_RELEASE_HOST/seq/human/GCF_000001405.40_GRCh38.p14_genomic.fna,3339739109,df6e4918316e05a9cc1fd29c352841d3678b607d7a436819cd43371b52c814c0,21,50,1,42,KSSD-Array,1.252328920,184041859.386,184.041859386,230481012,18475410,230480992,230480943,230480943,1024,$KSSD_RELEASE_HOST/KSSD-Array-formal-results/final-validation-20260731-162115/02_figure2_final/logs/run_GRCh38.p14_chr1_k21_w50_repeat1.log
final_release_formal,GRCh38.p14_chr1,$KSSD_RELEASE_HOST/seq/human/GCF_000001405.40_GRCh38.p14_genomic.fna,3339739109,df6e4918316e05a9cc1fd29c352841d3678b607d7a436819cd43371b52c814c0,21,50,1,42,XXH3,3.289221679,70071574.826,70.071574826,230481012,18475410,230480992,230480943,230480943,1024,$KSSD_RELEASE_HOST/KSSD-Array-formal-results/final-validation-20260731-162115/02_figure2_final/logs/run_GRCh38.p14_chr1_k21_w50_repeat1.log
final_release_formal,GRCh38.p14_chr1,$KSSD_RELEASE_HOST/seq/human/GCF_000001405.40_GRCh38.p14_genomic.fna,3339739109,df6e4918316e05a9cc1fd29c352841d3678b607d7a436819cd43371b52c814c0,21,50,1,42,XXH64,3.906216769,59003623.360,59.003623360,230481012,18475410,230480992,230480943,230480943,1024,$KSSD_RELEASE_HOST/KSSD-Array-formal-results/final-validation-20260731-162115/02_figure2_final/logs/run_GRCh38.p14_chr1_k21_w50_repeat1.log
final_release_formal,GRCh38.p14_chr1,$KSSD_RELEASE_HOST/seq/human/GCF_000001405.40_GRCh38.p14_genomic.fna,3339739109,df6e4918316e05a9cc1fd29c352841d3678b607d7a436819cd43371b52c814c0,21,50,1,42,MurmurHash3,2.293974024,100472342.140,100.472342140,230481012,18475410,230480992,230480943,230480943,1024,$KSSD_RELEASE_HOST/KSSD-Array-formal-results/final-validation-20260731-162115/02_figure2_final/logs/run_GRCh38.p14_chr1_k21_w50_repeat1.log
final_release_formal,GRCh38.p14_chr1,$KSSD_RELEASE_HOST/seq/human/GCF_000001405.40_GRCh38.p14_genomic.fna,3339739109,df6e4918316e05a9cc1fd29c352841d3678b607d7a436819cd43371b52c814c0,21,50,1,42,wyhash,1.710785582,134722285.145,134.722285145,230481012,18475410,230480992,230480943,230480943,1024,$KSSD_RELEASE_HOST/KSSD-Array-formal-results/final-validation-20260731-162115/02_figure2_final/logs/run_GRCh38.p14_chr1_k21_w50_repeat1.log
final_release_formal,GRCh38.p14_chr1,$KSSD_RELEASE_HOST/seq/human/GCF_000001405.40_GRCh38.p14_genomic.fna,3339739109,df6e4918316e05a9cc1fd29c352841d3678b607d7a436819cd43371b52c814c0,21,50,2,42,KSSD-Array,1.249511643,184456819.023,184.456819023,230481012,18475410,230480992,230480943,230480943,1024,$KSSD_RELEASE_HOST/KSSD-Array-formal-results/final-validation-20260731-162115/02_figure2_final/logs/run_GRCh38.p14_chr1_k21_w50_repeat2.log
final_release_formal,GRCh38.p14_chr1,$KSSD_RELEASE_HOST/seq/human/GCF_000001405.40_GRCh38.p14_genomic.fna,3339739109,df6e4918316e05a9cc1fd29c352841d3678b607d7a436819cd43371b52c814c0,21,50,2,42,XXH3,3.287780138,70102298.002,70.102298002,230481012,18475410,230480992,230480943,230480943,1024,$KSSD_RELEASE_HOST/KSSD-Array-formal-results/final-validation-20260731-162115/02_figure2_final/logs/run_GRCh38.p14_chr1_k21_w50_repeat2.log
final_release_formal,GRCh38.p14_chr1,$KSSD_RELEASE_HOST/seq/human/GCF_000001405.40_GRCh38.p14_genomic.fna,3339739109,df6e4918316e05a9cc1fd29c352841d3678b607d7a436819cd43371b52c814c0,21,50,2,42,XXH64,3.903287645,59047901.144,59.047901144,230481012,18475410,230480992,230480943,230480943,1024,$KSSD_RELEASE_HOST/KSSD-Array-formal-results/final-validation-20260731-162115/02_figure2_final/logs/run_GRCh38.p14_chr1_k21_w50_repeat2.log
final_release_formal,GRCh38.p14_chr1,$KSSD_RELEASE_HOST/seq/human/GCF_000001405.40_GRCh38.p14_genomic.fna,3339739109,df6e4918316e05a9cc1fd29c352841d3678b607d7a436819cd43371b52c814c0,21,50,2,42,MurmurHash3,2.286663757,100793543.561,100.793543561,230481012,18475410,230480992,230480943,230480943,1024,$KSSD_RELEASE_HOST/KSSD-Array-formal-results/final-validation-20260731-162115/02_figure2_final/logs/run_GRCh38.p14_chr1_k21_w50_repeat2.log
final_release_formal,GRCh38.p14_chr1,$KSSD_RELEASE_HOST/seq/human/GCF_000001405.40_GRCh38.p14_genomic.fna,3339739109,df6e4918316e05a9cc1fd29c352841d3678b607d7a436819cd43371b52c814c0,21,50,2,42,wyhash,1.711635468,134655390.887,134.655390887,230481012,18475410,230480992,230480943,230480943,1024,$KSSD_RELEASE_HOST/KSSD-Array-formal-results/final-validation-20260731-162115/02_figure2_final/logs/run_GRCh38.p14_chr1_k21_w50_repeat2.log
final_release_formal,GRCh38.p14_chr1,$KSSD_RELEASE_HOST/seq/human/GCF_000001405.40_GRCh38.p14_genomic.fna,3339739109,df6e4918316e05a9cc1fd29c352841d3678b607d7a436819cd43371b52c814c0,21,50,3,42,KSSD-Array,1.249505875,184457670.517,184.457670517,230481012,18475410,230480992,230480943,230480943,1024,$KSSD_RELEASE_HOST/KSSD-Array-formal-results/final-validation-20260731-162115/02_figure2_final/logs/run_GRCh38.p14_chr1_k21_w50_repeat3.log
final_release_formal,GRCh38.p14_chr1,$KSSD_RELEASE_HOST/seq/human/GCF_000001405.40_GRCh38.p14_genomic.fna,3339739109,df6e4918316e05a9cc1fd29c352841d3678b607d7a436819cd43371b52c814c0,21,50,3,42,XXH3,3.288911237,70078188.918,70.078188918,230481012,18475410,230480992,230480943,230480943,1024,$KSSD_RELEASE_HOST/KSSD-Array-formal-results/final-validation-20260731-162115/02_figure2_final/logs/run_GRCh38.p14_chr1_k21_w50_repeat3.log
final_release_formal,GRCh38.p14_chr1,$KSSD_RELEASE_HOST/seq/human/GCF_000001405.40_GRCh38.p14_genomic.fna,3339739109,df6e4918316e05a9cc1fd29c352841d3678b607d7a436819cd43371b52c814c0,21,50,3,42,XXH64,3.902534402,59059298.204,59.059298204,230481012,18475410,230480992,230480943,230480943,1024,$KSSD_RELEASE_HOST/KSSD-Array-formal-results/final-validation-20260731-162115/02_figure2_final/logs/run_GRCh38.p14_chr1_k21_w50_repeat3.log
final_release_formal,GRCh38.p14_chr1,$KSSD_RELEASE_HOST/seq/human/GCF_000001405.40_GRCh38.p14_genomic.fna,3339739109,df6e4918316e05a9cc1fd29c352841d3678b607d7a436819cd43371b52c814c0,21,50,3,42,MurmurHash3,2.292907440,100519078.520,100.519078520,230481012,18475410,230480992,230480943,230480943,1024,$KSSD_RELEASE_HOST/KSSD-Array-formal-results/final-validation-20260731-162115/02_figure2_final/logs/run_GRCh38.p14_chr1_k21_w50_repeat3.log
final_release_formal,GRCh38.p14_chr1,$KSSD_RELEASE_HOST/seq/human/GCF_000001405.40_GRCh38.p14_genomic.fna,3339739109,df6e4918316e05a9cc1fd29c352841d3678b607d7a436819cd43371b52c814c0,21,50,3,42,wyhash,1.705861839,135111143.078,135.111143078,230481012,18475410,230480992,230480943,230480943,1024,$KSSD_RELEASE_HOST/KSSD-Array-formal-results/final-validation-20260731-162115/02_figure2_final/logs/run_GRCh38.p14_chr1_k21_w50_repeat3.log
final_release_formal,GRCh38.p14_chr1,$KSSD_RELEASE_HOST/seq/human/GCF_000001405.40_GRCh38.p14_genomic.fna,3339739109,df6e4918316e05a9cc1fd29c352841d3678b607d7a436819cd43371b52c814c0,21,50,4,42,KSSD-Array,1.248451157,184613504.267,184.613504267,230481012,18475410,230480992,230480943,230480943,1024,$KSSD_RELEASE_HOST/KSSD-Array-formal-results/final-validation-20260731-162115/02_figure2_final/logs/run_GRCh38.p14_chr1_k21_w50_repeat4.log
final_release_formal,GRCh38.p14_chr1,$KSSD_RELEASE_HOST/seq/human/GCF_000001405.40_GRCh38.p14_genomic.fna,3339739109,df6e4918316e05a9cc1fd29c352841d3678b607d7a436819cd43371b52c814c0,21,50,4,42,XXH3,3.290658472,70040979.628,70.040979628,230481012,18475410,230480992,230480943,230480943,1024,$KSSD_RELEASE_HOST/KSSD-Array-formal-results/final-validation-20260731-162115/02_figure2_final/logs/run_GRCh38.p14_chr1_k21_w50_repeat4.log
final_release_formal,GRCh38.p14_chr1,$KSSD_RELEASE_HOST/seq/human/GCF_000001405.40_GRCh38.p14_genomic.fna,3339739109,df6e4918316e05a9cc1fd29c352841d3678b607d7a436819cd43371b52c814c0,21,50,4,42,XXH64,3.905723239,59011079.100,59.011079100,230481012,18475410,230480992,230480943,230480943,1024,$KSSD_RELEASE_HOST/KSSD-Array-formal-results/final-validation-20260731-162115/02_figure2_final/logs/run_GRCh38.p14_chr1_k21_w50_repeat4.log
final_release_formal,GRCh38.p14_chr1,$KSSD_RELEASE_HOST/seq/human/GCF_000001405.40_GRCh38.p14_genomic.fna,3339739109,df6e4918316e05a9cc1fd29c352841d3678b607d7a436819cd43371b52c814c0,21,50,4,42,MurmurHash3,2.290040428,100644923.200,100.644923200,230481012,18475410,230480992,230480943,230480943,1024,$KSSD_RELEASE_HOST/KSSD-Array-formal-results/final-validation-20260731-162115/02_figure2_final/logs/run_GRCh38.p14_chr1_k21_w50_repeat4.log
final_release_formal,GRCh38.p14_chr1,$KSSD_RELEASE_HOST/seq/human/GCF_000001405.40_GRCh38.p14_genomic.fna,3339739109,df6e4918316e05a9cc1fd29c352841d3678b607d7a436819cd43371b52c814c0,21,50,4,42,wyhash,1.709664982,134810588.874,134.810588874,230481012,18475410,230480992,230480943,230480943,1024,$KSSD_RELEASE_HOST/KSSD-Array-formal-results/final-validation-20260731-162115/02_figure2_final/logs/run_GRCh38.p14_chr1_k21_w50_repeat4.log
final_release_formal,GRCh38.p14_chr1,$KSSD_RELEASE_HOST/seq/human/GCF_000001405.40_GRCh38.p14_genomic.fna,3339739109,df6e4918316e05a9cc1fd29c352841d3678b607d7a436819cd43371b52c814c0,21,50,5,42,KSSD-Array,1.248186739,184652613.106,184.652613106,230481012,18475410,230480992,230480943,230480943,1024,$KSSD_RELEASE_HOST/KSSD-Array-formal-results/final-validation-20260731-162115/02_figure2_final/logs/run_GRCh38.p14_chr1_k21_w50_repeat5.log
final_release_formal,GRCh38.p14_chr1,$KSSD_RELEASE_HOST/seq/human/GCF_000001405.40_GRCh38.p14_genomic.fna,3339739109,df6e4918316e05a9cc1fd29c352841d3678b607d7a436819cd43371b52c814c0,21,50,5,42,XXH3,3.287211559,70114423.384,70.114423384,230481012,18475410,230480992,230480943,230480943,1024,$KSSD_RELEASE_HOST/KSSD-Array-formal-results/final-validation-20260731-162115/02_figure2_final/logs/run_GRCh38.p14_chr1_k21_w50_repeat5.log
final_release_formal,GRCh38.p14_chr1,$KSSD_RELEASE_HOST/seq/human/GCF_000001405.40_GRCh38.p14_genomic.fna,3339739109,df6e4918316e05a9cc1fd29c352841d3678b607d7a436819cd43371b52c814c0,21,50,5,42,XXH64,3.903480392,59044985.463,59.044985463,230481012,18475410,230480992,230480943,230480943,1024,$KSSD_RELEASE_HOST/KSSD-Array-formal-results/final-validation-20260731-162115/02_figure2_final/logs/run_GRCh38.p14_chr1_k21_w50_repeat5.log
final_release_formal,GRCh38.p14_chr1,$KSSD_RELEASE_HOST/seq/human/GCF_000001405.40_GRCh38.p14_genomic.fna,3339739109,df6e4918316e05a9cc1fd29c352841d3678b607d7a436819cd43371b52c814c0,21,50,5,42,MurmurHash3,2.290551524,100622466.068,100.622466068,230481012,18475410,230480992,230480943,230480943,1024,$KSSD_RELEASE_HOST/KSSD-Array-formal-results/final-validation-20260731-162115/02_figure2_final/logs/run_GRCh38.p14_chr1_k21_w50_repeat5.log
final_release_formal,GRCh38.p14_chr1,$KSSD_RELEASE_HOST/seq/human/GCF_000001405.40_GRCh38.p14_genomic.fna,3339739109,df6e4918316e05a9cc1fd29c352841d3678b607d7a436819cd43371b52c814c0,21,50,5,42,wyhash,1.707700271,134965688.601,134.965688601,230481012,18475410,230480992,230480943,230480943,1024,$KSSD_RELEASE_HOST/KSSD-Array-formal-results/final-validation-20260731-162115/02_figure2_final/logs/run_GRCh38.p14_chr1_k21_w50_repeat5.log
final_release_formal,Synthetic_300_Mb,$KSSD_RELEASE_HOST/AEEE.fasta,300000057,a7eca29bdfa06ff373048fffa7a90139afc98acfa938a8ec0a98459608045962,24,10,1,42,KSSD-Array,2.069539074,144959798.908,144.959798908,300000000,0,299999977,299999968,299999968,1024,$KSSD_RELEASE_HOST/KSSD-Array-formal-results/final-validation-20260731-162115/02_figure2_final/logs/run_Synthetic_300_Mb_k24_w10_repeat1.log
final_release_formal,Synthetic_300_Mb,$KSSD_RELEASE_HOST/AEEE.fasta,300000057,a7eca29bdfa06ff373048fffa7a90139afc98acfa938a8ec0a98459608045962,24,10,1,42,XXH3,4.997923520,60024921.710,60.024921710,300000000,0,299999977,299999968,299999968,1024,$KSSD_RELEASE_HOST/KSSD-Array-formal-results/final-validation-20260731-162115/02_figure2_final/logs/run_Synthetic_300_Mb_k24_w10_repeat1.log
final_release_formal,Synthetic_300_Mb,$KSSD_RELEASE_HOST/AEEE.fasta,300000057,a7eca29bdfa06ff373048fffa7a90139afc98acfa938a8ec0a98459608045962,24,10,1,42,XXH64,6.085146950,49300365.376,49.300365376,300000000,0,299999977,299999968,299999968,1024,$KSSD_RELEASE_HOST/KSSD-Array-formal-results/final-validation-20260731-162115/02_figure2_final/logs/run_Synthetic_300_Mb_k24_w10_repeat1.log
final_release_formal,Synthetic_300_Mb,$KSSD_RELEASE_HOST/AEEE.fasta,300000057,a7eca29bdfa06ff373048fffa7a90139afc98acfa938a8ec0a98459608045962,24,10,1,42,MurmurHash3,3.671573024,81708838.702,81.708838702,300000000,0,299999977,299999968,299999968,1024,$KSSD_RELEASE_HOST/KSSD-Array-formal-results/final-validation-20260731-162115/02_figure2_final/logs/run_Synthetic_300_Mb_k24_w10_repeat1.log
final_release_formal,Synthetic_300_Mb,$KSSD_RELEASE_HOST/AEEE.fasta,300000057,a7eca29bdfa06ff373048fffa7a90139afc98acfa938a8ec0a98459608045962,24,10,1,42,wyhash,3.125608181,95981310.077,95.981310077,300000000,0,299999977,299999968,299999968,1024,$KSSD_RELEASE_HOST/KSSD-Array-formal-results/final-validation-20260731-162115/02_figure2_final/logs/run_Synthetic_300_Mb_k24_w10_repeat1.log
final_release_formal,Synthetic_300_Mb,$KSSD_RELEASE_HOST/AEEE.fasta,300000057,a7eca29bdfa06ff373048fffa7a90139afc98acfa938a8ec0a98459608045962,24,10,2,42,KSSD-Array,2.069556469,144958580.495,144.958580495,300000000,0,299999977,299999968,299999968,1024,$KSSD_RELEASE_HOST/KSSD-Array-formal-results/final-validation-20260731-162115/02_figure2_final/logs/run_Synthetic_300_Mb_k24_w10_repeat2.log
final_release_formal,Synthetic_300_Mb,$KSSD_RELEASE_HOST/AEEE.fasta,300000057,a7eca29bdfa06ff373048fffa7a90139afc98acfa938a8ec0a98459608045962,24,10,2,42,XXH3,5.012601067,59849160.943,59.849160943,300000000,0,299999977,299999968,299999968,1024,$KSSD_RELEASE_HOST/KSSD-Array-formal-results/final-validation-20260731-162115/02_figure2_final/logs/run_Synthetic_300_Mb_k24_w10_repeat2.log
final_release_formal,Synthetic_300_Mb,$KSSD_RELEASE_HOST/AEEE.fasta,300000057,a7eca29bdfa06ff373048fffa7a90139afc98acfa938a8ec0a98459608045962,24,10,2,42,XXH64,6.080194712,49340519.870,49.340519870,300000000,0,299999977,299999968,299999968,1024,$KSSD_RELEASE_HOST/KSSD-Array-formal-results/final-validation-20260731-162115/02_figure2_final/logs/run_Synthetic_300_Mb_k24_w10_repeat2.log
final_release_formal,Synthetic_300_Mb,$KSSD_RELEASE_HOST/AEEE.fasta,300000057,a7eca29bdfa06ff373048fffa7a90139afc98acfa938a8ec0a98459608045962,24,10,2,42,MurmurHash3,3.666684069,81817784.776,81.817784776,300000000,0,299999977,299999968,299999968,1024,$KSSD_RELEASE_HOST/KSSD-Array-formal-results/final-validation-20260731-162115/02_figure2_final/logs/run_Synthetic_300_Mb_k24_w10_repeat2.log
final_release_formal,Synthetic_300_Mb,$KSSD_RELEASE_HOST/AEEE.fasta,300000057,a7eca29bdfa06ff373048fffa7a90139afc98acfa938a8ec0a98459608045962,24,10,2,42,wyhash,3.125542229,95983335.377,95.983335377,300000000,0,299999977,299999968,299999968,1024,$KSSD_RELEASE_HOST/KSSD-Array-formal-results/final-validation-20260731-162115/02_figure2_final/logs/run_Synthetic_300_Mb_k24_w10_repeat2.log
final_release_formal,Synthetic_300_Mb,$KSSD_RELEASE_HOST/AEEE.fasta,300000057,a7eca29bdfa06ff373048fffa7a90139afc98acfa938a8ec0a98459608045962,24,10,3,42,KSSD-Array,2.069664353,144951024.336,144.951024336,300000000,0,299999977,299999968,299999968,1024,$KSSD_RELEASE_HOST/KSSD-Array-formal-results/final-validation-20260731-162115/02_figure2_final/logs/run_Synthetic_300_Mb_k24_w10_repeat3.log
final_release_formal,Synthetic_300_Mb,$KSSD_RELEASE_HOST/AEEE.fasta,300000057,a7eca29bdfa06ff373048fffa7a90139afc98acfa938a8ec0a98459608045962,24,10,3,42,XXH3,4.991587578,60101112.785,60.101112785,300000000,0,299999977,299999968,299999968,1024,$KSSD_RELEASE_HOST/KSSD-Array-formal-results/final-validation-20260731-162115/02_figure2_final/logs/run_Synthetic_300_Mb_k24_w10_repeat3.log
final_release_formal,Synthetic_300_Mb,$KSSD_RELEASE_HOST/AEEE.fasta,300000057,a7eca29bdfa06ff373048fffa7a90139afc98acfa938a8ec0a98459608045962,24,10,3,42,XXH64,6.076969921,49366702.798,49.366702798,300000000,0,299999977,299999968,299999968,1024,$KSSD_RELEASE_HOST/KSSD-Array-formal-results/final-validation-20260731-162115/02_figure2_final/logs/run_Synthetic_300_Mb_k24_w10_repeat3.log
final_release_formal,Synthetic_300_Mb,$KSSD_RELEASE_HOST/AEEE.fasta,300000057,a7eca29bdfa06ff373048fffa7a90139afc98acfa938a8ec0a98459608045962,24,10,3,42,MurmurHash3,3.666366941,81824861.730,81.824861730,300000000,0,299999977,299999968,299999968,1024,$KSSD_RELEASE_HOST/KSSD-Array-formal-results/final-validation-20260731-162115/02_figure2_final/logs/run_Synthetic_300_Mb_k24_w10_repeat3.log
final_release_formal,Synthetic_300_Mb,$KSSD_RELEASE_HOST/AEEE.fasta,300000057,a7eca29bdfa06ff373048fffa7a90139afc98acfa938a8ec0a98459608045962,24,10,3,42,wyhash,3.122611972,96073406.075,96.073406075,300000000,0,299999977,299999968,299999968,1024,$KSSD_RELEASE_HOST/KSSD-Array-formal-results/final-validation-20260731-162115/02_figure2_final/logs/run_Synthetic_300_Mb_k24_w10_repeat3.log
final_release_formal,Synthetic_300_Mb,$KSSD_RELEASE_HOST/AEEE.fasta,300000057,a7eca29bdfa06ff373048fffa7a90139afc98acfa938a8ec0a98459608045962,24,10,4,42,KSSD-Array,2.069629405,144953471.996,144.953471996,300000000,0,299999977,299999968,299999968,1024,$KSSD_RELEASE_HOST/KSSD-Array-formal-results/final-validation-20260731-162115/02_figure2_final/logs/run_Synthetic_300_Mb_k24_w10_repeat4.log
final_release_formal,Synthetic_300_Mb,$KSSD_RELEASE_HOST/AEEE.fasta,300000057,a7eca29bdfa06ff373048fffa7a90139afc98acfa938a8ec0a98459608045962,24,10,4,42,XXH3,5.024382085,59708828.454,59.708828454,300000000,0,299999977,299999968,299999968,1024,$KSSD_RELEASE_HOST/KSSD-Array-formal-results/final-validation-20260731-162115/02_figure2_final/logs/run_Synthetic_300_Mb_k24_w10_repeat4.log
final_release_formal,Synthetic_300_Mb,$KSSD_RELEASE_HOST/AEEE.fasta,300000057,a7eca29bdfa06ff373048fffa7a90139afc98acfa938a8ec0a98459608045962,24,10,4,42,XXH64,6.066592273,49451150.580,49.451150580,300000000,0,299999977,299999968,299999968,1024,$KSSD_RELEASE_HOST/KSSD-Array-formal-results/final-validation-20260731-162115/02_figure2_final/logs/run_Synthetic_300_Mb_k24_w10_repeat4.log
final_release_formal,Synthetic_300_Mb,$KSSD_RELEASE_HOST/AEEE.fasta,300000057,a7eca29bdfa06ff373048fffa7a90139afc98acfa938a8ec0a98459608045962,24,10,4,42,MurmurHash3,3.658629309,81997913.061,81.997913061,300000000,0,299999977,299999968,299999968,1024,$KSSD_RELEASE_HOST/KSSD-Array-formal-results/final-validation-20260731-162115/02_figure2_final/logs/run_Synthetic_300_Mb_k24_w10_repeat4.log
final_release_formal,Synthetic_300_Mb,$KSSD_RELEASE_HOST/AEEE.fasta,300000057,a7eca29bdfa06ff373048fffa7a90139afc98acfa938a8ec0a98459608045962,24,10,4,42,wyhash,3.119670450,96163993.219,96.163993219,300000000,0,299999977,299999968,299999968,1024,$KSSD_RELEASE_HOST/KSSD-Array-formal-results/final-validation-20260731-162115/02_figure2_final/logs/run_Synthetic_300_Mb_k24_w10_repeat4.log
final_release_formal,Synthetic_300_Mb,$KSSD_RELEASE_HOST/AEEE.fasta,300000057,a7eca29bdfa06ff373048fffa7a90139afc98acfa938a8ec0a98459608045962,24,10,5,42,KSSD-Array,2.069642264,144952571.378,144.952571378,300000000,0,299999977,299999968,299999968,1024,$KSSD_RELEASE_HOST/KSSD-Array-formal-results/final-validation-20260731-162115/02_figure2_final/logs/run_Synthetic_300_Mb_k24_w10_repeat5.log
final_release_formal,Synthetic_300_Mb,$KSSD_RELEASE_HOST/AEEE.fasta,300000057,a7eca29bdfa06ff373048fffa7a90139afc98acfa938a8ec0a98459608045962,24,10,5,42,XXH3,4.979155327,60251176.816,60.251176816,300000000,0,299999977,299999968,299999968,1024,$KSSD_RELEASE_HOST/KSSD-Array-formal-results/final-validation-20260731-162115/02_figure2_final/logs/run_Synthetic_300_Mb_k24_w10_repeat5.log
final_release_formal,Synthetic_300_Mb,$KSSD_RELEASE_HOST/AEEE.fasta,300000057,a7eca29bdfa06ff373048fffa7a90139afc98acfa938a8ec0a98459608045962,24,10,5,42,XXH64,6.115070315,49059119.936,49.059119936,300000000,0,299999977,299999968,299999968,1024,$KSSD_RELEASE_HOST/KSSD-Array-formal-results/final-validation-20260731-162115/02_figure2_final/logs/run_Synthetic_300_Mb_k24_w10_repeat5.log
final_release_formal,Synthetic_300_Mb,$KSSD_RELEASE_HOST/AEEE.fasta,300000057,a7eca29bdfa06ff373048fffa7a90139afc98acfa938a8ec0a98459608045962,24,10,5,42,MurmurHash3,3.667959345,81789338.371,81.789338371,300000000,0,299999977,299999968,299999968,1024,$KSSD_RELEASE_HOST/KSSD-Array-formal-results/final-validation-20260731-162115/02_figure2_final/logs/run_Synthetic_300_Mb_k24_w10_repeat5.log
final_release_formal,Synthetic_300_Mb,$KSSD_RELEASE_HOST/AEEE.fasta,300000057,a7eca29bdfa06ff373048fffa7a90139afc98acfa938a8ec0a98459608045962,24,10,5,42,wyhash,3.122079980,96089776.662,96.089776662,300000000,0,299999977,299999968,299999968,1024,$KSSD_RELEASE_HOST/KSSD-Array-formal-results/final-validation-20260731-162115/02_figure2_final/logs/run_Synthetic_300_Mb_k24_w10_repeat5.log
final_release_formal,GRCh38.p14_chr1,$KSSD_RELEASE_HOST/seq/human/GCF_000001405.40_GRCh38.p14_genomic.fna,3339739109,df6e4918316e05a9cc1fd29c352841d3678b607d7a436819cd43371b52c814c0,24,10,1,42,KSSD-Array,1.577969901,146061708.689,146.061708689,230481012,18475410,230480989,230480980,230480980,1024,$KSSD_RELEASE_HOST/KSSD-Array-formal-results/final-validation-20260731-162115/02_figure2_final/logs/run_GRCh38.p14_chr1_k24_w10_repeat1.log
final_release_formal,GRCh38.p14_chr1,$KSSD_RELEASE_HOST/seq/human/GCF_000001405.40_GRCh38.p14_genomic.fna,3339739109,df6e4918316e05a9cc1fd29c352841d3678b607d7a436819cd43371b52c814c0,24,10,1,42,XXH3,3.856538495,59763692.311,59.763692311,230481012,18475410,230480989,230480980,230480980,1024,$KSSD_RELEASE_HOST/KSSD-Array-formal-results/final-validation-20260731-162115/02_figure2_final/logs/run_GRCh38.p14_chr1_k24_w10_repeat1.log
final_release_formal,GRCh38.p14_chr1,$KSSD_RELEASE_HOST/seq/human/GCF_000001405.40_GRCh38.p14_genomic.fna,3339739109,df6e4918316e05a9cc1fd29c352841d3678b607d7a436819cd43371b52c814c0,24,10,1,42,XXH64,4.657236931,49488781.313,49.488781313,230481012,18475410,230480989,230480980,230480980,1024,$KSSD_RELEASE_HOST/KSSD-Array-formal-results/final-validation-20260731-162115/02_figure2_final/logs/run_GRCh38.p14_chr1_k24_w10_repeat1.log
final_release_formal,GRCh38.p14_chr1,$KSSD_RELEASE_HOST/seq/human/GCF_000001405.40_GRCh38.p14_genomic.fna,3339739109,df6e4918316e05a9cc1fd29c352841d3678b607d7a436819cd43371b52c814c0,24,10,1,42,MurmurHash3,2.818225742,81782298.900,81.782298900,230481012,18475410,230480989,230480980,230480980,1024,$KSSD_RELEASE_HOST/KSSD-Array-formal-results/final-validation-20260731-162115/02_figure2_final/logs/run_GRCh38.p14_chr1_k24_w10_repeat1.log
final_release_formal,GRCh38.p14_chr1,$KSSD_RELEASE_HOST/seq/human/GCF_000001405.40_GRCh38.p14_genomic.fna,3339739109,df6e4918316e05a9cc1fd29c352841d3678b607d7a436819cd43371b52c814c0,24,10,1,42,wyhash,2.389511247,96455281.510,96.455281510,230481012,18475410,230480989,230480980,230480980,1024,$KSSD_RELEASE_HOST/KSSD-Array-formal-results/final-validation-20260731-162115/02_figure2_final/logs/run_GRCh38.p14_chr1_k24_w10_repeat1.log
final_release_formal,GRCh38.p14_chr1,$KSSD_RELEASE_HOST/seq/human/GCF_000001405.40_GRCh38.p14_genomic.fna,3339739109,df6e4918316e05a9cc1fd29c352841d3678b607d7a436819cd43371b52c814c0,24,10,2,42,KSSD-Array,1.578306264,146030580.539,146.030580539,230481012,18475410,230480989,230480980,230480980,1024,$KSSD_RELEASE_HOST/KSSD-Array-formal-results/final-validation-20260731-162115/02_figure2_final/logs/run_GRCh38.p14_chr1_k24_w10_repeat2.log
final_release_formal,GRCh38.p14_chr1,$KSSD_RELEASE_HOST/seq/human/GCF_000001405.40_GRCh38.p14_genomic.fna,3339739109,df6e4918316e05a9cc1fd29c352841d3678b607d7a436819cd43371b52c814c0,24,10,2,42,XXH3,3.821973491,60304180.692,60.304180692,230481012,18475410,230480989,230480980,230480980,1024,$KSSD_RELEASE_HOST/KSSD-Array-formal-results/final-validation-20260731-162115/02_figure2_final/logs/run_GRCh38.p14_chr1_k24_w10_repeat2.log
final_release_formal,GRCh38.p14_chr1,$KSSD_RELEASE_HOST/seq/human/GCF_000001405.40_GRCh38.p14_genomic.fna,3339739109,df6e4918316e05a9cc1fd29c352841d3678b607d7a436819cd43371b52c814c0,24,10,2,42,XXH64,4.667901588,49375715.331,49.375715331,230481012,18475410,230480989,230480980,230480980,1024,$KSSD_RELEASE_HOST/KSSD-Array-formal-results/final-validation-20260731-162115/02_figure2_final/logs/run_GRCh38.p14_chr1_k24_w10_repeat2.log
final_release_formal,GRCh38.p14_chr1,$KSSD_RELEASE_HOST/seq/human/GCF_000001405.40_GRCh38.p14_genomic.fna,3339739109,df6e4918316e05a9cc1fd29c352841d3678b607d7a436819cd43371b52c814c0,24,10,2,42,MurmurHash3,2.804277945,82189064.180,82.189064180,230481012,18475410,230480989,230480980,230480980,1024,$KSSD_RELEASE_HOST/KSSD-Array-formal-results/final-validation-20260731-162115/02_figure2_final/logs/run_GRCh38.p14_chr1_k24_w10_repeat2.log
final_release_formal,GRCh38.p14_chr1,$KSSD_RELEASE_HOST/seq/human/GCF_000001405.40_GRCh38.p14_genomic.fna,3339739109,df6e4918316e05a9cc1fd29c352841d3678b607d7a436819cd43371b52c814c0,24,10,2,42,wyhash,2.394247870,96264460.705,96.264460705,230481012,18475410,230480989,230480980,230480980,1024,$KSSD_RELEASE_HOST/KSSD-Array-formal-results/final-validation-20260731-162115/02_figure2_final/logs/run_GRCh38.p14_chr1_k24_w10_repeat2.log
final_release_formal,GRCh38.p14_chr1,$KSSD_RELEASE_HOST/seq/human/GCF_000001405.40_GRCh38.p14_genomic.fna,3339739109,df6e4918316e05a9cc1fd29c352841d3678b607d7a436819cd43371b52c814c0,24,10,3,42,KSSD-Array,1.578411903,146020807.092,146.020807092,230481012,18475410,230480989,230480980,230480980,1024,$KSSD_RELEASE_HOST/KSSD-Array-formal-results/final-validation-20260731-162115/02_figure2_final/logs/run_GRCh38.p14_chr1_k24_w10_repeat3.log
final_release_formal,GRCh38.p14_chr1,$KSSD_RELEASE_HOST/seq/human/GCF_000001405.40_GRCh38.p14_genomic.fna,3339739109,df6e4918316e05a9cc1fd29c352841d3678b607d7a436819cd43371b52c814c0,24,10,3,42,XXH3,3.830346097,60172364.106,60.172364106,230481012,18475410,230480989,230480980,230480980,1024,$KSSD_RELEASE_HOST/KSSD-Array-formal-results/final-validation-20260731-162115/02_figure2_final/logs/run_GRCh38.p14_chr1_k24_w10_repeat3.log
final_release_formal,GRCh38.p14_chr1,$KSSD_RELEASE_HOST/seq/human/GCF_000001405.40_GRCh38.p14_genomic.fna,3339739109,df6e4918316e05a9cc1fd29c352841d3678b607d7a436819cd43371b52c814c0,24,10,3,42,XXH64,4.661646096,49441972.911,49.441972911,230481012,18475410,230480989,230480980,230480980,1024,$KSSD_RELEASE_HOST/KSSD-Array-formal-results/final-validation-20260731-162115/02_figure2_final/logs/run_GRCh38.p14_chr1_k24_w10_repeat3.log
final_release_formal,GRCh38.p14_chr1,$KSSD_RELEASE_HOST/seq/human/GCF_000001405.40_GRCh38.p14_genomic.fna,3339739109,df6e4918316e05a9cc1fd29c352841d3678b607d7a436819cd43371b52c814c0,24,10,3,42,MurmurHash3,2.806458848,82125194.946,82.125194946,230481012,18475410,230480989,230480980,230480980,1024,$KSSD_RELEASE_HOST/KSSD-Array-formal-results/final-validation-20260731-162115/02_figure2_final/logs/run_GRCh38.p14_chr1_k24_w10_repeat3.log
final_release_formal,GRCh38.p14_chr1,$KSSD_RELEASE_HOST/seq/human/GCF_000001405.40_GRCh38.p14_genomic.fna,3339739109,df6e4918316e05a9cc1fd29c352841d3678b607d7a436819cd43371b52c814c0,24,10,3,42,wyhash,2.391851205,96360918.906,96.360918906,230481012,18475410,230480989,230480980,230480980,1024,$KSSD_RELEASE_HOST/KSSD-Array-formal-results/final-validation-20260731-162115/02_figure2_final/logs/run_GRCh38.p14_chr1_k24_w10_repeat3.log
final_release_formal,GRCh38.p14_chr1,$KSSD_RELEASE_HOST/seq/human/GCF_000001405.40_GRCh38.p14_genomic.fna,3339739109,df6e4918316e05a9cc1fd29c352841d3678b607d7a436819cd43371b52c814c0,24,10,4,42,KSSD-Array,1.578165134,146043639.562,146.043639562,230481012,18475410,230480989,230480980,230480980,1024,$KSSD_RELEASE_HOST/KSSD-Array-formal-results/final-validation-20260731-162115/02_figure2_final/logs/run_GRCh38.p14_chr1_k24_w10_repeat4.log
final_release_formal,GRCh38.p14_chr1,$KSSD_RELEASE_HOST/seq/human/GCF_000001405.40_GRCh38.p14_genomic.fna,3339739109,df6e4918316e05a9cc1fd29c352841d3678b607d7a436819cd43371b52c814c0,24,10,4,42,XXH3,3.854684446,59792437.806,59.792437806,230481012,18475410,230480989,230480980,230480980,1024,$KSSD_RELEASE_HOST/KSSD-Array-formal-results/final-validation-20260731-162115/02_figure2_final/logs/run_GRCh38.p14_chr1_k24_w10_repeat4.log
final_release_formal,GRCh38.p14_chr1,$KSSD_RELEASE_HOST/seq/human/GCF_000001405.40_GRCh38.p14_genomic.fna,3339739109,df6e4918316e05a9cc1fd29c352841d3678b607d7a436819cd43371b52c814c0,24,10,4,42,XXH64,4.662152520,49436602.301,49.436602301,230481012,18475410,230480989,230480980,230480980,1024,$KSSD_RELEASE_HOST/KSSD-Array-formal-results/final-validation-20260731-162115/02_figure2_final/logs/run_GRCh38.p14_chr1_k24_w10_repeat4.log
final_release_formal,GRCh38.p14_chr1,$KSSD_RELEASE_HOST/seq/human/GCF_000001405.40_GRCh38.p14_genomic.fna,3339739109,df6e4918316e05a9cc1fd29c352841d3678b607d7a436819cd43371b52c814c0,24,10,4,42,MurmurHash3,2.806165537,82133778.981,82.133778981,230481012,18475410,230480989,230480980,230480980,1024,$KSSD_RELEASE_HOST/KSSD-Array-formal-results/final-validation-20260731-162115/02_figure2_final/logs/run_GRCh38.p14_chr1_k24_w10_repeat4.log
final_release_formal,GRCh38.p14_chr1,$KSSD_RELEASE_HOST/seq/human/GCF_000001405.40_GRCh38.p14_genomic.fna,3339739109,df6e4918316e05a9cc1fd29c352841d3678b607d7a436819cd43371b52c814c0,24,10,4,42,wyhash,2.395088744,96230663.927,96.230663927,230481012,18475410,230480989,230480980,230480980,1024,$KSSD_RELEASE_HOST/KSSD-Array-formal-results/final-validation-20260731-162115/02_figure2_final/logs/run_GRCh38.p14_chr1_k24_w10_repeat4.log
final_release_formal,GRCh38.p14_chr1,$KSSD_RELEASE_HOST/seq/human/GCF_000001405.40_GRCh38.p14_genomic.fna,3339739109,df6e4918316e05a9cc1fd29c352841d3678b607d7a436819cd43371b52c814c0,24,10,5,42,KSSD-Array,1.578167556,146043415.431,146.043415431,230481012,18475410,230480989,230480980,230480980,1024,$KSSD_RELEASE_HOST/KSSD-Array-formal-results/final-validation-20260731-162115/02_figure2_final/logs/run_GRCh38.p14_chr1_k24_w10_repeat5.log
final_release_formal,GRCh38.p14_chr1,$KSSD_RELEASE_HOST/seq/human/GCF_000001405.40_GRCh38.p14_genomic.fna,3339739109,df6e4918316e05a9cc1fd29c352841d3678b607d7a436819cd43371b52c814c0,24,10,5,42,XXH3,3.836907155,60069470.198,60.069470198,230481012,18475410,230480989,230480980,230480980,1024,$KSSD_RELEASE_HOST/KSSD-Array-formal-results/final-validation-20260731-162115/02_figure2_final/logs/run_GRCh38.p14_chr1_k24_w10_repeat5.log
final_release_formal,GRCh38.p14_chr1,$KSSD_RELEASE_HOST/seq/human/GCF_000001405.40_GRCh38.p14_genomic.fna,3339739109,df6e4918316e05a9cc1fd29c352841d3678b607d7a436819cd43371b52c814c0,24,10,5,42,XXH64,4.685375646,49191569.132,49.191569132,230481012,18475410,230480989,230480980,230480980,1024,$KSSD_RELEASE_HOST/KSSD-Array-formal-results/final-validation-20260731-162115/02_figure2_final/logs/run_GRCh38.p14_chr1_k24_w10_repeat5.log
final_release_formal,GRCh38.p14_chr1,$KSSD_RELEASE_HOST/seq/human/GCF_000001405.40_GRCh38.p14_genomic.fna,3339739109,df6e4918316e05a9cc1fd29c352841d3678b607d7a436819cd43371b52c814c0,24,10,5,42,MurmurHash3,2.819380507,81748802.415,81.748802415,230481012,18475410,230480989,230480980,230480980,1024,$KSSD_RELEASE_HOST/KSSD-Array-formal-results/final-validation-20260731-162115/02_figure2_final/logs/run_GRCh38.p14_chr1_k24_w10_repeat5.log
final_release_formal,GRCh38.p14_chr1,$KSSD_RELEASE_HOST/seq/human/GCF_000001405.40_GRCh38.p14_genomic.fna,3339739109,df6e4918316e05a9cc1fd29c352841d3678b607d7a436819cd43371b52c814c0,24,10,5,42,wyhash,2.393655787,96288272.212,96.288272212,230481012,18475410,230480989,230480980,230480980,1024,$KSSD_RELEASE_HOST/KSSD-Array-formal-results/final-validation-20260731-162115/02_figure2_final/logs/run_GRCh38.p14_chr1_k24_w10_repeat5.log
final_release_formal,Synthetic_300_Mb,$KSSD_RELEASE_HOST/AEEE.fasta,300000057,a7eca29bdfa06ff373048fffa7a90139afc98acfa938a8ec0a98459608045962,24,20,1,42,KSSD-Array,2.068449676,145036140.584,145.036140584,300000000,0,299999977,299999958,299999958,1024,$KSSD_RELEASE_HOST/KSSD-Array-formal-results/final-validation-20260731-162115/02_figure2_final/logs/run_Synthetic_300_Mb_k24_w20_repeat1.log
final_release_formal,Synthetic_300_Mb,$KSSD_RELEASE_HOST/AEEE.fasta,300000057,a7eca29bdfa06ff373048fffa7a90139afc98acfa938a8ec0a98459608045962,24,20,1,42,XXH3,4.615708000,64995436.886,64.995436886,300000000,0,299999977,299999958,299999958,1024,$KSSD_RELEASE_HOST/KSSD-Array-formal-results/final-validation-20260731-162115/02_figure2_final/logs/run_Synthetic_300_Mb_k24_w20_repeat1.log
final_release_formal,Synthetic_300_Mb,$KSSD_RELEASE_HOST/AEEE.fasta,300000057,a7eca29bdfa06ff373048fffa7a90139afc98acfa938a8ec0a98459608045962,24,20,1,42,XXH64,5.488197953,54662743.685,54.662743685,300000000,0,299999977,299999958,299999958,1024,$KSSD_RELEASE_HOST/KSSD-Array-formal-results/final-validation-20260731-162115/02_figure2_final/logs/run_Synthetic_300_Mb_k24_w20_repeat1.log
final_release_formal,Synthetic_300_Mb,$KSSD_RELEASE_HOST/AEEE.fasta,300000057,a7eca29bdfa06ff373048fffa7a90139afc98acfa938a8ec0a98459608045962,24,20,1,42,MurmurHash3,3.481413069,86171894.014,86.171894014,300000000,0,299999977,299999958,299999958,1024,$KSSD_RELEASE_HOST/KSSD-Array-formal-results/final-validation-20260731-162115/02_figure2_final/logs/run_Synthetic_300_Mb_k24_w20_repeat1.log
final_release_formal,Synthetic_300_Mb,$KSSD_RELEASE_HOST/AEEE.fasta,300000057,a7eca29bdfa06ff373048fffa7a90139afc98acfa938a8ec0a98459608045962,24,20,1,42,wyhash,2.962428412,101268255.727,101.268255727,300000000,0,299999977,299999958,299999958,1024,$KSSD_RELEASE_HOST/KSSD-Array-formal-results/final-validation-20260731-162115/02_figure2_final/logs/run_Synthetic_300_Mb_k24_w20_repeat1.log
final_release_formal,Synthetic_300_Mb,$KSSD_RELEASE_HOST/AEEE.fasta,300000057,a7eca29bdfa06ff373048fffa7a90139afc98acfa938a8ec0a98459608045962,24,20,2,42,KSSD-Array,2.071075844,144852231.689,144.852231689,300000000,0,299999977,299999958,299999958,1024,$KSSD_RELEASE_HOST/KSSD-Array-formal-results/final-validation-20260731-162115/02_figure2_final/logs/run_Synthetic_300_Mb_k24_w20_repeat2.log
final_release_formal,Synthetic_300_Mb,$KSSD_RELEASE_HOST/AEEE.fasta,300000057,a7eca29bdfa06ff373048fffa7a90139afc98acfa938a8ec0a98459608045962,24,20,2,42,XXH3,4.616326166,64986733.435,64.986733435,300000000,0,299999977,299999958,299999958,1024,$KSSD_RELEASE_HOST/KSSD-Array-formal-results/final-validation-20260731-162115/02_figure2_final/logs/run_Synthetic_300_Mb_k24_w20_repeat2.log
final_release_formal,Synthetic_300_Mb,$KSSD_RELEASE_HOST/AEEE.fasta,300000057,a7eca29bdfa06ff373048fffa7a90139afc98acfa938a8ec0a98459608045962,24,20,2,42,XXH64,5.475753667,54786971.117,54.786971117,300000000,0,299999977,299999958,299999958,1024,$KSSD_RELEASE_HOST/KSSD-Array-formal-results/final-validation-20260731-162115/02_figure2_final/logs/run_Synthetic_300_Mb_k24_w20_repeat2.log
final_release_formal,Synthetic_300_Mb,$KSSD_RELEASE_HOST/AEEE.fasta,300000057,a7eca29bdfa06ff373048fffa7a90139afc98acfa938a8ec0a98459608045962,24,20,2,42,MurmurHash3,3.476850919,86284964.466,86.284964466,300000000,0,299999977,299999958,299999958,1024,$KSSD_RELEASE_HOST/KSSD-Array-formal-results/final-validation-20260731-162115/02_figure2_final/logs/run_Synthetic_300_Mb_k24_w20_repeat2.log
final_release_formal,Synthetic_300_Mb,$KSSD_RELEASE_HOST/AEEE.fasta,300000057,a7eca29bdfa06ff373048fffa7a90139afc98acfa938a8ec0a98459608045962,24,20,2,42,wyhash,2.962515263,101265286.882,101.265286882,300000000,0,299999977,299999958,299999958,1024,$KSSD_RELEASE_HOST/KSSD-Array-formal-results/final-validation-20260731-162115/02_figure2_final/logs/run_Synthetic_300_Mb_k24_w20_repeat2.log
final_release_formal,Synthetic_300_Mb,$KSSD_RELEASE_HOST/AEEE.fasta,300000057,a7eca29bdfa06ff373048fffa7a90139afc98acfa938a8ec0a98459608045962,24,20,3,42,KSSD-Array,2.072094200,144781042.290,144.781042290,300000000,0,299999977,299999958,299999958,1024,$KSSD_RELEASE_HOST/KSSD-Array-formal-results/final-validation-20260731-162115/02_figure2_final/logs/run_Synthetic_300_Mb_k24_w20_repeat3.log
final_release_formal,Synthetic_300_Mb,$KSSD_RELEASE_HOST/AEEE.fasta,300000057,a7eca29bdfa06ff373048fffa7a90139afc98acfa938a8ec0a98459608045962,24,20,3,42,XXH3,4.617989136,64963331.261,64.963331261,300000000,0,299999977,299999958,299999958,1024,$KSSD_RELEASE_HOST/KSSD-Array-formal-results/final-validation-20260731-162115/02_figure2_final/logs/run_Synthetic_300_Mb_k24_w20_repeat3.log
final_release_formal,Synthetic_300_Mb,$KSSD_RELEASE_HOST/AEEE.fasta,300000057,a7eca29bdfa06ff373048fffa7a90139afc98acfa938a8ec0a98459608045962,24,20,3,42,XXH64,5.480357482,54740946.915,54.740946915,300000000,0,299999977,299999958,299999958,1024,$KSSD_RELEASE_HOST/KSSD-Array-formal-results/final-validation-20260731-162115/02_figure2_final/logs/run_Synthetic_300_Mb_k24_w20_repeat3.log
final_release_formal,Synthetic_300_Mb,$KSSD_RELEASE_HOST/AEEE.fasta,300000057,a7eca29bdfa06ff373048fffa7a90139afc98acfa938a8ec0a98459608045962,24,20,3,42,MurmurHash3,3.475384458,86321372.966,86.321372966,300000000,0,299999977,299999958,299999958,1024,$KSSD_RELEASE_HOST/KSSD-Array-formal-results/final-validation-20260731-162115/02_figure2_final/logs/run_Synthetic_300_Mb_k24_w20_repeat3.log
final_release_formal,Synthetic_300_Mb,$KSSD_RELEASE_HOST/AEEE.fasta,300000057,a7eca29bdfa06ff373048fffa7a90139afc98acfa938a8ec0a98459608045962,24,20,3,42,wyhash,2.962531846,101264720.042,101.264720042,300000000,0,299999977,299999958,299999958,1024,$KSSD_RELEASE_HOST/KSSD-Array-formal-results/final-validation-20260731-162115/02_figure2_final/logs/run_Synthetic_300_Mb_k24_w20_repeat3.log
final_release_formal,Synthetic_300_Mb,$KSSD_RELEASE_HOST/AEEE.fasta,300000057,a7eca29bdfa06ff373048fffa7a90139afc98acfa938a8ec0a98459608045962,24,20,4,42,KSSD-Array,2.068894761,145004938.702,145.004938702,300000000,0,299999977,299999958,299999958,1024,$KSSD_RELEASE_HOST/KSSD-Array-formal-results/final-validation-20260731-162115/02_figure2_final/logs/run_Synthetic_300_Mb_k24_w20_repeat4.log
final_release_formal,Synthetic_300_Mb,$KSSD_RELEASE_HOST/AEEE.fasta,300000057,a7eca29bdfa06ff373048fffa7a90139afc98acfa938a8ec0a98459608045962,24,20,4,42,XXH3,4.623138179,64890978.029,64.890978029,300000000,0,299999977,299999958,299999958,1024,$KSSD_RELEASE_HOST/KSSD-Array-formal-results/final-validation-20260731-162115/02_figure2_final/logs/run_Synthetic_300_Mb_k24_w20_repeat4.log
final_release_formal,Synthetic_300_Mb,$KSSD_RELEASE_HOST/AEEE.fasta,300000057,a7eca29bdfa06ff373048fffa7a90139afc98acfa938a8ec0a98459608045962,24,20,4,42,XXH64,5.475692205,54787586.075,54.787586075,300000000,0,299999977,299999958,299999958,1024,$KSSD_RELEASE_HOST/KSSD-Array-formal-results/final-validation-20260731-162115/02_figure2_final/logs/run_Synthetic_300_Mb_k24_w20_repeat4.log
final_release_formal,Synthetic_300_Mb,$KSSD_RELEASE_HOST/AEEE.fasta,300000057,a7eca29bdfa06ff373048fffa7a90139afc98acfa938a8ec0a98459608045962,24,20,4,42,MurmurHash3,3.481544799,86168633.558,86.168633558,300000000,0,299999977,299999958,299999958,1024,$KSSD_RELEASE_HOST/KSSD-Array-formal-results/final-validation-20260731-162115/02_figure2_final/logs/run_Synthetic_300_Mb_k24_w20_repeat4.log
final_release_formal,Synthetic_300_Mb,$KSSD_RELEASE_HOST/AEEE.fasta,300000057,a7eca29bdfa06ff373048fffa7a90139afc98acfa938a8ec0a98459608045962,24,20,4,42,wyhash,2.962613939,101261914.032,101.261914032,300000000,0,299999977,299999958,299999958,1024,$KSSD_RELEASE_HOST/KSSD-Array-formal-results/final-validation-20260731-162115/02_figure2_final/logs/run_Synthetic_300_Mb_k24_w20_repeat4.log
final_release_formal,Synthetic_300_Mb,$KSSD_RELEASE_HOST/AEEE.fasta,300000057,a7eca29bdfa06ff373048fffa7a90139afc98acfa938a8ec0a98459608045962,24,20,5,42,KSSD-Array,2.070448362,144896131.440,144.896131440,300000000,0,299999977,299999958,299999958,1024,$KSSD_RELEASE_HOST/KSSD-Array-formal-results/final-validation-20260731-162115/02_figure2_final/logs/run_Synthetic_300_Mb_k24_w20_repeat5.log
final_release_formal,Synthetic_300_Mb,$KSSD_RELEASE_HOST/AEEE.fasta,300000057,a7eca29bdfa06ff373048fffa7a90139afc98acfa938a8ec0a98459608045962,24,20,5,42,XXH3,4.617088563,64976002.497,64.976002497,300000000,0,299999977,299999958,299999958,1024,$KSSD_RELEASE_HOST/KSSD-Array-formal-results/final-validation-20260731-162115/02_figure2_final/logs/run_Synthetic_300_Mb_k24_w20_repeat5.log
final_release_formal,Synthetic_300_Mb,$KSSD_RELEASE_HOST/AEEE.fasta,300000057,a7eca29bdfa06ff373048fffa7a90139afc98acfa938a8ec0a98459608045962,24,20,5,42,XXH64,5.472207480,54822475.043,54.822475043,300000000,0,299999977,299999958,299999958,1024,$KSSD_RELEASE_HOST/KSSD-Array-formal-results/final-validation-20260731-162115/02_figure2_final/logs/run_Synthetic_300_Mb_k24_w20_repeat5.log
final_release_formal,Synthetic_300_Mb,$KSSD_RELEASE_HOST/AEEE.fasta,300000057,a7eca29bdfa06ff373048fffa7a90139afc98acfa938a8ec0a98459608045962,24,20,5,42,MurmurHash3,3.480123767,86203818.624,86.203818624,300000000,0,299999977,299999958,299999958,1024,$KSSD_RELEASE_HOST/KSSD-Array-formal-results/final-validation-20260731-162115/02_figure2_final/logs/run_Synthetic_300_Mb_k24_w20_repeat5.log
final_release_formal,Synthetic_300_Mb,$KSSD_RELEASE_HOST/AEEE.fasta,300000057,a7eca29bdfa06ff373048fffa7a90139afc98acfa938a8ec0a98459608045962,24,20,5,42,wyhash,2.961925174,101285461.440,101.285461440,300000000,0,299999977,299999958,299999958,1024,$KSSD_RELEASE_HOST/KSSD-Array-formal-results/final-validation-20260731-162115/02_figure2_final/logs/run_Synthetic_300_Mb_k24_w20_repeat5.log
final_release_formal,GRCh38.p14_chr1,$KSSD_RELEASE_HOST/seq/human/GCF_000001405.40_GRCh38.p14_genomic.fna,3339739109,df6e4918316e05a9cc1fd29c352841d3678b607d7a436819cd43371b52c814c0,24,20,1,42,KSSD-Array,1.595183207,144485579.455,144.485579455,230481012,18475410,230480989,230480970,230480970,1024,$KSSD_RELEASE_HOST/KSSD-Array-formal-results/final-validation-20260731-162115/02_figure2_final/logs/run_GRCh38.p14_chr1_k24_w20_repeat1.log
final_release_formal,GRCh38.p14_chr1,$KSSD_RELEASE_HOST/seq/human/GCF_000001405.40_GRCh38.p14_genomic.fna,3339739109,df6e4918316e05a9cc1fd29c352841d3678b607d7a436819cd43371b52c814c0,24,20,1,42,XXH3,3.549445413,64934361.057,64.934361057,230481012,18475410,230480989,230480970,230480970,1024,$KSSD_RELEASE_HOST/KSSD-Array-formal-results/final-validation-20260731-162115/02_figure2_final/logs/run_GRCh38.p14_chr1_k24_w20_repeat1.log
final_release_formal,GRCh38.p14_chr1,$KSSD_RELEASE_HOST/seq/human/GCF_000001405.40_GRCh38.p14_genomic.fna,3339739109,df6e4918316e05a9cc1fd29c352841d3678b607d7a436819cd43371b52c814c0,24,20,1,42,XXH64,4.213308504,54703084.234,54.703084234,230481012,18475410,230480989,230480970,230480970,1024,$KSSD_RELEASE_HOST/KSSD-Array-formal-results/final-validation-20260731-162115/02_figure2_final/logs/run_GRCh38.p14_chr1_k24_w20_repeat1.log
final_release_formal,GRCh38.p14_chr1,$KSSD_RELEASE_HOST/seq/human/GCF_000001405.40_GRCh38.p14_genomic.fna,3339739109,df6e4918316e05a9cc1fd29c352841d3678b607d7a436819cd43371b52c814c0,24,20,1,42,MurmurHash3,2.673186174,86219572.824,86.219572824,230481012,18475410,230480989,230480970,230480970,1024,$KSSD_RELEASE_HOST/KSSD-Array-formal-results/final-validation-20260731-162115/02_figure2_final/logs/run_GRCh38.p14_chr1_k24_w20_repeat1.log
final_release_formal,GRCh38.p14_chr1,$KSSD_RELEASE_HOST/seq/human/GCF_000001405.40_GRCh38.p14_genomic.fna,3339739109,df6e4918316e05a9cc1fd29c352841d3678b607d7a436819cd43371b52c814c0,24,20,1,42,wyhash,2.275232336,101299971.152,101.299971152,230481012,18475410,230480989,230480970,230480970,1024,$KSSD_RELEASE_HOST/KSSD-Array-formal-results/final-validation-20260731-162115/02_figure2_final/logs/run_GRCh38.p14_chr1_k24_w20_repeat1.log
final_release_formal,GRCh38.p14_chr1,$KSSD_RELEASE_HOST/seq/human/GCF_000001405.40_GRCh38.p14_genomic.fna,3339739109,df6e4918316e05a9cc1fd29c352841d3678b607d7a436819cd43371b52c814c0,24,20,2,42,KSSD-Array,1.590814573,144882360.215,144.882360215,230481012,18475410,230480989,230480970,230480970,1024,$KSSD_RELEASE_HOST/KSSD-Array-formal-results/final-validation-20260731-162115/02_figure2_final/logs/run_GRCh38.p14_chr1_k24_w20_repeat2.log
final_release_formal,GRCh38.p14_chr1,$KSSD_RELEASE_HOST/seq/human/GCF_000001405.40_GRCh38.p14_genomic.fna,3339739109,df6e4918316e05a9cc1fd29c352841d3678b607d7a436819cd43371b52c814c0,24,20,2,42,XXH3,3.549359271,64935936.997,64.935936997,230481012,18475410,230480989,230480970,230480970,1024,$KSSD_RELEASE_HOST/KSSD-Array-formal-results/final-validation-20260731-162115/02_figure2_final/logs/run_GRCh38.p14_chr1_k24_w20_repeat2.log
final_release_formal,GRCh38.p14_chr1,$KSSD_RELEASE_HOST/seq/human/GCF_000001405.40_GRCh38.p14_genomic.fna,3339739109,df6e4918316e05a9cc1fd29c352841d3678b607d7a436819cd43371b52c814c0,24,20,2,42,XXH64,4.207178591,54782787.328,54.782787328,230481012,18475410,230480989,230480970,230480970,1024,$KSSD_RELEASE_HOST/KSSD-Array-formal-results/final-validation-20260731-162115/02_figure2_final/logs/run_GRCh38.p14_chr1_k24_w20_repeat2.log
final_release_formal,GRCh38.p14_chr1,$KSSD_RELEASE_HOST/seq/human/GCF_000001405.40_GRCh38.p14_genomic.fna,3339739109,df6e4918316e05a9cc1fd29c352841d3678b607d7a436819cd43371b52c814c0,24,20,2,42,MurmurHash3,2.674159295,86188197.700,86.188197700,230481012,18475410,230480989,230480970,230480970,1024,$KSSD_RELEASE_HOST/KSSD-Array-formal-results/final-validation-20260731-162115/02_figure2_final/logs/run_GRCh38.p14_chr1_k24_w20_repeat2.log
final_release_formal,GRCh38.p14_chr1,$KSSD_RELEASE_HOST/seq/human/GCF_000001405.40_GRCh38.p14_genomic.fna,3339739109,df6e4918316e05a9cc1fd29c352841d3678b607d7a436819cd43371b52c814c0,24,20,2,42,wyhash,2.274507424,101332256.632,101.332256632,230481012,18475410,230480989,230480970,230480970,1024,$KSSD_RELEASE_HOST/KSSD-Array-formal-results/final-validation-20260731-162115/02_figure2_final/logs/run_GRCh38.p14_chr1_k24_w20_repeat2.log
final_release_formal,GRCh38.p14_chr1,$KSSD_RELEASE_HOST/seq/human/GCF_000001405.40_GRCh38.p14_genomic.fna,3339739109,df6e4918316e05a9cc1fd29c352841d3678b607d7a436819cd43371b52c814c0,24,20,3,42,KSSD-Array,1.592710861,144709862.690,144.709862690,230481012,18475410,230480989,230480970,230480970,1024,$KSSD_RELEASE_HOST/KSSD-Array-formal-results/final-validation-20260731-162115/02_figure2_final/logs/run_GRCh38.p14_chr1_k24_w20_repeat3.log
final_release_formal,GRCh38.p14_chr1,$KSSD_RELEASE_HOST/seq/human/GCF_000001405.40_GRCh38.p14_genomic.fna,3339739109,df6e4918316e05a9cc1fd29c352841d3678b607d7a436819cd43371b52c814c0,24,20,3,42,XXH3,3.553470920,64860800.943,64.860800943,230481012,18475410,230480989,230480970,230480970,1024,$KSSD_RELEASE_HOST/KSSD-Array-formal-results/final-validation-20260731-162115/02_figure2_final/logs/run_GRCh38.p14_chr1_k24_w20_repeat3.log
final_release_formal,GRCh38.p14_chr1,$KSSD_RELEASE_HOST/seq/human/GCF_000001405.40_GRCh38.p14_genomic.fna,3339739109,df6e4918316e05a9cc1fd29c352841d3678b607d7a436819cd43371b52c814c0,24,20,3,42,XXH64,4.209939136,54746865.110,54.746865110,230481012,18475410,230480989,230480970,230480970,1024,$KSSD_RELEASE_HOST/KSSD-Array-formal-results/final-validation-20260731-162115/02_figure2_final/logs/run_GRCh38.p14_chr1_k24_w20_repeat3.log
final_release_formal,GRCh38.p14_chr1,$KSSD_RELEASE_HOST/seq/human/GCF_000001405.40_GRCh38.p14_genomic.fna,3339739109,df6e4918316e05a9cc1fd29c352841d3678b607d7a436819cd43371b52c814c0,24,20,3,42,MurmurHash3,2.672111401,86254251.942,86.254251942,230481012,18475410,230480989,230480970,230480970,1024,$KSSD_RELEASE_HOST/KSSD-Array-formal-results/final-validation-20260731-162115/02_figure2_final/logs/run_GRCh38.p14_chr1_k24_w20_repeat3.log
final_release_formal,GRCh38.p14_chr1,$KSSD_RELEASE_HOST/seq/human/GCF_000001405.40_GRCh38.p14_genomic.fna,3339739109,df6e4918316e05a9cc1fd29c352841d3678b607d7a436819cd43371b52c814c0,24,20,3,42,wyhash,2.274312330,101340949.068,101.340949068,230481012,18475410,230480989,230480970,230480970,1024,$KSSD_RELEASE_HOST/KSSD-Array-formal-results/final-validation-20260731-162115/02_figure2_final/logs/run_GRCh38.p14_chr1_k24_w20_repeat3.log
final_release_formal,GRCh38.p14_chr1,$KSSD_RELEASE_HOST/seq/human/GCF_000001405.40_GRCh38.p14_genomic.fna,3339739109,df6e4918316e05a9cc1fd29c352841d3678b607d7a436819cd43371b52c814c0,24,20,4,42,KSSD-Array,1.591631568,144807991.142,144.807991142,230481012,18475410,230480989,230480970,230480970,1024,$KSSD_RELEASE_HOST/KSSD-Array-formal-results/final-validation-20260731-162115/02_figure2_final/logs/run_GRCh38.p14_chr1_k24_w20_repeat4.log
final_release_formal,GRCh38.p14_chr1,$KSSD_RELEASE_HOST/seq/human/GCF_000001405.40_GRCh38.p14_genomic.fna,3339739109,df6e4918316e05a9cc1fd29c352841d3678b607d7a436819cd43371b52c814c0,24,20,4,42,XXH3,3.548506762,64951537.494,64.951537494,230481012,18475410,230480989,230480970,230480970,1024,$KSSD_RELEASE_HOST/KSSD-Array-formal-results/final-validation-20260731-162115/02_figure2_final/logs/run_GRCh38.p14_chr1_k24_w20_repeat4.log
final_release_formal,GRCh38.p14_chr1,$KSSD_RELEASE_HOST/seq/human/GCF_000001405.40_GRCh38.p14_genomic.fna,3339739109,df6e4918316e05a9cc1fd29c352841d3678b607d7a436819cd43371b52c814c0,24,20,4,42,XXH64,4.207147157,54783196.641,54.783196641,230481012,18475410,230480989,230480970,230480970,1024,$KSSD_RELEASE_HOST/KSSD-Array-formal-results/final-validation-20260731-162115/02_figure2_final/logs/run_GRCh38.p14_chr1_k24_w20_repeat4.log
final_release_formal,GRCh38.p14_chr1,$KSSD_RELEASE_HOST/seq/human/GCF_000001405.40_GRCh38.p14_genomic.fna,3339739109,df6e4918316e05a9cc1fd29c352841d3678b607d7a436819cd43371b52c814c0,24,20,4,42,MurmurHash3,2.671430988,86276220.885,86.276220885,230481012,18475410,230480989,230480970,230480970,1024,$KSSD_RELEASE_HOST/KSSD-Array-formal-results/final-validation-20260731-162115/02_figure2_final/logs/run_GRCh38.p14_chr1_k24_w20_repeat4.log
final_release_formal,GRCh38.p14_chr1,$KSSD_RELEASE_HOST/seq/human/GCF_000001405.40_GRCh38.p14_genomic.fna,3339739109,df6e4918316e05a9cc1fd29c352841d3678b607d7a436819cd43371b52c814c0,24,20,4,42,wyhash,2.274827460,101318000.619,101.318000619,230481012,18475410,230480989,230480970,230480970,1024,$KSSD_RELEASE_HOST/KSSD-Array-formal-results/final-validation-20260731-162115/02_figure2_final/logs/run_GRCh38.p14_chr1_k24_w20_repeat4.log
final_release_formal,GRCh38.p14_chr1,$KSSD_RELEASE_HOST/seq/human/GCF_000001405.40_GRCh38.p14_genomic.fna,3339739109,df6e4918316e05a9cc1fd29c352841d3678b607d7a436819cd43371b52c814c0,24,20,5,42,KSSD-Array,1.592068611,144768239.514,144.768239514,230481012,18475410,230480989,230480970,230480970,1024,$KSSD_RELEASE_HOST/KSSD-Array-formal-results/final-validation-20260731-162115/02_figure2_final/logs/run_GRCh38.p14_chr1_k24_w20_repeat5.log
final_release_formal,GRCh38.p14_chr1,$KSSD_RELEASE_HOST/seq/human/GCF_000001405.40_GRCh38.p14_genomic.fna,3339739109,df6e4918316e05a9cc1fd29c352841d3678b607d7a436819cd43371b52c814c0,24,20,5,42,XXH3,3.550088918,64922590.764,64.922590764,230481012,18475410,230480989,230480970,230480970,1024,$KSSD_RELEASE_HOST/KSSD-Array-formal-results/final-validation-20260731-162115/02_figure2_final/logs/run_GRCh38.p14_chr1_k24_w20_repeat5.log
final_release_formal,GRCh38.p14_chr1,$KSSD_RELEASE_HOST/seq/human/GCF_000001405.40_GRCh38.p14_genomic.fna,3339739109,df6e4918316e05a9cc1fd29c352841d3678b607d7a436819cd43371b52c814c0,24,20,5,42,XXH64,4.204537870,54817194.452,54.817194452,230481012,18475410,230480989,230480970,230480970,1024,$KSSD_RELEASE_HOST/KSSD-Array-formal-results/final-validation-20260731-162115/02_figure2_final/logs/run_GRCh38.p14_chr1_k24_w20_repeat5.log
final_release_formal,GRCh38.p14_chr1,$KSSD_RELEASE_HOST/seq/human/GCF_000001405.40_GRCh38.p14_genomic.fna,3339739109,df6e4918316e05a9cc1fd29c352841d3678b607d7a436819cd43371b52c814c0,24,20,5,42,MurmurHash3,2.674196265,86187006.173,86.187006173,230481012,18475410,230480989,230480970,230480970,1024,$KSSD_RELEASE_HOST/KSSD-Array-formal-results/final-validation-20260731-162115/02_figure2_final/logs/run_GRCh38.p14_chr1_k24_w20_repeat5.log
final_release_formal,GRCh38.p14_chr1,$KSSD_RELEASE_HOST/seq/human/GCF_000001405.40_GRCh38.p14_genomic.fna,3339739109,df6e4918316e05a9cc1fd29c352841d3678b607d7a436819cd43371b52c814c0,24,20,5,42,wyhash,2.274573257,101329323.771,101.329323771,230481012,18475410,230480989,230480970,230480970,1024,$KSSD_RELEASE_HOST/KSSD-Array-formal-results/final-validation-20260731-162115/02_figure2_final/logs/run_GRCh38.p14_chr1_k24_w20_repeat5.log
final_release_formal,Synthetic_300_Mb,$KSSD_RELEASE_HOST/AEEE.fasta,300000057,a7eca29bdfa06ff373048fffa7a90139afc98acfa938a8ec0a98459608045962,24,50,1,42,KSSD-Array,1.778851117,168648137.628,168.648137628,300000000,0,299999977,299999928,299999928,1024,$KSSD_RELEASE_HOST/KSSD-Array-formal-results/final-validation-20260731-162115/02_figure2_final/logs/run_Synthetic_300_Mb_k24_w50_repeat1.log
final_release_formal,Synthetic_300_Mb,$KSSD_RELEASE_HOST/AEEE.fasta,300000057,a7eca29bdfa06ff373048fffa7a90139afc98acfa938a8ec0a98459608045962,24,50,1,42,XXH3,4.100440524,73162853.173,73.162853173,300000000,0,299999977,299999928,299999928,1024,$KSSD_RELEASE_HOST/KSSD-Array-formal-results/final-validation-20260731-162115/02_figure2_final/logs/run_Synthetic_300_Mb_k24_w50_repeat1.log
final_release_formal,Synthetic_300_Mb,$KSSD_RELEASE_HOST/AEEE.fasta,300000057,a7eca29bdfa06ff373048fffa7a90139afc98acfa938a8ec0a98459608045962,24,50,1,42,XXH64,4.936467811,60772183.571,60.772183571,300000000,0,299999977,299999928,299999928,1024,$KSSD_RELEASE_HOST/KSSD-Array-formal-results/final-validation-20260731-162115/02_figure2_final/logs/run_Synthetic_300_Mb_k24_w50_repeat1.log
final_release_formal,Synthetic_300_Mb,$KSSD_RELEASE_HOST/AEEE.fasta,300000057,a7eca29bdfa06ff373048fffa7a90139afc98acfa938a8ec0a98459608045962,24,50,1,42,MurmurHash3,2.911496919,103039754.582,103.039754582,300000000,0,299999977,299999928,299999928,1024,$KSSD_RELEASE_HOST/KSSD-Array-formal-results/final-validation-20260731-162115/02_figure2_final/logs/run_Synthetic_300_Mb_k24_w50_repeat1.log
final_release_formal,Synthetic_300_Mb,$KSSD_RELEASE_HOST/AEEE.fasta,300000057,a7eca29bdfa06ff373048fffa7a90139afc98acfa938a8ec0a98459608045962,24,50,1,42,wyhash,2.404240632,124779493.370,124.779493370,300000000,0,299999977,299999928,299999928,1024,$KSSD_RELEASE_HOST/KSSD-Array-formal-results/final-validation-20260731-162115/02_figure2_final/logs/run_Synthetic_300_Mb_k24_w50_repeat1.log
final_release_formal,Synthetic_300_Mb,$KSSD_RELEASE_HOST/AEEE.fasta,300000057,a7eca29bdfa06ff373048fffa7a90139afc98acfa938a8ec0a98459608045962,24,50,2,42,KSSD-Array,1.778970018,168636865.694,168.636865694,300000000,0,299999977,299999928,299999928,1024,$KSSD_RELEASE_HOST/KSSD-Array-formal-results/final-validation-20260731-162115/02_figure2_final/logs/run_Synthetic_300_Mb_k24_w50_repeat2.log
final_release_formal,Synthetic_300_Mb,$KSSD_RELEASE_HOST/AEEE.fasta,300000057,a7eca29bdfa06ff373048fffa7a90139afc98acfa938a8ec0a98459608045962,24,50,2,42,XXH3,4.102040293,73134320.136,73.134320136,300000000,0,299999977,299999928,299999928,1024,$KSSD_RELEASE_HOST/KSSD-Array-formal-results/final-validation-20260731-162115/02_figure2_final/logs/run_Synthetic_300_Mb_k24_w50_repeat2.log
final_release_formal,Synthetic_300_Mb,$KSSD_RELEASE_HOST/AEEE.fasta,300000057,a7eca29bdfa06ff373048fffa7a90139afc98acfa938a8ec0a98459608045962,24,50,2,42,XXH64,4.936855599,60767409.940,60.767409940,300000000,0,299999977,299999928,299999928,1024,$KSSD_RELEASE_HOST/KSSD-Array-formal-results/final-validation-20260731-162115/02_figure2_final/logs/run_Synthetic_300_Mb_k24_w50_repeat2.log
final_release_formal,Synthetic_300_Mb,$KSSD_RELEASE_HOST/AEEE.fasta,300000057,a7eca29bdfa06ff373048fffa7a90139afc98acfa938a8ec0a98459608045962,24,50,2,42,MurmurHash3,2.904298010,103295160.127,103.295160127,300000000,0,299999977,299999928,299999928,1024,$KSSD_RELEASE_HOST/KSSD-Array-formal-results/final-validation-20260731-162115/02_figure2_final/logs/run_Synthetic_300_Mb_k24_w50_repeat2.log
final_release_formal,Synthetic_300_Mb,$KSSD_RELEASE_HOST/AEEE.fasta,300000057,a7eca29bdfa06ff373048fffa7a90139afc98acfa938a8ec0a98459608045962,24,50,2,42,wyhash,2.405503285,124713996.389,124.713996389,300000000,0,299999977,299999928,299999928,1024,$KSSD_RELEASE_HOST/KSSD-Array-formal-results/final-validation-20260731-162115/02_figure2_final/logs/run_Synthetic_300_Mb_k24_w50_repeat2.log
final_release_formal,Synthetic_300_Mb,$KSSD_RELEASE_HOST/AEEE.fasta,300000057,a7eca29bdfa06ff373048fffa7a90139afc98acfa938a8ec0a98459608045962,24,50,3,42,KSSD-Array,1.778690617,168663355.579,168.663355579,300000000,0,299999977,299999928,299999928,1024,$KSSD_RELEASE_HOST/KSSD-Array-formal-results/final-validation-20260731-162115/02_figure2_final/logs/run_Synthetic_300_Mb_k24_w50_repeat3.log
final_release_formal,Synthetic_300_Mb,$KSSD_RELEASE_HOST/AEEE.fasta,300000057,a7eca29bdfa06ff373048fffa7a90139afc98acfa938a8ec0a98459608045962,24,50,3,42,XXH3,4.098863436,73191003.478,73.191003478,300000000,0,299999977,299999928,299999928,1024,$KSSD_RELEASE_HOST/KSSD-Array-formal-results/final-validation-20260731-162115/02_figure2_final/logs/run_Synthetic_300_Mb_k24_w50_repeat3.log
final_release_formal,Synthetic_300_Mb,$KSSD_RELEASE_HOST/AEEE.fasta,300000057,a7eca29bdfa06ff373048fffa7a90139afc98acfa938a8ec0a98459608045962,24,50,3,42,XXH64,4.936562854,60771013.532,60.771013532,300000000,0,299999977,299999928,299999928,1024,$KSSD_RELEASE_HOST/KSSD-Array-formal-results/final-validation-20260731-162115/02_figure2_final/logs/run_Synthetic_300_Mb_k24_w50_repeat3.log
final_release_formal,Synthetic_300_Mb,$KSSD_RELEASE_HOST/AEEE.fasta,300000057,a7eca29bdfa06ff373048fffa7a90139afc98acfa938a8ec0a98459608045962,24,50,3,42,MurmurHash3,2.909251548,103119281.042,103.119281042,300000000,0,299999977,299999928,299999928,1024,$KSSD_RELEASE_HOST/KSSD-Array-formal-results/final-validation-20260731-162115/02_figure2_final/logs/run_Synthetic_300_Mb_k24_w50_repeat3.log
final_release_formal,Synthetic_300_Mb,$KSSD_RELEASE_HOST/AEEE.fasta,300000057,a7eca29bdfa06ff373048fffa7a90139afc98acfa938a8ec0a98459608045962,24,50,3,42,wyhash,2.402671817,124860967.643,124.860967643,300000000,0,299999977,299999928,299999928,1024,$KSSD_RELEASE_HOST/KSSD-Array-formal-results/final-validation-20260731-162115/02_figure2_final/logs/run_Synthetic_300_Mb_k24_w50_repeat3.log
final_release_formal,Synthetic_300_Mb,$KSSD_RELEASE_HOST/AEEE.fasta,300000057,a7eca29bdfa06ff373048fffa7a90139afc98acfa938a8ec0a98459608045962,24,50,4,42,KSSD-Array,1.778681660,168664204.926,168.664204926,300000000,0,299999977,299999928,299999928,1024,$KSSD_RELEASE_HOST/KSSD-Array-formal-results/final-validation-20260731-162115/02_figure2_final/logs/run_Synthetic_300_Mb_k24_w50_repeat4.log
final_release_formal,Synthetic_300_Mb,$KSSD_RELEASE_HOST/AEEE.fasta,300000057,a7eca29bdfa06ff373048fffa7a90139afc98acfa938a8ec0a98459608045962,24,50,4,42,XXH3,4.097981698,73206751.545,73.206751545,300000000,0,299999977,299999928,299999928,1024,$KSSD_RELEASE_HOST/KSSD-Array-formal-results/final-validation-20260731-162115/02_figure2_final/logs/run_Synthetic_300_Mb_k24_w50_repeat4.log
final_release_formal,Synthetic_300_Mb,$KSSD_RELEASE_HOST/AEEE.fasta,300000057,a7eca29bdfa06ff373048fffa7a90139afc98acfa938a8ec0a98459608045962,24,50,4,42,XXH64,4.935865213,60779602.978,60.779602978,300000000,0,299999977,299999928,299999928,1024,$KSSD_RELEASE_HOST/KSSD-Array-formal-results/final-validation-20260731-162115/02_figure2_final/logs/run_Synthetic_300_Mb_k24_w50_repeat4.log
final_release_formal,Synthetic_300_Mb,$KSSD_RELEASE_HOST/AEEE.fasta,300000057,a7eca29bdfa06ff373048fffa7a90139afc98acfa938a8ec0a98459608045962,24,50,4,42,MurmurHash3,2.907391085,103185267.901,103.185267901,300000000,0,299999977,299999928,299999928,1024,$KSSD_RELEASE_HOST/KSSD-Array-formal-results/final-validation-20260731-162115/02_figure2_final/logs/run_Synthetic_300_Mb_k24_w50_repeat4.log
final_release_formal,Synthetic_300_Mb,$KSSD_RELEASE_HOST/AEEE.fasta,300000057,a7eca29bdfa06ff373048fffa7a90139afc98acfa938a8ec0a98459608045962,24,50,4,42,wyhash,2.402287655,124880934.794,124.880934794,300000000,0,299999977,299999928,299999928,1024,$KSSD_RELEASE_HOST/KSSD-Array-formal-results/final-validation-20260731-162115/02_figure2_final/logs/run_Synthetic_300_Mb_k24_w50_repeat4.log
final_release_formal,Synthetic_300_Mb,$KSSD_RELEASE_HOST/AEEE.fasta,300000057,a7eca29bdfa06ff373048fffa7a90139afc98acfa938a8ec0a98459608045962,24,50,5,42,KSSD-Array,1.778696874,168662762.264,168.662762264,300000000,0,299999977,299999928,299999928,1024,$KSSD_RELEASE_HOST/KSSD-Array-formal-results/final-validation-20260731-162115/02_figure2_final/logs/run_Synthetic_300_Mb_k24_w50_repeat5.log
final_release_formal,Synthetic_300_Mb,$KSSD_RELEASE_HOST/AEEE.fasta,300000057,a7eca29bdfa06ff373048fffa7a90139afc98acfa938a8ec0a98459608045962,24,50,5,42,XXH3,4.099708418,73175918.239,73.175918239,300000000,0,299999977,299999928,299999928,1024,$KSSD_RELEASE_HOST/KSSD-Array-formal-results/final-validation-20260731-162115/02_figure2_final/logs/run_Synthetic_300_Mb_k24_w50_repeat5.log
final_release_formal,Synthetic_300_Mb,$KSSD_RELEASE_HOST/AEEE.fasta,300000057,a7eca29bdfa06ff373048fffa7a90139afc98acfa938a8ec0a98459608045962,24,50,5,42,XXH64,4.936832396,60767695.546,60.767695546,300000000,0,299999977,299999928,299999928,1024,$KSSD_RELEASE_HOST/KSSD-Array-formal-results/final-validation-20260731-162115/02_figure2_final/logs/run_Synthetic_300_Mb_k24_w50_repeat5.log
final_release_formal,Synthetic_300_Mb,$KSSD_RELEASE_HOST/AEEE.fasta,300000057,a7eca29bdfa06ff373048fffa7a90139afc98acfa938a8ec0a98459608045962,24,50,5,42,MurmurHash3,2.906598488,103213405.374,103.213405374,300000000,0,299999977,299999928,299999928,1024,$KSSD_RELEASE_HOST/KSSD-Array-formal-results/final-validation-20260731-162115/02_figure2_final/logs/run_Synthetic_300_Mb_k24_w50_repeat5.log
final_release_formal,Synthetic_300_Mb,$KSSD_RELEASE_HOST/AEEE.fasta,300000057,a7eca29bdfa06ff373048fffa7a90139afc98acfa938a8ec0a98459608045962,24,50,5,42,wyhash,2.404446637,124768802.677,124.768802677,300000000,0,299999977,299999928,299999928,1024,$KSSD_RELEASE_HOST/KSSD-Array-formal-results/final-validation-20260731-162115/02_figure2_final/logs/run_Synthetic_300_Mb_k24_w50_repeat5.log
final_release_formal,GRCh38.p14_chr1,$KSSD_RELEASE_HOST/seq/human/GCF_000001405.40_GRCh38.p14_genomic.fna,3339739109,df6e4918316e05a9cc1fd29c352841d3678b607d7a436819cd43371b52c814c0,24,50,1,42,KSSD-Array,1.372370152,167943713.774,167.943713774,230481012,18475410,230480989,230480940,230480940,1024,$KSSD_RELEASE_HOST/KSSD-Array-formal-results/final-validation-20260731-162115/02_figure2_final/logs/run_GRCh38.p14_chr1_k24_w50_repeat1.log
final_release_formal,GRCh38.p14_chr1,$KSSD_RELEASE_HOST/seq/human/GCF_000001405.40_GRCh38.p14_genomic.fna,3339739109,df6e4918316e05a9cc1fd29c352841d3678b607d7a436819cd43371b52c814c0,24,50,1,42,XXH3,3.149311567,73184546.875,73.184546875,230481012,18475410,230480989,230480940,230480940,1024,$KSSD_RELEASE_HOST/KSSD-Array-formal-results/final-validation-20260731-162115/02_figure2_final/logs/run_GRCh38.p14_chr1_k24_w50_repeat1.log
final_release_formal,GRCh38.p14_chr1,$KSSD_RELEASE_HOST/seq/human/GCF_000001405.40_GRCh38.p14_genomic.fna,3339739109,df6e4918316e05a9cc1fd29c352841d3678b607d7a436819cd43371b52c814c0,24,50,1,42,XXH64,3.794169109,60746090.482,60.746090482,230481012,18475410,230480989,230480940,230480940,1024,$KSSD_RELEASE_HOST/KSSD-Array-formal-results/final-validation-20260731-162115/02_figure2_final/logs/run_GRCh38.p14_chr1_k24_w50_repeat1.log
final_release_formal,GRCh38.p14_chr1,$KSSD_RELEASE_HOST/seq/human/GCF_000001405.40_GRCh38.p14_genomic.fna,3339739109,df6e4918316e05a9cc1fd29c352841d3678b607d7a436819cd43371b52c814c0,24,50,1,42,MurmurHash3,2.236141906,103070802.162,103.070802162,230481012,18475410,230480989,230480940,230480940,1024,$KSSD_RELEASE_HOST/KSSD-Array-formal-results/final-validation-20260731-162115/02_figure2_final/logs/run_GRCh38.p14_chr1_k24_w50_repeat1.log
final_release_formal,GRCh38.p14_chr1,$KSSD_RELEASE_HOST/seq/human/GCF_000001405.40_GRCh38.p14_genomic.fna,3339739109,df6e4918316e05a9cc1fd29c352841d3678b607d7a436819cd43371b52c814c0,24,50,1,42,wyhash,1.845722341,124873029.318,124.873029318,230481012,18475410,230480989,230480940,230480940,1024,$KSSD_RELEASE_HOST/KSSD-Array-formal-results/final-validation-20260731-162115/02_figure2_final/logs/run_GRCh38.p14_chr1_k24_w50_repeat1.log
final_release_formal,GRCh38.p14_chr1,$KSSD_RELEASE_HOST/seq/human/GCF_000001405.40_GRCh38.p14_genomic.fna,3339739109,df6e4918316e05a9cc1fd29c352841d3678b607d7a436819cd43371b52c814c0,24,50,2,42,KSSD-Array,1.372797275,167891460.886,167.891460886,230481012,18475410,230480989,230480940,230480940,1024,$KSSD_RELEASE_HOST/KSSD-Array-formal-results/final-validation-20260731-162115/02_figure2_final/logs/run_GRCh38.p14_chr1_k24_w50_repeat2.log
final_release_formal,GRCh38.p14_chr1,$KSSD_RELEASE_HOST/seq/human/GCF_000001405.40_GRCh38.p14_genomic.fna,3339739109,df6e4918316e05a9cc1fd29c352841d3678b607d7a436819cd43371b52c814c0,24,50,2,42,XXH3,3.151020451,73144856.907,73.144856907,230481012,18475410,230480989,230480940,230480940,1024,$KSSD_RELEASE_HOST/KSSD-Array-formal-results/final-validation-20260731-162115/02_figure2_final/logs/run_GRCh38.p14_chr1_k24_w50_repeat2.log
final_release_formal,GRCh38.p14_chr1,$KSSD_RELEASE_HOST/seq/human/GCF_000001405.40_GRCh38.p14_genomic.fna,3339739109,df6e4918316e05a9cc1fd29c352841d3678b607d7a436819cd43371b52c814c0,24,50,2,42,XXH64,3.794807153,60735876.873,60.735876873,230481012,18475410,230480989,230480940,230480940,1024,$KSSD_RELEASE_HOST/KSSD-Array-formal-results/final-validation-20260731-162115/02_figure2_final/logs/run_GRCh38.p14_chr1_k24_w50_repeat2.log
final_release_formal,GRCh38.p14_chr1,$KSSD_RELEASE_HOST/seq/human/GCF_000001405.40_GRCh38.p14_genomic.fna,3339739109,df6e4918316e05a9cc1fd29c352841d3678b607d7a436819cd43371b52c814c0,24,50,2,42,MurmurHash3,2.233664089,103185139.223,103.185139223,230481012,18475410,230480989,230480940,230480940,1024,$KSSD_RELEASE_HOST/KSSD-Array-formal-results/final-validation-20260731-162115/02_figure2_final/logs/run_GRCh38.p14_chr1_k24_w50_repeat2.log
final_release_formal,GRCh38.p14_chr1,$KSSD_RELEASE_HOST/seq/human/GCF_000001405.40_GRCh38.p14_genomic.fna,3339739109,df6e4918316e05a9cc1fd29c352841d3678b607d7a436819cd43371b52c814c0,24,50,2,42,wyhash,1.847395253,124759950.328,124.759950328,230481012,18475410,230480989,230480940,230480940,1024,$KSSD_RELEASE_HOST/KSSD-Array-formal-results/final-validation-20260731-162115/02_figure2_final/logs/run_GRCh38.p14_chr1_k24_w50_repeat2.log
final_release_formal,GRCh38.p14_chr1,$KSSD_RELEASE_HOST/seq/human/GCF_000001405.40_GRCh38.p14_genomic.fna,3339739109,df6e4918316e05a9cc1fd29c352841d3678b607d7a436819cd43371b52c814c0,24,50,3,42,KSSD-Array,1.373339513,167825172.012,167.825172012,230481012,18475410,230480989,230480940,230480940,1024,$KSSD_RELEASE_HOST/KSSD-Array-formal-results/final-validation-20260731-162115/02_figure2_final/logs/run_GRCh38.p14_chr1_k24_w50_repeat3.log
final_release_formal,GRCh38.p14_chr1,$KSSD_RELEASE_HOST/seq/human/GCF_000001405.40_GRCh38.p14_genomic.fna,3339739109,df6e4918316e05a9cc1fd29c352841d3678b607d7a436819cd43371b52c814c0,24,50,3,42,XXH3,3.149615518,73177484.262,73.177484262,230481012,18475410,230480989,230480940,230480940,1024,$KSSD_RELEASE_HOST/KSSD-Array-formal-results/final-validation-20260731-162115/02_figure2_final/logs/run_GRCh38.p14_chr1_k24_w50_repeat3.log
final_release_formal,GRCh38.p14_chr1,$KSSD_RELEASE_HOST/seq/human/GCF_000001405.40_GRCh38.p14_genomic.fna,3339739109,df6e4918316e05a9cc1fd29c352841d3678b607d7a436819cd43371b52c814c0,24,50,3,42,XXH64,3.795820900,60719656.188,60.719656188,230481012,18475410,230480989,230480940,230480940,1024,$KSSD_RELEASE_HOST/KSSD-Array-formal-results/final-validation-20260731-162115/02_figure2_final/logs/run_GRCh38.p14_chr1_k24_w50_repeat3.log
final_release_formal,GRCh38.p14_chr1,$KSSD_RELEASE_HOST/seq/human/GCF_000001405.40_GRCh38.p14_genomic.fna,3339739109,df6e4918316e05a9cc1fd29c352841d3678b607d7a436819cd43371b52c814c0,24,50,3,42,MurmurHash3,2.235156072,103116262.389,103.116262389,230481012,18475410,230480989,230480940,230480940,1024,$KSSD_RELEASE_HOST/KSSD-Array-formal-results/final-validation-20260731-162115/02_figure2_final/logs/run_GRCh38.p14_chr1_k24_w50_repeat3.log
final_release_formal,GRCh38.p14_chr1,$KSSD_RELEASE_HOST/seq/human/GCF_000001405.40_GRCh38.p14_genomic.fna,3339739109,df6e4918316e05a9cc1fd29c352841d3678b607d7a436819cd43371b52c814c0,24,50,3,42,wyhash,1.848402505,124691964.751,124.691964751,230481012,18475410,230480989,230480940,230480940,1024,$KSSD_RELEASE_HOST/KSSD-Array-formal-results/final-validation-20260731-162115/02_figure2_final/logs/run_GRCh38.p14_chr1_k24_w50_repeat3.log
final_release_formal,GRCh38.p14_chr1,$KSSD_RELEASE_HOST/seq/human/GCF_000001405.40_GRCh38.p14_genomic.fna,3339739109,df6e4918316e05a9cc1fd29c352841d3678b607d7a436819cd43371b52c814c0,24,50,4,42,KSSD-Array,1.372803138,167890743.851,167.890743851,230481012,18475410,230480989,230480940,230480940,1024,$KSSD_RELEASE_HOST/KSSD-Array-formal-results/final-validation-20260731-162115/02_figure2_final/logs/run_GRCh38.p14_chr1_k24_w50_repeat4.log
final_release_formal,GRCh38.p14_chr1,$KSSD_RELEASE_HOST/seq/human/GCF_000001405.40_GRCh38.p14_genomic.fna,3339739109,df6e4918316e05a9cc1fd29c352841d3678b607d7a436819cd43371b52c814c0,24,50,4,42,XXH3,3.150818991,73149533.711,73.149533711,230481012,18475410,230480989,230480940,230480940,1024,$KSSD_RELEASE_HOST/KSSD-Array-formal-results/final-validation-20260731-162115/02_figure2_final/logs/run_GRCh38.p14_chr1_k24_w50_repeat4.log
final_release_formal,GRCh38.p14_chr1,$KSSD_RELEASE_HOST/seq/human/GCF_000001405.40_GRCh38.p14_genomic.fna,3339739109,df6e4918316e05a9cc1fd29c352841d3678b607d7a436819cd43371b52c814c0,24,50,4,42,XXH64,3.794664987,60738152.324,60.738152324,230481012,18475410,230480989,230480940,230480940,1024,$KSSD_RELEASE_HOST/KSSD-Array-formal-results/final-validation-20260731-162115/02_figure2_final/logs/run_GRCh38.p14_chr1_k24_w50_repeat4.log
final_release_formal,GRCh38.p14_chr1,$KSSD_RELEASE_HOST/seq/human/GCF_000001405.40_GRCh38.p14_genomic.fna,3339739109,df6e4918316e05a9cc1fd29c352841d3678b607d7a436819cd43371b52c814c0,24,50,4,42,MurmurHash3,2.235897198,103082082.757,103.082082757,230481012,18475410,230480989,230480940,230480940,1024,$KSSD_RELEASE_HOST/KSSD-Array-formal-results/final-validation-20260731-162115/02_figure2_final/logs/run_GRCh38.p14_chr1_k24_w50_repeat4.log
final_release_formal,GRCh38.p14_chr1,$KSSD_RELEASE_HOST/seq/human/GCF_000001405.40_GRCh38.p14_genomic.fna,3339739109,df6e4918316e05a9cc1fd29c352841d3678b607d7a436819cd43371b52c814c0,24,50,4,42,wyhash,1.846383170,124828336.688,124.828336688,230481012,18475410,230480989,230480940,230480940,1024,$KSSD_RELEASE_HOST/KSSD-Array-formal-results/final-validation-20260731-162115/02_figure2_final/logs/run_GRCh38.p14_chr1_k24_w50_repeat4.log
final_release_formal,GRCh38.p14_chr1,$KSSD_RELEASE_HOST/seq/human/GCF_000001405.40_GRCh38.p14_genomic.fna,3339739109,df6e4918316e05a9cc1fd29c352841d3678b607d7a436819cd43371b52c814c0,24,50,5,42,KSSD-Array,1.372808076,167890139.947,167.890139947,230481012,18475410,230480989,230480940,230480940,1024,$KSSD_RELEASE_HOST/KSSD-Array-formal-results/final-validation-20260731-162115/02_figure2_final/logs/run_GRCh38.p14_chr1_k24_w50_repeat5.log
final_release_formal,GRCh38.p14_chr1,$KSSD_RELEASE_HOST/seq/human/GCF_000001405.40_GRCh38.p14_genomic.fna,3339739109,df6e4918316e05a9cc1fd29c352841d3678b607d7a436819cd43371b52c814c0,24,50,5,42,XXH3,3.148655661,73199792.170,73.199792170,230481012,18475410,230480989,230480940,230480940,1024,$KSSD_RELEASE_HOST/KSSD-Array-formal-results/final-validation-20260731-162115/02_figure2_final/logs/run_GRCh38.p14_chr1_k24_w50_repeat5.log
final_release_formal,GRCh38.p14_chr1,$KSSD_RELEASE_HOST/seq/human/GCF_000001405.40_GRCh38.p14_genomic.fna,3339739109,df6e4918316e05a9cc1fd29c352841d3678b607d7a436819cd43371b52c814c0,24,50,5,42,XXH64,3.793742248,60752925.458,60.752925458,230481012,18475410,230480989,230480940,230480940,1024,$KSSD_RELEASE_HOST/KSSD-Array-formal-results/final-validation-20260731-162115/02_figure2_final/logs/run_GRCh38.p14_chr1_k24_w50_repeat5.log
final_release_formal,GRCh38.p14_chr1,$KSSD_RELEASE_HOST/seq/human/GCF_000001405.40_GRCh38.p14_genomic.fna,3339739109,df6e4918316e05a9cc1fd29c352841d3678b607d7a436819cd43371b52c814c0,24,50,5,42,MurmurHash3,2.237339346,103015637.933,103.015637933,230481012,18475410,230480989,230480940,230480940,1024,$KSSD_RELEASE_HOST/KSSD-Array-formal-results/final-validation-20260731-162115/02_figure2_final/logs/run_GRCh38.p14_chr1_k24_w50_repeat5.log
final_release_formal,GRCh38.p14_chr1,$KSSD_RELEASE_HOST/seq/human/GCF_000001405.40_GRCh38.p14_genomic.fna,3339739109,df6e4918316e05a9cc1fd29c352841d3678b607d7a436819cd43371b52c814c0,24,50,5,42,wyhash,1.847379744,124760997.704,124.760997704,230481012,18475410,230480989,230480940,230480940,1024,$KSSD_RELEASE_HOST/KSSD-Array-formal-results/final-validation-20260731-162115/02_figure2_final/logs/run_GRCh38.p14_chr1_k24_w50_repeat5.log
final_release_formal,Synthetic_300_Mb,$KSSD_RELEASE_HOST/AEEE.fasta,300000057,a7eca29bdfa06ff373048fffa7a90139afc98acfa938a8ec0a98459608045962,31,10,1,42,KSSD-Array,2.822652622,106282990.213,106.282990213,300000000,0,299999970,299999961,299999961,1024,$KSSD_RELEASE_HOST/KSSD-Array-formal-results/final-validation-20260731-162115/02_figure2_final/logs/run_Synthetic_300_Mb_k31_w10_repeat1.log
final_release_formal,Synthetic_300_Mb,$KSSD_RELEASE_HOST/AEEE.fasta,300000057,a7eca29bdfa06ff373048fffa7a90139afc98acfa938a8ec0a98459608045962,31,10,1,42,XXH3,5.044703591,59468302.862,59.468302862,300000000,0,299999970,299999961,299999961,1024,$KSSD_RELEASE_HOST/KSSD-Array-formal-results/final-validation-20260731-162115/02_figure2_final/logs/run_Synthetic_300_Mb_k31_w10_repeat1.log
final_release_formal,Synthetic_300_Mb,$KSSD_RELEASE_HOST/AEEE.fasta,300000057,a7eca29bdfa06ff373048fffa7a90139afc98acfa938a8ec0a98459608045962,31,10,1,42,XXH64,5.949896473,50421038.813,50.421038813,300000000,0,299999970,299999961,299999961,1024,$KSSD_RELEASE_HOST/KSSD-Array-formal-results/final-validation-20260731-162115/02_figure2_final/logs/run_Synthetic_300_Mb_k31_w10_repeat1.log
final_release_formal,Synthetic_300_Mb,$KSSD_RELEASE_HOST/AEEE.fasta,300000057,a7eca29bdfa06ff373048fffa7a90139afc98acfa938a8ec0a98459608045962,31,10,1,42,MurmurHash3,3.657120937,82031731.017,82.031731017,300000000,0,299999970,299999961,299999961,1024,$KSSD_RELEASE_HOST/KSSD-Array-formal-results/final-validation-20260731-162115/02_figure2_final/logs/run_Synthetic_300_Mb_k31_w10_repeat1.log
final_release_formal,Synthetic_300_Mb,$KSSD_RELEASE_HOST/AEEE.fasta,300000057,a7eca29bdfa06ff373048fffa7a90139afc98acfa938a8ec0a98459608045962,31,10,1,42,wyhash,3.259880939,92027888.936,92.027888936,300000000,0,299999970,299999961,299999961,1024,$KSSD_RELEASE_HOST/KSSD-Array-formal-results/final-validation-20260731-162115/02_figure2_final/logs/run_Synthetic_300_Mb_k31_w10_repeat1.log
final_release_formal,Synthetic_300_Mb,$KSSD_RELEASE_HOST/AEEE.fasta,300000057,a7eca29bdfa06ff373048fffa7a90139afc98acfa938a8ec0a98459608045962,31,10,2,42,KSSD-Array,2.821621230,106321840.015,106.321840015,300000000,0,299999970,299999961,299999961,1024,$KSSD_RELEASE_HOST/KSSD-Array-formal-results/final-validation-20260731-162115/02_figure2_final/logs/run_Synthetic_300_Mb_k31_w10_repeat2.log
final_release_formal,Synthetic_300_Mb,$KSSD_RELEASE_HOST/AEEE.fasta,300000057,a7eca29bdfa06ff373048fffa7a90139afc98acfa938a8ec0a98459608045962,31,10,2,42,XXH3,5.058335121,59308043.818,59.308043818,300000000,0,299999970,299999961,299999961,1024,$KSSD_RELEASE_HOST/KSSD-Array-formal-results/final-validation-20260731-162115/02_figure2_final/logs/run_Synthetic_300_Mb_k31_w10_repeat2.log
final_release_formal,Synthetic_300_Mb,$KSSD_RELEASE_HOST/AEEE.fasta,300000057,a7eca29bdfa06ff373048fffa7a90139afc98acfa938a8ec0a98459608045962,31,10,2,42,XXH64,5.964735076,50295605.283,50.295605283,300000000,0,299999970,299999961,299999961,1024,$KSSD_RELEASE_HOST/KSSD-Array-formal-results/final-validation-20260731-162115/02_figure2_final/logs/run_Synthetic_300_Mb_k31_w10_repeat2.log
final_release_formal,Synthetic_300_Mb,$KSSD_RELEASE_HOST/AEEE.fasta,300000057,a7eca29bdfa06ff373048fffa7a90139afc98acfa938a8ec0a98459608045962,31,10,2,42,MurmurHash3,3.658633711,81997812.489,81.997812489,300000000,0,299999970,299999961,299999961,1024,$KSSD_RELEASE_HOST/KSSD-Array-formal-results/final-validation-20260731-162115/02_figure2_final/logs/run_Synthetic_300_Mb_k31_w10_repeat2.log
final_release_formal,Synthetic_300_Mb,$KSSD_RELEASE_HOST/AEEE.fasta,300000057,a7eca29bdfa06ff373048fffa7a90139afc98acfa938a8ec0a98459608045962,31,10,2,42,wyhash,3.259335434,92043291.363,92.043291363,300000000,0,299999970,299999961,299999961,1024,$KSSD_RELEASE_HOST/KSSD-Array-formal-results/final-validation-20260731-162115/02_figure2_final/logs/run_Synthetic_300_Mb_k31_w10_repeat2.log
final_release_formal,Synthetic_300_Mb,$KSSD_RELEASE_HOST/AEEE.fasta,300000057,a7eca29bdfa06ff373048fffa7a90139afc98acfa938a8ec0a98459608045962,31,10,3,42,KSSD-Array,2.822107256,106303529.167,106.303529167,300000000,0,299999970,299999961,299999961,1024,$KSSD_RELEASE_HOST/KSSD-Array-formal-results/final-validation-20260731-162115/02_figure2_final/logs/run_Synthetic_300_Mb_k31_w10_repeat3.log
final_release_formal,Synthetic_300_Mb,$KSSD_RELEASE_HOST/AEEE.fasta,300000057,a7eca29bdfa06ff373048fffa7a90139afc98acfa938a8ec0a98459608045962,31,10,3,42,XXH3,5.062964993,59253809.065,59.253809065,300000000,0,299999970,299999961,299999961,1024,$KSSD_RELEASE_HOST/KSSD-Array-formal-results/final-validation-20260731-162115/02_figure2_final/logs/run_Synthetic_300_Mb_k31_w10_repeat3.log
final_release_formal,Synthetic_300_Mb,$KSSD_RELEASE_HOST/AEEE.fasta,300000057,a7eca29bdfa06ff373048fffa7a90139afc98acfa938a8ec0a98459608045962,31,10,3,42,XXH64,5.929210393,50596949.866,50.596949866,300000000,0,299999970,299999961,299999961,1024,$KSSD_RELEASE_HOST/KSSD-Array-formal-results/final-validation-20260731-162115/02_figure2_final/logs/run_Synthetic_300_Mb_k31_w10_repeat3.log
final_release_formal,Synthetic_300_Mb,$KSSD_RELEASE_HOST/AEEE.fasta,300000057,a7eca29bdfa06ff373048fffa7a90139afc98acfa938a8ec0a98459608045962,31,10,3,42,MurmurHash3,3.658226238,82006945.848,82.006945848,300000000,0,299999970,299999961,299999961,1024,$KSSD_RELEASE_HOST/KSSD-Array-formal-results/final-validation-20260731-162115/02_figure2_final/logs/run_Synthetic_300_Mb_k31_w10_repeat3.log
final_release_formal,Synthetic_300_Mb,$KSSD_RELEASE_HOST/AEEE.fasta,300000057,a7eca29bdfa06ff373048fffa7a90139afc98acfa938a8ec0a98459608045962,31,10,3,42,wyhash,3.260302374,92015993.177,92.015993177,300000000,0,299999970,299999961,299999961,1024,$KSSD_RELEASE_HOST/KSSD-Array-formal-results/final-validation-20260731-162115/02_figure2_final/logs/run_Synthetic_300_Mb_k31_w10_repeat3.log
final_release_formal,Synthetic_300_Mb,$KSSD_RELEASE_HOST/AEEE.fasta,300000057,a7eca29bdfa06ff373048fffa7a90139afc98acfa938a8ec0a98459608045962,31,10,4,42,KSSD-Array,2.823686259,106244084.322,106.244084322,300000000,0,299999970,299999961,299999961,1024,$KSSD_RELEASE_HOST/KSSD-Array-formal-results/final-validation-20260731-162115/02_figure2_final/logs/run_Synthetic_300_Mb_k31_w10_repeat4.log
final_release_formal,Synthetic_300_Mb,$KSSD_RELEASE_HOST/AEEE.fasta,300000057,a7eca29bdfa06ff373048fffa7a90139afc98acfa938a8ec0a98459608045962,31,10,4,42,XXH3,5.053147614,59368928.818,59.368928818,300000000,0,299999970,299999961,299999961,1024,$KSSD_RELEASE_HOST/KSSD-Array-formal-results/final-validation-20260731-162115/02_figure2_final/logs/run_Synthetic_300_Mb_k31_w10_repeat4.log
final_release_formal,Synthetic_300_Mb,$KSSD_RELEASE_HOST/AEEE.fasta,300000057,a7eca29bdfa06ff373048fffa7a90139afc98acfa938a8ec0a98459608045962,31,10,4,42,XXH64,5.933011375,50564534.945,50.564534945,300000000,0,299999970,299999961,299999961,1024,$KSSD_RELEASE_HOST/KSSD-Array-formal-results/final-validation-20260731-162115/02_figure2_final/logs/run_Synthetic_300_Mb_k31_w10_repeat4.log
final_release_formal,Synthetic_300_Mb,$KSSD_RELEASE_HOST/AEEE.fasta,300000057,a7eca29bdfa06ff373048fffa7a90139afc98acfa938a8ec0a98459608045962,31,10,4,42,MurmurHash3,3.655189854,82075069.417,82.075069417,300000000,0,299999970,299999961,299999961,1024,$KSSD_RELEASE_HOST/KSSD-Array-formal-results/final-validation-20260731-162115/02_figure2_final/logs/run_Synthetic_300_Mb_k31_w10_repeat4.log
final_release_formal,Synthetic_300_Mb,$KSSD_RELEASE_HOST/AEEE.fasta,300000057,a7eca29bdfa06ff373048fffa7a90139afc98acfa938a8ec0a98459608045962,31,10,4,42,wyhash,3.260533724,92009464.215,92.009464215,300000000,0,299999970,299999961,299999961,1024,$KSSD_RELEASE_HOST/KSSD-Array-formal-results/final-validation-20260731-162115/02_figure2_final/logs/run_Synthetic_300_Mb_k31_w10_repeat4.log
final_release_formal,Synthetic_300_Mb,$KSSD_RELEASE_HOST/AEEE.fasta,300000057,a7eca29bdfa06ff373048fffa7a90139afc98acfa938a8ec0a98459608045962,31,10,5,42,KSSD-Array,2.823394865,106255049.451,106.255049451,300000000,0,299999970,299999961,299999961,1024,$KSSD_RELEASE_HOST/KSSD-Array-formal-results/final-validation-20260731-162115/02_figure2_final/logs/run_Synthetic_300_Mb_k31_w10_repeat5.log
final_release_formal,Synthetic_300_Mb,$KSSD_RELEASE_HOST/AEEE.fasta,300000057,a7eca29bdfa06ff373048fffa7a90139afc98acfa938a8ec0a98459608045962,31,10,5,42,XXH3,5.050992149,59394263.968,59.394263968,300000000,0,299999970,299999961,299999961,1024,$KSSD_RELEASE_HOST/KSSD-Array-formal-results/final-validation-20260731-162115/02_figure2_final/logs/run_Synthetic_300_Mb_k31_w10_repeat5.log
final_release_formal,Synthetic_300_Mb,$KSSD_RELEASE_HOST/AEEE.fasta,300000057,a7eca29bdfa06ff373048fffa7a90139afc98acfa938a8ec0a98459608045962,31,10,5,42,XXH64,5.925740230,50626579.863,50.626579863,300000000,0,299999970,299999961,299999961,1024,$KSSD_RELEASE_HOST/KSSD-Array-formal-results/final-validation-20260731-162115/02_figure2_final/logs/run_Synthetic_300_Mb_k31_w10_repeat5.log
final_release_formal,Synthetic_300_Mb,$KSSD_RELEASE_HOST/AEEE.fasta,300000057,a7eca29bdfa06ff373048fffa7a90139afc98acfa938a8ec0a98459608045962,31,10,5,42,MurmurHash3,3.660533776,81955250.070,81.955250070,300000000,0,299999970,299999961,299999961,1024,$KSSD_RELEASE_HOST/KSSD-Array-formal-results/final-validation-20260731-162115/02_figure2_final/logs/run_Synthetic_300_Mb_k31_w10_repeat5.log
final_release_formal,Synthetic_300_Mb,$KSSD_RELEASE_HOST/AEEE.fasta,300000057,a7eca29bdfa06ff373048fffa7a90139afc98acfa938a8ec0a98459608045962,31,10,5,42,wyhash,3.261918235,91970411.085,91.970411085,300000000,0,299999970,299999961,299999961,1024,$KSSD_RELEASE_HOST/KSSD-Array-formal-results/final-validation-20260731-162115/02_figure2_final/logs/run_Synthetic_300_Mb_k31_w10_repeat5.log
final_release_formal,GRCh38.p14_chr1,$KSSD_RELEASE_HOST/seq/human/GCF_000001405.40_GRCh38.p14_genomic.fna,3339739109,df6e4918316e05a9cc1fd29c352841d3678b607d7a436819cd43371b52c814c0,31,10,1,42,KSSD-Array,2.160087415,106699836.034,106.699836034,230481012,18475410,230480982,230480973,230480973,1024,$KSSD_RELEASE_HOST/KSSD-Array-formal-results/final-validation-20260731-162115/02_figure2_final/logs/run_GRCh38.p14_chr1_k31_w10_repeat1.log
final_release_formal,GRCh38.p14_chr1,$KSSD_RELEASE_HOST/seq/human/GCF_000001405.40_GRCh38.p14_genomic.fna,3339739109,df6e4918316e05a9cc1fd29c352841d3678b607d7a436819cd43371b52c814c0,31,10,1,42,XXH3,3.873643193,59499794.255,59.499794255,230481012,18475410,230480982,230480973,230480973,1024,$KSSD_RELEASE_HOST/KSSD-Array-formal-results/final-validation-20260731-162115/02_figure2_final/logs/run_GRCh38.p14_chr1_k31_w10_repeat1.log
final_release_formal,GRCh38.p14_chr1,$KSSD_RELEASE_HOST/seq/human/GCF_000001405.40_GRCh38.p14_genomic.fna,3339739109,df6e4918316e05a9cc1fd29c352841d3678b607d7a436819cd43371b52c814c0,31,10,1,42,XXH64,4.600393981,50100268.358,50.100268358,230481012,18475410,230480982,230480973,230480973,1024,$KSSD_RELEASE_HOST/KSSD-Array-formal-results/final-validation-20260731-162115/02_figure2_final/logs/run_GRCh38.p14_chr1_k31_w10_repeat1.log
final_release_formal,GRCh38.p14_chr1,$KSSD_RELEASE_HOST/seq/human/GCF_000001405.40_GRCh38.p14_genomic.fna,3339739109,df6e4918316e05a9cc1fd29c352841d3678b607d7a436819cd43371b52c814c0,31,10,1,42,MurmurHash3,2.806819603,82114637.062,82.114637062,230481012,18475410,230480982,230480973,230480973,1024,$KSSD_RELEASE_HOST/KSSD-Array-formal-results/final-validation-20260731-162115/02_figure2_final/logs/run_GRCh38.p14_chr1_k31_w10_repeat1.log
final_release_formal,GRCh38.p14_chr1,$KSSD_RELEASE_HOST/seq/human/GCF_000001405.40_GRCh38.p14_genomic.fna,3339739109,df6e4918316e05a9cc1fd29c352841d3678b607d7a436819cd43371b52c814c0,31,10,1,42,wyhash,2.502377678,92104790.986,92.104790986,230481012,18475410,230480982,230480973,230480973,1024,$KSSD_RELEASE_HOST/KSSD-Array-formal-results/final-validation-20260731-162115/02_figure2_final/logs/run_GRCh38.p14_chr1_k31_w10_repeat1.log
final_release_formal,GRCh38.p14_chr1,$KSSD_RELEASE_HOST/seq/human/GCF_000001405.40_GRCh38.p14_genomic.fna,3339739109,df6e4918316e05a9cc1fd29c352841d3678b607d7a436819cd43371b52c814c0,31,10,2,42,KSSD-Array,2.163721646,106520620.814,106.520620814,230481012,18475410,230480982,230480973,230480973,1024,$KSSD_RELEASE_HOST/KSSD-Array-formal-results/final-validation-20260731-162115/02_figure2_final/logs/run_GRCh38.p14_chr1_k31_w10_repeat2.log
final_release_formal,GRCh38.p14_chr1,$KSSD_RELEASE_HOST/seq/human/GCF_000001405.40_GRCh38.p14_genomic.fna,3339739109,df6e4918316e05a9cc1fd29c352841d3678b607d7a436819cd43371b52c814c0,31,10,2,42,XXH3,3.883938972,59342068.622,59.342068622,230481012,18475410,230480982,230480973,230480973,1024,$KSSD_RELEASE_HOST/KSSD-Array-formal-results/final-validation-20260731-162115/02_figure2_final/logs/run_GRCh38.p14_chr1_k31_w10_repeat2.log
final_release_formal,GRCh38.p14_chr1,$KSSD_RELEASE_HOST/seq/human/GCF_000001405.40_GRCh38.p14_genomic.fna,3339739109,df6e4918316e05a9cc1fd29c352841d3678b607d7a436819cd43371b52c814c0,31,10,2,42,XXH64,4.562733041,50513797.526,50.513797526,230481012,18475410,230480982,230480973,230480973,1024,$KSSD_RELEASE_HOST/KSSD-Array-formal-results/final-validation-20260731-162115/02_figure2_final/logs/run_GRCh38.p14_chr1_k31_w10_repeat2.log
final_release_formal,GRCh38.p14_chr1,$KSSD_RELEASE_HOST/seq/human/GCF_000001405.40_GRCh38.p14_genomic.fna,3339739109,df6e4918316e05a9cc1fd29c352841d3678b607d7a436819cd43371b52c814c0,31,10,2,42,MurmurHash3,2.807653953,82090235.071,82.090235071,230481012,18475410,230480982,230480973,230480973,1024,$KSSD_RELEASE_HOST/KSSD-Array-formal-results/final-validation-20260731-162115/02_figure2_final/logs/run_GRCh38.p14_chr1_k31_w10_repeat2.log
final_release_formal,GRCh38.p14_chr1,$KSSD_RELEASE_HOST/seq/human/GCF_000001405.40_GRCh38.p14_genomic.fna,3339739109,df6e4918316e05a9cc1fd29c352841d3678b607d7a436819cd43371b52c814c0,31,10,2,42,wyhash,2.502267570,92108843.900,92.108843900,230481012,18475410,230480982,230480973,230480973,1024,$KSSD_RELEASE_HOST/KSSD-Array-formal-results/final-validation-20260731-162115/02_figure2_final/logs/run_GRCh38.p14_chr1_k31_w10_repeat2.log
final_release_formal,GRCh38.p14_chr1,$KSSD_RELEASE_HOST/seq/human/GCF_000001405.40_GRCh38.p14_genomic.fna,3339739109,df6e4918316e05a9cc1fd29c352841d3678b607d7a436819cd43371b52c814c0,31,10,3,42,KSSD-Array,2.158753737,106765755.190,106.765755190,230481012,18475410,230480982,230480973,230480973,1024,$KSSD_RELEASE_HOST/KSSD-Array-formal-results/final-validation-20260731-162115/02_figure2_final/logs/run_GRCh38.p14_chr1_k31_w10_repeat3.log
final_release_formal,GRCh38.p14_chr1,$KSSD_RELEASE_HOST/seq/human/GCF_000001405.40_GRCh38.p14_genomic.fna,3339739109,df6e4918316e05a9cc1fd29c352841d3678b607d7a436819cd43371b52c814c0,31,10,3,42,XXH3,3.896236346,59154772.076,59.154772076,230481012,18475410,230480982,230480973,230480973,1024,$KSSD_RELEASE_HOST/KSSD-Array-formal-results/final-validation-20260731-162115/02_figure2_final/logs/run_GRCh38.p14_chr1_k31_w10_repeat3.log
final_release_formal,GRCh38.p14_chr1,$KSSD_RELEASE_HOST/seq/human/GCF_000001405.40_GRCh38.p14_genomic.fna,3339739109,df6e4918316e05a9cc1fd29c352841d3678b607d7a436819cd43371b52c814c0,31,10,3,42,XXH64,4.607313698,50025022.846,50.025022846,230481012,18475410,230480982,230480973,230480973,1024,$KSSD_RELEASE_HOST/KSSD-Array-formal-results/final-validation-20260731-162115/02_figure2_final/logs/run_GRCh38.p14_chr1_k31_w10_repeat3.log
final_release_formal,GRCh38.p14_chr1,$KSSD_RELEASE_HOST/seq/human/GCF_000001405.40_GRCh38.p14_genomic.fna,3339739109,df6e4918316e05a9cc1fd29c352841d3678b607d7a436819cd43371b52c814c0,31,10,3,42,MurmurHash3,2.807695488,82089020.688,82.089020688,230481012,18475410,230480982,230480973,230480973,1024,$KSSD_RELEASE_HOST/KSSD-Array-formal-results/final-validation-20260731-162115/02_figure2_final/logs/run_GRCh38.p14_chr1_k31_w10_repeat3.log
final_release_formal,GRCh38.p14_chr1,$KSSD_RELEASE_HOST/seq/human/GCF_000001405.40_GRCh38.p14_genomic.fna,3339739109,df6e4918316e05a9cc1fd29c352841d3678b607d7a436819cd43371b52c814c0,31,10,3,42,wyhash,2.502537444,92098910.868,92.098910868,230481012,18475410,230480982,230480973,230480973,1024,$KSSD_RELEASE_HOST/KSSD-Array-formal-results/final-validation-20260731-162115/02_figure2_final/logs/run_GRCh38.p14_chr1_k31_w10_repeat3.log
final_release_formal,GRCh38.p14_chr1,$KSSD_RELEASE_HOST/seq/human/GCF_000001405.40_GRCh38.p14_genomic.fna,3339739109,df6e4918316e05a9cc1fd29c352841d3678b607d7a436819cd43371b52c814c0,31,10,4,42,KSSD-Array,2.158345137,106785967.197,106.785967197,230481012,18475410,230480982,230480973,230480973,1024,$KSSD_RELEASE_HOST/KSSD-Array-formal-results/final-validation-20260731-162115/02_figure2_final/logs/run_GRCh38.p14_chr1_k31_w10_repeat4.log
final_release_formal,GRCh38.p14_chr1,$KSSD_RELEASE_HOST/seq/human/GCF_000001405.40_GRCh38.p14_genomic.fna,3339739109,df6e4918316e05a9cc1fd29c352841d3678b607d7a436819cd43371b52c814c0,31,10,4,42,XXH3,3.879566168,59408955.285,59.408955285,230481012,18475410,230480982,230480973,230480973,1024,$KSSD_RELEASE_HOST/KSSD-Array-formal-results/final-validation-20260731-162115/02_figure2_final/logs/run_GRCh38.p14_chr1_k31_w10_repeat4.log
final_release_formal,GRCh38.p14_chr1,$KSSD_RELEASE_HOST/seq/human/GCF_000001405.40_GRCh38.p14_genomic.fna,3339739109,df6e4918316e05a9cc1fd29c352841d3678b607d7a436819cd43371b52c814c0,31,10,4,42,XXH64,4.638345102,49690346.003,49.690346003,230481012,18475410,230480982,230480973,230480973,1024,$KSSD_RELEASE_HOST/KSSD-Array-formal-results/final-validation-20260731-162115/02_figure2_final/logs/run_GRCh38.p14_chr1_k31_w10_repeat4.log
final_release_formal,GRCh38.p14_chr1,$KSSD_RELEASE_HOST/seq/human/GCF_000001405.40_GRCh38.p14_genomic.fna,3339739109,df6e4918316e05a9cc1fd29c352841d3678b607d7a436819cd43371b52c814c0,31,10,4,42,MurmurHash3,2.804633238,82178649.913,82.178649913,230481012,18475410,230480982,230480973,230480973,1024,$KSSD_RELEASE_HOST/KSSD-Array-formal-results/final-validation-20260731-162115/02_figure2_final/logs/run_GRCh38.p14_chr1_k31_w10_repeat4.log
final_release_formal,GRCh38.p14_chr1,$KSSD_RELEASE_HOST/seq/human/GCF_000001405.40_GRCh38.p14_genomic.fna,3339739109,df6e4918316e05a9cc1fd29c352841d3678b607d7a436819cd43371b52c814c0,31,10,4,42,wyhash,2.499491195,92211156.199,92.211156199,230481012,18475410,230480982,230480973,230480973,1024,$KSSD_RELEASE_HOST/KSSD-Array-formal-results/final-validation-20260731-162115/02_figure2_final/logs/run_GRCh38.p14_chr1_k31_w10_repeat4.log
final_release_formal,GRCh38.p14_chr1,$KSSD_RELEASE_HOST/seq/human/GCF_000001405.40_GRCh38.p14_genomic.fna,3339739109,df6e4918316e05a9cc1fd29c352841d3678b607d7a436819cd43371b52c814c0,31,10,5,42,KSSD-Array,2.157642151,106820759.361,106.820759361,230481012,18475410,230480982,230480973,230480973,1024,$KSSD_RELEASE_HOST/KSSD-Array-formal-results/final-validation-20260731-162115/02_figure2_final/logs/run_GRCh38.p14_chr1_k31_w10_repeat5.log
final_release_formal,GRCh38.p14_chr1,$KSSD_RELEASE_HOST/seq/human/GCF_000001405.40_GRCh38.p14_genomic.fna,3339739109,df6e4918316e05a9cc1fd29c352841d3678b607d7a436819cd43371b52c814c0,31,10,5,42,XXH3,3.889021044,59264521.943,59.264521943,230481012,18475410,230480982,230480973,230480973,1024,$KSSD_RELEASE_HOST/KSSD-Array-formal-results/final-validation-20260731-162115/02_figure2_final/logs/run_GRCh38.p14_chr1_k31_w10_repeat5.log
final_release_formal,GRCh38.p14_chr1,$KSSD_RELEASE_HOST/seq/human/GCF_000001405.40_GRCh38.p14_genomic.fna,3339739109,df6e4918316e05a9cc1fd29c352841d3678b607d7a436819cd43371b52c814c0,31,10,5,42,XXH64,4.565958014,50478119.223,50.478119223,230481012,18475410,230480982,230480973,230480973,1024,$KSSD_RELEASE_HOST/KSSD-Array-formal-results/final-validation-20260731-162115/02_figure2_final/logs/run_GRCh38.p14_chr1_k31_w10_repeat5.log
final_release_formal,GRCh38.p14_chr1,$KSSD_RELEASE_HOST/seq/human/GCF_000001405.40_GRCh38.p14_genomic.fna,3339739109,df6e4918316e05a9cc1fd29c352841d3678b607d7a436819cd43371b52c814c0,31,10,5,42,MurmurHash3,2.804995315,82168042.053,82.168042053,230481012,18475410,230480982,230480973,230480973,1024,$KSSD_RELEASE_HOST/KSSD-Array-formal-results/final-validation-20260731-162115/02_figure2_final/logs/run_GRCh38.p14_chr1_k31_w10_repeat5.log
final_release_formal,GRCh38.p14_chr1,$KSSD_RELEASE_HOST/seq/human/GCF_000001405.40_GRCh38.p14_genomic.fna,3339739109,df6e4918316e05a9cc1fd29c352841d3678b607d7a436819cd43371b52c814c0,31,10,5,42,wyhash,2.499396393,92214653.764,92.214653764,230481012,18475410,230480982,230480973,230480973,1024,$KSSD_RELEASE_HOST/KSSD-Array-formal-results/final-validation-20260731-162115/02_figure2_final/logs/run_GRCh38.p14_chr1_k31_w10_repeat5.log
final_release_formal,Synthetic_300_Mb,$KSSD_RELEASE_HOST/AEEE.fasta,300000057,a7eca29bdfa06ff373048fffa7a90139afc98acfa938a8ec0a98459608045962,31,20,1,42,KSSD-Array,2.633284512,113926144.187,113.926144187,300000000,0,299999970,299999951,299999951,1024,$KSSD_RELEASE_HOST/KSSD-Array-formal-results/final-validation-20260731-162115/02_figure2_final/logs/run_Synthetic_300_Mb_k31_w20_repeat1.log
final_release_formal,Synthetic_300_Mb,$KSSD_RELEASE_HOST/AEEE.fasta,300000057,a7eca29bdfa06ff373048fffa7a90139afc98acfa938a8ec0a98459608045962,31,20,1,42,XXH3,4.654114685,64459080.041,64.459080041,300000000,0,299999970,299999951,299999951,1024,$KSSD_RELEASE_HOST/KSSD-Array-formal-results/final-validation-20260731-162115/02_figure2_final/logs/run_Synthetic_300_Mb_k31_w20_repeat1.log
final_release_formal,Synthetic_300_Mb,$KSSD_RELEASE_HOST/AEEE.fasta,300000057,a7eca29bdfa06ff373048fffa7a90139afc98acfa938a8ec0a98459608045962,31,20,1,42,XXH64,5.505032658,54495580.615,54.495580615,300000000,0,299999970,299999951,299999951,1024,$KSSD_RELEASE_HOST/KSSD-Array-formal-results/final-validation-20260731-162115/02_figure2_final/logs/run_Synthetic_300_Mb_k31_w20_repeat1.log
final_release_formal,Synthetic_300_Mb,$KSSD_RELEASE_HOST/AEEE.fasta,300000057,a7eca29bdfa06ff373048fffa7a90139afc98acfa938a8ec0a98459608045962,31,20,1,42,MurmurHash3,3.372879438,88944759.667,88.944759667,300000000,0,299999970,299999951,299999951,1024,$KSSD_RELEASE_HOST/KSSD-Array-formal-results/final-validation-20260731-162115/02_figure2_final/logs/run_Synthetic_300_Mb_k31_w20_repeat1.log
final_release_formal,Synthetic_300_Mb,$KSSD_RELEASE_HOST/AEEE.fasta,300000057,a7eca29bdfa06ff373048fffa7a90139afc98acfa938a8ec0a98459608045962,31,20,1,42,wyhash,2.847547424,105353803.231,105.353803231,300000000,0,299999970,299999951,299999951,1024,$KSSD_RELEASE_HOST/KSSD-Array-formal-results/final-validation-20260731-162115/02_figure2_final/logs/run_Synthetic_300_Mb_k31_w20_repeat1.log
final_release_formal,Synthetic_300_Mb,$KSSD_RELEASE_HOST/AEEE.fasta,300000057,a7eca29bdfa06ff373048fffa7a90139afc98acfa938a8ec0a98459608045962,31,20,2,42,KSSD-Array,2.633014836,113937812.616,113.937812616,300000000,0,299999970,299999951,299999951,1024,$KSSD_RELEASE_HOST/KSSD-Array-formal-results/final-validation-20260731-162115/02_figure2_final/logs/run_Synthetic_300_Mb_k31_w20_repeat2.log
final_release_formal,Synthetic_300_Mb,$KSSD_RELEASE_HOST/AEEE.fasta,300000057,a7eca29bdfa06ff373048fffa7a90139afc98acfa938a8ec0a98459608045962,31,20,2,42,XXH3,4.653067161,64473591.423,64.473591423,300000000,0,299999970,299999951,299999951,1024,$KSSD_RELEASE_HOST/KSSD-Array-formal-results/final-validation-20260731-162115/02_figure2_final/logs/run_Synthetic_300_Mb_k31_w20_repeat2.log
final_release_formal,Synthetic_300_Mb,$KSSD_RELEASE_HOST/AEEE.fasta,300000057,a7eca29bdfa06ff373048fffa7a90139afc98acfa938a8ec0a98459608045962,31,20,2,42,XXH64,5.511722237,54429439.311,54.429439311,300000000,0,299999970,299999951,299999951,1024,$KSSD_RELEASE_HOST/KSSD-Array-formal-results/final-validation-20260731-162115/02_figure2_final/logs/run_Synthetic_300_Mb_k31_w20_repeat2.log
final_release_formal,Synthetic_300_Mb,$KSSD_RELEASE_HOST/AEEE.fasta,300000057,a7eca29bdfa06ff373048fffa7a90139afc98acfa938a8ec0a98459608045962,31,20,2,42,MurmurHash3,3.369797378,89026109.688,89.026109688,300000000,0,299999970,299999951,299999951,1024,$KSSD_RELEASE_HOST/KSSD-Array-formal-results/final-validation-20260731-162115/02_figure2_final/logs/run_Synthetic_300_Mb_k31_w20_repeat2.log
final_release_formal,Synthetic_300_Mb,$KSSD_RELEASE_HOST/AEEE.fasta,300000057,a7eca29bdfa06ff373048fffa7a90139afc98acfa938a8ec0a98459608045962,31,20,2,42,wyhash,2.846227653,105402654.873,105.402654873,300000000,0,299999970,299999951,299999951,1024,$KSSD_RELEASE_HOST/KSSD-Array-formal-results/final-validation-20260731-162115/02_figure2_final/logs/run_Synthetic_300_Mb_k31_w20_repeat2.log
final_release_formal,Synthetic_300_Mb,$KSSD_RELEASE_HOST/AEEE.fasta,300000057,a7eca29bdfa06ff373048fffa7a90139afc98acfa938a8ec0a98459608045962,31,20,3,42,KSSD-Array,2.632980808,113939285.121,113.939285121,300000000,0,299999970,299999951,299999951,1024,$KSSD_RELEASE_HOST/KSSD-Array-formal-results/final-validation-20260731-162115/02_figure2_final/logs/run_Synthetic_300_Mb_k31_w20_repeat3.log
final_release_formal,Synthetic_300_Mb,$KSSD_RELEASE_HOST/AEEE.fasta,300000057,a7eca29bdfa06ff373048fffa7a90139afc98acfa938a8ec0a98459608045962,31,20,3,42,XXH3,4.651349184,64497404.760,64.497404760,300000000,0,299999970,299999951,299999951,1024,$KSSD_RELEASE_HOST/KSSD-Array-formal-results/final-validation-20260731-162115/02_figure2_final/logs/run_Synthetic_300_Mb_k31_w20_repeat3.log
final_release_formal,Synthetic_300_Mb,$KSSD_RELEASE_HOST/AEEE.fasta,300000057,a7eca29bdfa06ff373048fffa7a90139afc98acfa938a8ec0a98459608045962,31,20,3,42,XXH64,5.513349507,54413374.414,54.413374414,300000000,0,299999970,299999951,299999951,1024,$KSSD_RELEASE_HOST/KSSD-Array-formal-results/final-validation-20260731-162115/02_figure2_final/logs/run_Synthetic_300_Mb_k31_w20_repeat3.log
final_release_formal,Synthetic_300_Mb,$KSSD_RELEASE_HOST/AEEE.fasta,300000057,a7eca29bdfa06ff373048fffa7a90139afc98acfa938a8ec0a98459608045962,31,20,3,42,MurmurHash3,3.385371783,88616545.015,88.616545015,300000000,0,299999970,299999951,299999951,1024,$KSSD_RELEASE_HOST/KSSD-Array-formal-results/final-validation-20260731-162115/02_figure2_final/logs/run_Synthetic_300_Mb_k31_w20_repeat3.log
final_release_formal,Synthetic_300_Mb,$KSSD_RELEASE_HOST/AEEE.fasta,300000057,a7eca29bdfa06ff373048fffa7a90139afc98acfa938a8ec0a98459608045962,31,20,3,42,wyhash,2.845521078,105428827.542,105.428827542,300000000,0,299999970,299999951,299999951,1024,$KSSD_RELEASE_HOST/KSSD-Array-formal-results/final-validation-20260731-162115/02_figure2_final/logs/run_Synthetic_300_Mb_k31_w20_repeat3.log
final_release_formal,Synthetic_300_Mb,$KSSD_RELEASE_HOST/AEEE.fasta,300000057,a7eca29bdfa06ff373048fffa7a90139afc98acfa938a8ec0a98459608045962,31,20,4,42,KSSD-Array,2.633168536,113931161.982,113.931161982,300000000,0,299999970,299999951,299999951,1024,$KSSD_RELEASE_HOST/KSSD-Array-formal-results/final-validation-20260731-162115/02_figure2_final/logs/run_Synthetic_300_Mb_k31_w20_repeat4.log
final_release_formal,Synthetic_300_Mb,$KSSD_RELEASE_HOST/AEEE.fasta,300000057,a7eca29bdfa06ff373048fffa7a90139afc98acfa938a8ec0a98459608045962,31,20,4,42,XXH3,4.659208765,64388604.618,64.388604618,300000000,0,299999970,299999951,299999951,1024,$KSSD_RELEASE_HOST/KSSD-Array-formal-results/final-validation-20260731-162115/02_figure2_final/logs/run_Synthetic_300_Mb_k31_w20_repeat4.log
final_release_formal,Synthetic_300_Mb,$KSSD_RELEASE_HOST/AEEE.fasta,300000057,a7eca29bdfa06ff373048fffa7a90139afc98acfa938a8ec0a98459608045962,31,20,4,42,XXH64,5.512272310,54424007.765,54.424007765,300000000,0,299999970,299999951,299999951,1024,$KSSD_RELEASE_HOST/KSSD-Array-formal-results/final-validation-20260731-162115/02_figure2_final/logs/run_Synthetic_300_Mb_k31_w20_repeat4.log
final_release_formal,Synthetic_300_Mb,$KSSD_RELEASE_HOST/AEEE.fasta,300000057,a7eca29bdfa06ff373048fffa7a90139afc98acfa938a8ec0a98459608045962,31,20,4,42,MurmurHash3,3.382348116,88695764.218,88.695764218,300000000,0,299999970,299999951,299999951,1024,$KSSD_RELEASE_HOST/KSSD-Array-formal-results/final-validation-20260731-162115/02_figure2_final/logs/run_Synthetic_300_Mb_k31_w20_repeat4.log
final_release_formal,Synthetic_300_Mb,$KSSD_RELEASE_HOST/AEEE.fasta,300000057,a7eca29bdfa06ff373048fffa7a90139afc98acfa938a8ec0a98459608045962,31,20,4,42,wyhash,2.845731165,105421044.226,105.421044226,300000000,0,299999970,299999951,299999951,1024,$KSSD_RELEASE_HOST/KSSD-Array-formal-results/final-validation-20260731-162115/02_figure2_final/logs/run_Synthetic_300_Mb_k31_w20_repeat4.log
final_release_formal,Synthetic_300_Mb,$KSSD_RELEASE_HOST/AEEE.fasta,300000057,a7eca29bdfa06ff373048fffa7a90139afc98acfa938a8ec0a98459608045962,31,20,5,42,KSSD-Array,2.633209280,113929399.110,113.929399110,300000000,0,299999970,299999951,299999951,1024,$KSSD_RELEASE_HOST/KSSD-Array-formal-results/final-validation-20260731-162115/02_figure2_final/logs/run_Synthetic_300_Mb_k31_w20_repeat5.log
final_release_formal,Synthetic_300_Mb,$KSSD_RELEASE_HOST/AEEE.fasta,300000057,a7eca29bdfa06ff373048fffa7a90139afc98acfa938a8ec0a98459608045962,31,20,5,42,XXH3,4.650520558,64508896.855,64.508896855,300000000,0,299999970,299999951,299999951,1024,$KSSD_RELEASE_HOST/KSSD-Array-formal-results/final-validation-20260731-162115/02_figure2_final/logs/run_Synthetic_300_Mb_k31_w20_repeat5.log
final_release_formal,Synthetic_300_Mb,$KSSD_RELEASE_HOST/AEEE.fasta,300000057,a7eca29bdfa06ff373048fffa7a90139afc98acfa938a8ec0a98459608045962,31,20,5,42,XXH64,5.506673928,54479338.149,54.479338149,300000000,0,299999970,299999951,299999951,1024,$KSSD_RELEASE_HOST/KSSD-Array-formal-results/final-validation-20260731-162115/02_figure2_final/logs/run_Synthetic_300_Mb_k31_w20_repeat5.log
final_release_formal,Synthetic_300_Mb,$KSSD_RELEASE_HOST/AEEE.fasta,300000057,a7eca29bdfa06ff373048fffa7a90139afc98acfa938a8ec0a98459608045962,31,20,5,42,MurmurHash3,3.388933772,88523403.284,88.523403284,300000000,0,299999970,299999951,299999951,1024,$KSSD_RELEASE_HOST/KSSD-Array-formal-results/final-validation-20260731-162115/02_figure2_final/logs/run_Synthetic_300_Mb_k31_w20_repeat5.log
final_release_formal,Synthetic_300_Mb,$KSSD_RELEASE_HOST/AEEE.fasta,300000057,a7eca29bdfa06ff373048fffa7a90139afc98acfa938a8ec0a98459608045962,31,20,5,42,wyhash,2.846118270,105406705.745,105.406705745,300000000,0,299999970,299999951,299999951,1024,$KSSD_RELEASE_HOST/KSSD-Array-formal-results/final-validation-20260731-162115/02_figure2_final/logs/run_Synthetic_300_Mb_k31_w20_repeat5.log
final_release_formal,GRCh38.p14_chr1,$KSSD_RELEASE_HOST/seq/human/GCF_000001405.40_GRCh38.p14_genomic.fna,3339739109,df6e4918316e05a9cc1fd29c352841d3678b607d7a436819cd43371b52c814c0,31,20,1,42,KSSD-Array,2.022806338,113941190.845,113.941190845,230481012,18475410,230480982,230480963,230480963,1024,$KSSD_RELEASE_HOST/KSSD-Array-formal-results/final-validation-20260731-162115/02_figure2_final/logs/run_GRCh38.p14_chr1_k31_w20_repeat1.log
final_release_formal,GRCh38.p14_chr1,$KSSD_RELEASE_HOST/seq/human/GCF_000001405.40_GRCh38.p14_genomic.fna,3339739109,df6e4918316e05a9cc1fd29c352841d3678b607d7a436819cd43371b52c814c0,31,20,1,42,XXH3,3.574493356,64479337.362,64.479337362,230481012,18475410,230480982,230480963,230480963,1024,$KSSD_RELEASE_HOST/KSSD-Array-formal-results/final-validation-20260731-162115/02_figure2_final/logs/run_GRCh38.p14_chr1_k31_w20_repeat1.log
final_release_formal,GRCh38.p14_chr1,$KSSD_RELEASE_HOST/seq/human/GCF_000001405.40_GRCh38.p14_genomic.fna,3339739109,df6e4918316e05a9cc1fd29c352841d3678b607d7a436819cd43371b52c814c0,31,20,1,42,XXH64,4.234290656,54432012.756,54.432012756,230481012,18475410,230480982,230480963,230480963,1024,$KSSD_RELEASE_HOST/KSSD-Array-formal-results/final-validation-20260731-162115/02_figure2_final/logs/run_GRCh38.p14_chr1_k31_w20_repeat1.log
final_release_formal,GRCh38.p14_chr1,$KSSD_RELEASE_HOST/seq/human/GCF_000001405.40_GRCh38.p14_genomic.fna,3339739109,df6e4918316e05a9cc1fd29c352841d3678b607d7a436819cd43371b52c814c0,31,20,1,42,MurmurHash3,2.598861624,88685353.953,88.685353953,230481012,18475410,230480982,230480963,230480963,1024,$KSSD_RELEASE_HOST/KSSD-Array-formal-results/final-validation-20260731-162115/02_figure2_final/logs/run_GRCh38.p14_chr1_k31_w20_repeat1.log
final_release_formal,GRCh38.p14_chr1,$KSSD_RELEASE_HOST/seq/human/GCF_000001405.40_GRCh38.p14_genomic.fna,3339739109,df6e4918316e05a9cc1fd29c352841d3678b607d7a436819cd43371b52c814c0,31,20,1,42,wyhash,2.187130693,105380516.920,105.380516920,230481012,18475410,230480982,230480963,230480963,1024,$KSSD_RELEASE_HOST/KSSD-Array-formal-results/final-validation-20260731-162115/02_figure2_final/logs/run_GRCh38.p14_chr1_k31_w20_repeat1.log
final_release_formal,GRCh38.p14_chr1,$KSSD_RELEASE_HOST/seq/human/GCF_000001405.40_GRCh38.p14_genomic.fna,3339739109,df6e4918316e05a9cc1fd29c352841d3678b607d7a436819cd43371b52c814c0,31,20,2,42,KSSD-Array,2.022406368,113963724.920,113.963724920,230481012,18475410,230480982,230480963,230480963,1024,$KSSD_RELEASE_HOST/KSSD-Array-formal-results/final-validation-20260731-162115/02_figure2_final/logs/run_GRCh38.p14_chr1_k31_w20_repeat2.log
final_release_formal,GRCh38.p14_chr1,$KSSD_RELEASE_HOST/seq/human/GCF_000001405.40_GRCh38.p14_genomic.fna,3339739109,df6e4918316e05a9cc1fd29c352841d3678b607d7a436819cd43371b52c814c0,31,20,2,42,XXH3,3.577188872,64430750.303,64.430750303,230481012,18475410,230480982,230480963,230480963,1024,$KSSD_RELEASE_HOST/KSSD-Array-formal-results/final-validation-20260731-162115/02_figure2_final/logs/run_GRCh38.p14_chr1_k31_w20_repeat2.log
final_release_formal,GRCh38.p14_chr1,$KSSD_RELEASE_HOST/seq/human/GCF_000001405.40_GRCh38.p14_genomic.fna,3339739109,df6e4918316e05a9cc1fd29c352841d3678b607d7a436819cd43371b52c814c0,31,20,2,42,XXH64,4.319777128,53354827.384,53.354827384,230481012,18475410,230480982,230480963,230480963,1024,$KSSD_RELEASE_HOST/KSSD-Array-formal-results/final-validation-20260731-162115/02_figure2_final/logs/run_GRCh38.p14_chr1_k31_w20_repeat2.log
final_release_formal,GRCh38.p14_chr1,$KSSD_RELEASE_HOST/seq/human/GCF_000001405.40_GRCh38.p14_genomic.fna,3339739109,df6e4918316e05a9cc1fd29c352841d3678b607d7a436819cd43371b52c814c0,31,20,2,42,MurmurHash3,2.595566382,88797945.835,88.797945835,230481012,18475410,230480982,230480963,230480963,1024,$KSSD_RELEASE_HOST/KSSD-Array-formal-results/final-validation-20260731-162115/02_figure2_final/logs/run_GRCh38.p14_chr1_k31_w20_repeat2.log
final_release_formal,GRCh38.p14_chr1,$KSSD_RELEASE_HOST/seq/human/GCF_000001405.40_GRCh38.p14_genomic.fna,3339739109,df6e4918316e05a9cc1fd29c352841d3678b607d7a436819cd43371b52c814c0,31,20,2,42,wyhash,2.187837399,105346477.350,105.346477350,230481012,18475410,230480982,230480963,230480963,1024,$KSSD_RELEASE_HOST/KSSD-Array-formal-results/final-validation-20260731-162115/02_figure2_final/logs/run_GRCh38.p14_chr1_k31_w20_repeat2.log
final_release_formal,GRCh38.p14_chr1,$KSSD_RELEASE_HOST/seq/human/GCF_000001405.40_GRCh38.p14_genomic.fna,3339739109,df6e4918316e05a9cc1fd29c352841d3678b607d7a436819cd43371b52c814c0,31,20,3,42,KSSD-Array,2.022784378,113942427.827,113.942427827,230481012,18475410,230480982,230480963,230480963,1024,$KSSD_RELEASE_HOST/KSSD-Array-formal-results/final-validation-20260731-162115/02_figure2_final/logs/run_GRCh38.p14_chr1_k31_w20_repeat3.log
final_release_formal,GRCh38.p14_chr1,$KSSD_RELEASE_HOST/seq/human/GCF_000001405.40_GRCh38.p14_genomic.fna,3339739109,df6e4918316e05a9cc1fd29c352841d3678b607d7a436819cd43371b52c814c0,31,20,3,42,XXH3,3.575692797,64457708.222,64.457708222,230481012,18475410,230480982,230480963,230480963,1024,$KSSD_RELEASE_HOST/KSSD-Array-formal-results/final-validation-20260731-162115/02_figure2_final/logs/run_GRCh38.p14_chr1_k31_w20_repeat3.log
final_release_formal,GRCh38.p14_chr1,$KSSD_RELEASE_HOST/seq/human/GCF_000001405.40_GRCh38.p14_genomic.fna,3339739109,df6e4918316e05a9cc1fd29c352841d3678b607d7a436819cd43371b52c814c0,31,20,3,42,XXH64,4.243756630,54310598.626,54.310598626,230481012,18475410,230480982,230480963,230480963,1024,$KSSD_RELEASE_HOST/KSSD-Array-formal-results/final-validation-20260731-162115/02_figure2_final/logs/run_GRCh38.p14_chr1_k31_w20_repeat3.log
final_release_formal,GRCh38.p14_chr1,$KSSD_RELEASE_HOST/seq/human/GCF_000001405.40_GRCh38.p14_genomic.fna,3339739109,df6e4918316e05a9cc1fd29c352841d3678b607d7a436819cd43371b52c814c0,31,20,3,42,MurmurHash3,2.601112101,88608623.562,88.608623562,230481012,18475410,230480982,230480963,230480963,1024,$KSSD_RELEASE_HOST/KSSD-Array-formal-results/final-validation-20260731-162115/02_figure2_final/logs/run_GRCh38.p14_chr1_k31_w20_repeat3.log
final_release_formal,GRCh38.p14_chr1,$KSSD_RELEASE_HOST/seq/human/GCF_000001405.40_GRCh38.p14_genomic.fna,3339739109,df6e4918316e05a9cc1fd29c352841d3678b607d7a436819cd43371b52c814c0,31,20,3,42,wyhash,2.185607147,105453975.714,105.453975714,230481012,18475410,230480982,230480963,230480963,1024,$KSSD_RELEASE_HOST/KSSD-Array-formal-results/final-validation-20260731-162115/02_figure2_final/logs/run_GRCh38.p14_chr1_k31_w20_repeat3.log
final_release_formal,GRCh38.p14_chr1,$KSSD_RELEASE_HOST/seq/human/GCF_000001405.40_GRCh38.p14_genomic.fna,3339739109,df6e4918316e05a9cc1fd29c352841d3678b607d7a436819cd43371b52c814c0,31,20,4,42,KSSD-Array,2.023049898,113927473.182,113.927473182,230481012,18475410,230480982,230480963,230480963,1024,$KSSD_RELEASE_HOST/KSSD-Array-formal-results/final-validation-20260731-162115/02_figure2_final/logs/run_GRCh38.p14_chr1_k31_w20_repeat4.log
final_release_formal,GRCh38.p14_chr1,$KSSD_RELEASE_HOST/seq/human/GCF_000001405.40_GRCh38.p14_genomic.fna,3339739109,df6e4918316e05a9cc1fd29c352841d3678b607d7a436819cd43371b52c814c0,31,20,4,42,XXH3,3.577075265,64432796.608,64.432796608,230481012,18475410,230480982,230480963,230480963,1024,$KSSD_RELEASE_HOST/KSSD-Array-formal-results/final-validation-20260731-162115/02_figure2_final/logs/run_GRCh38.p14_chr1_k31_w20_repeat4.log
final_release_formal,GRCh38.p14_chr1,$KSSD_RELEASE_HOST/seq/human/GCF_000001405.40_GRCh38.p14_genomic.fna,3339739109,df6e4918316e05a9cc1fd29c352841d3678b607d7a436819cd43371b52c814c0,31,20,4,42,XXH64,4.239105358,54370189.824,54.370189824,230481012,18475410,230480982,230480963,230480963,1024,$KSSD_RELEASE_HOST/KSSD-Array-formal-results/final-validation-20260731-162115/02_figure2_final/logs/run_GRCh38.p14_chr1_k31_w20_repeat4.log
final_release_formal,GRCh38.p14_chr1,$KSSD_RELEASE_HOST/seq/human/GCF_000001405.40_GRCh38.p14_genomic.fna,3339739109,df6e4918316e05a9cc1fd29c352841d3678b607d7a436819cd43371b52c814c0,31,20,4,42,MurmurHash3,2.610970968,88274042.808,88.274042808,230481012,18475410,230480982,230480963,230480963,1024,$KSSD_RELEASE_HOST/KSSD-Array-formal-results/final-validation-20260731-162115/02_figure2_final/logs/run_GRCh38.p14_chr1_k31_w20_repeat4.log
final_release_formal,GRCh38.p14_chr1,$KSSD_RELEASE_HOST/seq/human/GCF_000001405.40_GRCh38.p14_genomic.fna,3339739109,df6e4918316e05a9cc1fd29c352841d3678b607d7a436819cd43371b52c814c0,31,20,4,42,wyhash,2.187062614,105383797.210,105.383797210,230481012,18475410,230480982,230480963,230480963,1024,$KSSD_RELEASE_HOST/KSSD-Array-formal-results/final-validation-20260731-162115/02_figure2_final/logs/run_GRCh38.p14_chr1_k31_w20_repeat4.log
final_release_formal,GRCh38.p14_chr1,$KSSD_RELEASE_HOST/seq/human/GCF_000001405.40_GRCh38.p14_genomic.fna,3339739109,df6e4918316e05a9cc1fd29c352841d3678b607d7a436819cd43371b52c814c0,31,20,5,42,KSSD-Array,2.022936293,113933871.174,113.933871174,230481012,18475410,230480982,230480963,230480963,1024,$KSSD_RELEASE_HOST/KSSD-Array-formal-results/final-validation-20260731-162115/02_figure2_final/logs/run_GRCh38.p14_chr1_k31_w20_repeat5.log
final_release_formal,GRCh38.p14_chr1,$KSSD_RELEASE_HOST/seq/human/GCF_000001405.40_GRCh38.p14_genomic.fna,3339739109,df6e4918316e05a9cc1fd29c352841d3678b607d7a436819cd43371b52c814c0,31,20,5,42,XXH3,3.574549031,64478333.071,64.478333071,230481012,18475410,230480982,230480963,230480963,1024,$KSSD_RELEASE_HOST/KSSD-Array-formal-results/final-validation-20260731-162115/02_figure2_final/logs/run_GRCh38.p14_chr1_k31_w20_repeat5.log
final_release_formal,GRCh38.p14_chr1,$KSSD_RELEASE_HOST/seq/human/GCF_000001405.40_GRCh38.p14_genomic.fna,3339739109,df6e4918316e05a9cc1fd29c352841d3678b607d7a436819cd43371b52c814c0,31,20,5,42,XXH64,4.249357452,54239015.099,54.239015099,230481012,18475410,230480982,230480963,230480963,1024,$KSSD_RELEASE_HOST/KSSD-Array-formal-results/final-validation-20260731-162115/02_figure2_final/logs/run_GRCh38.p14_chr1_k31_w20_repeat5.log
final_release_formal,GRCh38.p14_chr1,$KSSD_RELEASE_HOST/seq/human/GCF_000001405.40_GRCh38.p14_genomic.fna,3339739109,df6e4918316e05a9cc1fd29c352841d3678b607d7a436819cd43371b52c814c0,31,20,5,42,MurmurHash3,2.605762601,88450483.905,88.450483905,230481012,18475410,230480982,230480963,230480963,1024,$KSSD_RELEASE_HOST/KSSD-Array-formal-results/final-validation-20260731-162115/02_figure2_final/logs/run_GRCh38.p14_chr1_k31_w20_repeat5.log
final_release_formal,GRCh38.p14_chr1,$KSSD_RELEASE_HOST/seq/human/GCF_000001405.40_GRCh38.p14_genomic.fna,3339739109,df6e4918316e05a9cc1fd29c352841d3678b607d7a436819cd43371b52c814c0,31,20,5,42,wyhash,2.187324402,105371184.443,105.371184443,230481012,18475410,230480982,230480963,230480963,1024,$KSSD_RELEASE_HOST/KSSD-Array-formal-results/final-validation-20260731-162115/02_figure2_final/logs/run_GRCh38.p14_chr1_k31_w20_repeat5.log
final_release_formal,Synthetic_300_Mb,$KSSD_RELEASE_HOST/AEEE.fasta,300000057,a7eca29bdfa06ff373048fffa7a90139afc98acfa938a8ec0a98459608045962,31,50,1,42,KSSD-Array,1.974780343,151915590.037,151.915590037,300000000,0,299999970,299999921,299999921,1024,$KSSD_RELEASE_HOST/KSSD-Array-formal-results/final-validation-20260731-162115/02_figure2_final/logs/run_Synthetic_300_Mb_k31_w50_repeat1.log
final_release_formal,Synthetic_300_Mb,$KSSD_RELEASE_HOST/AEEE.fasta,300000057,a7eca29bdfa06ff373048fffa7a90139afc98acfa938a8ec0a98459608045962,31,50,1,42,XXH3,4.096790625,73228033.468,73.228033468,300000000,0,299999970,299999921,299999921,1024,$KSSD_RELEASE_HOST/KSSD-Array-formal-results/final-validation-20260731-162115/02_figure2_final/logs/run_Synthetic_300_Mb_k31_w50_repeat1.log
final_release_formal,Synthetic_300_Mb,$KSSD_RELEASE_HOST/AEEE.fasta,300000057,a7eca29bdfa06ff373048fffa7a90139afc98acfa938a8ec0a98459608045962,31,50,1,42,XXH64,4.950298866,60602385.658,60.602385658,300000000,0,299999970,299999921,299999921,1024,$KSSD_RELEASE_HOST/KSSD-Array-formal-results/final-validation-20260731-162115/02_figure2_final/logs/run_Synthetic_300_Mb_k31_w50_repeat1.log
final_release_formal,Synthetic_300_Mb,$KSSD_RELEASE_HOST/AEEE.fasta,300000057,a7eca29bdfa06ff373048fffa7a90139afc98acfa938a8ec0a98459608045962,31,50,1,42,MurmurHash3,2.951416325,101646087.154,101.646087154,300000000,0,299999970,299999921,299999921,1024,$KSSD_RELEASE_HOST/KSSD-Array-formal-results/final-validation-20260731-162115/02_figure2_final/logs/run_Synthetic_300_Mb_k31_w50_repeat1.log
final_release_formal,Synthetic_300_Mb,$KSSD_RELEASE_HOST/AEEE.fasta,300000057,a7eca29bdfa06ff373048fffa7a90139afc98acfa938a8ec0a98459608045962,31,50,1,42,wyhash,2.290305492,130986858.324,130.986858324,300000000,0,299999970,299999921,299999921,1024,$KSSD_RELEASE_HOST/KSSD-Array-formal-results/final-validation-20260731-162115/02_figure2_final/logs/run_Synthetic_300_Mb_k31_w50_repeat1.log
final_release_formal,Synthetic_300_Mb,$KSSD_RELEASE_HOST/AEEE.fasta,300000057,a7eca29bdfa06ff373048fffa7a90139afc98acfa938a8ec0a98459608045962,31,50,2,42,KSSD-Array,1.975512845,151859261.133,151.859261133,300000000,0,299999970,299999921,299999921,1024,$KSSD_RELEASE_HOST/KSSD-Array-formal-results/final-validation-20260731-162115/02_figure2_final/logs/run_Synthetic_300_Mb_k31_w50_repeat2.log
final_release_formal,Synthetic_300_Mb,$KSSD_RELEASE_HOST/AEEE.fasta,300000057,a7eca29bdfa06ff373048fffa7a90139afc98acfa938a8ec0a98459608045962,31,50,2,42,XXH3,4.096508741,73233072.347,73.233072347,300000000,0,299999970,299999921,299999921,1024,$KSSD_RELEASE_HOST/KSSD-Array-formal-results/final-validation-20260731-162115/02_figure2_final/logs/run_Synthetic_300_Mb_k31_w50_repeat2.log
final_release_formal,Synthetic_300_Mb,$KSSD_RELEASE_HOST/AEEE.fasta,300000057,a7eca29bdfa06ff373048fffa7a90139afc98acfa938a8ec0a98459608045962,31,50,2,42,XXH64,4.950817983,60596031.207,60.596031207,300000000,0,299999970,299999921,299999921,1024,$KSSD_RELEASE_HOST/KSSD-Array-formal-results/final-validation-20260731-162115/02_figure2_final/logs/run_Synthetic_300_Mb_k31_w50_repeat2.log
final_release_formal,Synthetic_300_Mb,$KSSD_RELEASE_HOST/AEEE.fasta,300000057,a7eca29bdfa06ff373048fffa7a90139afc98acfa938a8ec0a98459608045962,31,50,2,42,MurmurHash3,2.946731000,101807705.216,101.807705216,300000000,0,299999970,299999921,299999921,1024,$KSSD_RELEASE_HOST/KSSD-Array-formal-results/final-validation-20260731-162115/02_figure2_final/logs/run_Synthetic_300_Mb_k31_w50_repeat2.log
final_release_formal,Synthetic_300_Mb,$KSSD_RELEASE_HOST/AEEE.fasta,300000057,a7eca29bdfa06ff373048fffa7a90139afc98acfa938a8ec0a98459608045962,31,50,2,42,wyhash,2.290493122,130976128.292,130.976128292,300000000,0,299999970,299999921,299999921,1024,$KSSD_RELEASE_HOST/KSSD-Array-formal-results/final-validation-20260731-162115/02_figure2_final/logs/run_Synthetic_300_Mb_k31_w50_repeat2.log
final_release_formal,Synthetic_300_Mb,$KSSD_RELEASE_HOST/AEEE.fasta,300000057,a7eca29bdfa06ff373048fffa7a90139afc98acfa938a8ec0a98459608045962,31,50,3,42,KSSD-Array,1.974659782,151924865.101,151.924865101,300000000,0,299999970,299999921,299999921,1024,$KSSD_RELEASE_HOST/KSSD-Array-formal-results/final-validation-20260731-162115/02_figure2_final/logs/run_Synthetic_300_Mb_k31_w50_repeat3.log
final_release_formal,Synthetic_300_Mb,$KSSD_RELEASE_HOST/AEEE.fasta,300000057,a7eca29bdfa06ff373048fffa7a90139afc98acfa938a8ec0a98459608045962,31,50,3,42,XXH3,4.097980093,73206778.508,73.206778508,300000000,0,299999970,299999921,299999921,1024,$KSSD_RELEASE_HOST/KSSD-Array-formal-results/final-validation-20260731-162115/02_figure2_final/logs/run_Synthetic_300_Mb_k31_w50_repeat3.log
final_release_formal,Synthetic_300_Mb,$KSSD_RELEASE_HOST/AEEE.fasta,300000057,a7eca29bdfa06ff373048fffa7a90139afc98acfa938a8ec0a98459608045962,31,50,3,42,XXH64,4.950328005,60602028.936,60.602028936,300000000,0,299999970,299999921,299999921,1024,$KSSD_RELEASE_HOST/KSSD-Array-formal-results/final-validation-20260731-162115/02_figure2_final/logs/run_Synthetic_300_Mb_k31_w50_repeat3.log
final_release_formal,Synthetic_300_Mb,$KSSD_RELEASE_HOST/AEEE.fasta,300000057,a7eca29bdfa06ff373048fffa7a90139afc98acfa938a8ec0a98459608045962,31,50,3,42,MurmurHash3,2.952718532,101601259.229,101.601259229,300000000,0,299999970,299999921,299999921,1024,$KSSD_RELEASE_HOST/KSSD-Array-formal-results/final-validation-20260731-162115/02_figure2_final/logs/run_Synthetic_300_Mb_k31_w50_repeat3.log
final_release_formal,Synthetic_300_Mb,$KSSD_RELEASE_HOST/AEEE.fasta,300000057,a7eca29bdfa06ff373048fffa7a90139afc98acfa938a8ec0a98459608045962,31,50,3,42,wyhash,2.290014113,131003524.955,131.003524955,300000000,0,299999970,299999921,299999921,1024,$KSSD_RELEASE_HOST/KSSD-Array-formal-results/final-validation-20260731-162115/02_figure2_final/logs/run_Synthetic_300_Mb_k31_w50_repeat3.log
final_release_formal,Synthetic_300_Mb,$KSSD_RELEASE_HOST/AEEE.fasta,300000057,a7eca29bdfa06ff373048fffa7a90139afc98acfa938a8ec0a98459608045962,31,50,4,42,KSSD-Array,1.974572229,151931601.485,151.931601485,300000000,0,299999970,299999921,299999921,1024,$KSSD_RELEASE_HOST/KSSD-Array-formal-results/final-validation-20260731-162115/02_figure2_final/logs/run_Synthetic_300_Mb_k31_w50_repeat4.log
final_release_formal,Synthetic_300_Mb,$KSSD_RELEASE_HOST/AEEE.fasta,300000057,a7eca29bdfa06ff373048fffa7a90139afc98acfa938a8ec0a98459608045962,31,50,4,42,XXH3,4.096161744,73239276.120,73.239276120,300000000,0,299999970,299999921,299999921,1024,$KSSD_RELEASE_HOST/KSSD-Array-formal-results/final-validation-20260731-162115/02_figure2_final/logs/run_Synthetic_300_Mb_k31_w50_repeat4.log
final_release_formal,Synthetic_300_Mb,$KSSD_RELEASE_HOST/AEEE.fasta,300000057,a7eca29bdfa06ff373048fffa7a90139afc98acfa938a8ec0a98459608045962,31,50,4,42,XXH64,4.952205731,60579050.487,60.579050487,300000000,0,299999970,299999921,299999921,1024,$KSSD_RELEASE_HOST/KSSD-Array-formal-results/final-validation-20260731-162115/02_figure2_final/logs/run_Synthetic_300_Mb_k31_w50_repeat4.log
final_release_formal,Synthetic_300_Mb,$KSSD_RELEASE_HOST/AEEE.fasta,300000057,a7eca29bdfa06ff373048fffa7a90139afc98acfa938a8ec0a98459608045962,31,50,4,42,MurmurHash3,2.946377776,101819910.347,101.819910347,300000000,0,299999970,299999921,299999921,1024,$KSSD_RELEASE_HOST/KSSD-Array-formal-results/final-validation-20260731-162115/02_figure2_final/logs/run_Synthetic_300_Mb_k31_w50_repeat4.log
final_release_formal,Synthetic_300_Mb,$KSSD_RELEASE_HOST/AEEE.fasta,300000057,a7eca29bdfa06ff373048fffa7a90139afc98acfa938a8ec0a98459608045962,31,50,4,42,wyhash,2.289158089,131052513.342,131.052513342,300000000,0,299999970,299999921,299999921,1024,$KSSD_RELEASE_HOST/KSSD-Array-formal-results/final-validation-20260731-162115/02_figure2_final/logs/run_Synthetic_300_Mb_k31_w50_repeat4.log
final_release_formal,Synthetic_300_Mb,$KSSD_RELEASE_HOST/AEEE.fasta,300000057,a7eca29bdfa06ff373048fffa7a90139afc98acfa938a8ec0a98459608045962,31,50,5,42,KSSD-Array,1.974494912,151937550.802,151.937550802,300000000,0,299999970,299999921,299999921,1024,$KSSD_RELEASE_HOST/KSSD-Array-formal-results/final-validation-20260731-162115/02_figure2_final/logs/run_Synthetic_300_Mb_k31_w50_repeat5.log
final_release_formal,Synthetic_300_Mb,$KSSD_RELEASE_HOST/AEEE.fasta,300000057,a7eca29bdfa06ff373048fffa7a90139afc98acfa938a8ec0a98459608045962,31,50,5,42,XXH3,4.098072201,73205133.118,73.205133118,300000000,0,299999970,299999921,299999921,1024,$KSSD_RELEASE_HOST/KSSD-Array-formal-results/final-validation-20260731-162115/02_figure2_final/logs/run_Synthetic_300_Mb_k31_w50_repeat5.log
final_release_formal,Synthetic_300_Mb,$KSSD_RELEASE_HOST/AEEE.fasta,300000057,a7eca29bdfa06ff373048fffa7a90139afc98acfa938a8ec0a98459608045962,31,50,5,42,XXH64,4.952252964,60578472.703,60.578472703,300000000,0,299999970,299999921,299999921,1024,$KSSD_RELEASE_HOST/KSSD-Array-formal-results/final-validation-20260731-162115/02_figure2_final/logs/run_Synthetic_300_Mb_k31_w50_repeat5.log
final_release_formal,Synthetic_300_Mb,$KSSD_RELEASE_HOST/AEEE.fasta,300000057,a7eca29bdfa06ff373048fffa7a90139afc98acfa938a8ec0a98459608045962,31,50,5,42,MurmurHash3,2.953922522,101559847.547,101.559847547,300000000,0,299999970,299999921,299999921,1024,$KSSD_RELEASE_HOST/KSSD-Array-formal-results/final-validation-20260731-162115/02_figure2_final/logs/run_Synthetic_300_Mb_k31_w50_repeat5.log
final_release_formal,Synthetic_300_Mb,$KSSD_RELEASE_HOST/AEEE.fasta,300000057,a7eca29bdfa06ff373048fffa7a90139afc98acfa938a8ec0a98459608045962,31,50,5,42,wyhash,2.289309772,131043830.184,131.043830184,300000000,0,299999970,299999921,299999921,1024,$KSSD_RELEASE_HOST/KSSD-Array-formal-results/final-validation-20260731-162115/02_figure2_final/logs/run_Synthetic_300_Mb_k31_w50_repeat5.log
final_release_formal,GRCh38.p14_chr1,$KSSD_RELEASE_HOST/seq/human/GCF_000001405.40_GRCh38.p14_genomic.fna,3339739109,df6e4918316e05a9cc1fd29c352841d3678b607d7a436819cd43371b52c814c0,31,50,1,42,KSSD-Array,1.520993057,151533192.041,151.533192041,230481012,18475410,230480982,230480933,230480933,1024,$KSSD_RELEASE_HOST/KSSD-Array-formal-results/final-validation-20260731-162115/02_figure2_final/logs/run_GRCh38.p14_chr1_k31_w50_repeat1.log
final_release_formal,GRCh38.p14_chr1,$KSSD_RELEASE_HOST/seq/human/GCF_000001405.40_GRCh38.p14_genomic.fna,3339739109,df6e4918316e05a9cc1fd29c352841d3678b607d7a436819cd43371b52c814c0,31,50,1,42,XXH3,3.159316622,72952780.799,72.952780799,230481012,18475410,230480982,230480933,230480933,1024,$KSSD_RELEASE_HOST/KSSD-Array-formal-results/final-validation-20260731-162115/02_figure2_final/logs/run_GRCh38.p14_chr1_k31_w50_repeat1.log
final_release_formal,GRCh38.p14_chr1,$KSSD_RELEASE_HOST/seq/human/GCF_000001405.40_GRCh38.p14_genomic.fna,3339739109,df6e4918316e05a9cc1fd29c352841d3678b607d7a436819cd43371b52c814c0,31,50,1,42,XXH64,3.805335931,60567828.223,60.567828223,230481012,18475410,230480982,230480933,230480933,1024,$KSSD_RELEASE_HOST/KSSD-Array-formal-results/final-validation-20260731-162115/02_figure2_final/logs/run_GRCh38.p14_chr1_k31_w50_repeat1.log
final_release_formal,GRCh38.p14_chr1,$KSSD_RELEASE_HOST/seq/human/GCF_000001405.40_GRCh38.p14_genomic.fna,3339739109,df6e4918316e05a9cc1fd29c352841d3678b607d7a436819cd43371b52c814c0,31,50,1,42,MurmurHash3,2.262529387,101868702.490,101.868702490,230481012,18475410,230480982,230480933,230480933,1024,$KSSD_RELEASE_HOST/KSSD-Array-formal-results/final-validation-20260731-162115/02_figure2_final/logs/run_GRCh38.p14_chr1_k31_w50_repeat1.log
final_release_formal,GRCh38.p14_chr1,$KSSD_RELEASE_HOST/seq/human/GCF_000001405.40_GRCh38.p14_genomic.fna,3339739109,df6e4918316e05a9cc1fd29c352841d3678b607d7a436819cd43371b52c814c0,31,50,1,42,wyhash,1.761922935,130812153.257,130.812153257,230481012,18475410,230480982,230480933,230480933,1024,$KSSD_RELEASE_HOST/KSSD-Array-formal-results/final-validation-20260731-162115/02_figure2_final/logs/run_GRCh38.p14_chr1_k31_w50_repeat1.log
final_release_formal,GRCh38.p14_chr1,$KSSD_RELEASE_HOST/seq/human/GCF_000001405.40_GRCh38.p14_genomic.fna,3339739109,df6e4918316e05a9cc1fd29c352841d3678b607d7a436819cd43371b52c814c0,31,50,2,42,KSSD-Array,1.520817635,151550670.965,151.550670965,230481012,18475410,230480982,230480933,230480933,1024,$KSSD_RELEASE_HOST/KSSD-Array-formal-results/final-validation-20260731-162115/02_figure2_final/logs/run_GRCh38.p14_chr1_k31_w50_repeat2.log
final_release_formal,GRCh38.p14_chr1,$KSSD_RELEASE_HOST/seq/human/GCF_000001405.40_GRCh38.p14_genomic.fna,3339739109,df6e4918316e05a9cc1fd29c352841d3678b607d7a436819cd43371b52c814c0,31,50,2,42,XXH3,3.154103612,73073355.017,73.073355017,230481012,18475410,230480982,230480933,230480933,1024,$KSSD_RELEASE_HOST/KSSD-Array-formal-results/final-validation-20260731-162115/02_figure2_final/logs/run_GRCh38.p14_chr1_k31_w50_repeat2.log
final_release_formal,GRCh38.p14_chr1,$KSSD_RELEASE_HOST/seq/human/GCF_000001405.40_GRCh38.p14_genomic.fna,3339739109,df6e4918316e05a9cc1fd29c352841d3678b607d7a436819cd43371b52c814c0,31,50,2,42,XXH64,3.811119765,60475909.237,60.475909237,230481012,18475410,230480982,230480933,230480933,1024,$KSSD_RELEASE_HOST/KSSD-Array-formal-results/final-validation-20260731-162115/02_figure2_final/logs/run_GRCh38.p14_chr1_k31_w50_repeat2.log
final_release_formal,GRCh38.p14_chr1,$KSSD_RELEASE_HOST/seq/human/GCF_000001405.40_GRCh38.p14_genomic.fna,3339739109,df6e4918316e05a9cc1fd29c352841d3678b607d7a436819cd43371b52c814c0,31,50,2,42,MurmurHash3,2.264658058,101772950.749,101.772950749,230481012,18475410,230480982,230480933,230480933,1024,$KSSD_RELEASE_HOST/KSSD-Array-formal-results/final-validation-20260731-162115/02_figure2_final/logs/run_GRCh38.p14_chr1_k31_w50_repeat2.log
final_release_formal,GRCh38.p14_chr1,$KSSD_RELEASE_HOST/seq/human/GCF_000001405.40_GRCh38.p14_genomic.fna,3339739109,df6e4918316e05a9cc1fd29c352841d3678b607d7a436819cd43371b52c814c0,31,50,2,42,wyhash,1.760311335,130931914.382,130.931914382,230481012,18475410,230480982,230480933,230480933,1024,$KSSD_RELEASE_HOST/KSSD-Array-formal-results/final-validation-20260731-162115/02_figure2_final/logs/run_GRCh38.p14_chr1_k31_w50_repeat2.log
final_release_formal,GRCh38.p14_chr1,$KSSD_RELEASE_HOST/seq/human/GCF_000001405.40_GRCh38.p14_genomic.fna,3339739109,df6e4918316e05a9cc1fd29c352841d3678b607d7a436819cd43371b52c814c0,31,50,3,42,KSSD-Array,1.521230947,151509495.290,151.509495290,230481012,18475410,230480982,230480933,230480933,1024,$KSSD_RELEASE_HOST/KSSD-Array-formal-results/final-validation-20260731-162115/02_figure2_final/logs/run_GRCh38.p14_chr1_k31_w50_repeat3.log
final_release_formal,GRCh38.p14_chr1,$KSSD_RELEASE_HOST/seq/human/GCF_000001405.40_GRCh38.p14_genomic.fna,3339739109,df6e4918316e05a9cc1fd29c352841d3678b607d7a436819cd43371b52c814c0,31,50,3,42,XXH3,3.150723031,73151759.368,73.151759368,230481012,18475410,230480982,230480933,230480933,1024,$KSSD_RELEASE_HOST/KSSD-Array-formal-results/final-validation-20260731-162115/02_figure2_final/logs/run_GRCh38.p14_chr1_k31_w50_repeat3.log
final_release_formal,GRCh38.p14_chr1,$KSSD_RELEASE_HOST/seq/human/GCF_000001405.40_GRCh38.p14_genomic.fna,3339739109,df6e4918316e05a9cc1fd29c352841d3678b607d7a436819cd43371b52c814c0,31,50,3,42,XXH64,3.804137251,60586913.088,60.586913088,230481012,18475410,230480982,230480933,230480933,1024,$KSSD_RELEASE_HOST/KSSD-Array-formal-results/final-validation-20260731-162115/02_figure2_final/logs/run_GRCh38.p14_chr1_k31_w50_repeat3.log
final_release_formal,GRCh38.p14_chr1,$KSSD_RELEASE_HOST/seq/human/GCF_000001405.40_GRCh38.p14_genomic.fna,3339739109,df6e4918316e05a9cc1fd29c352841d3678b607d7a436819cd43371b52c814c0,31,50,3,42,MurmurHash3,2.265080567,101753966.882,101.753966882,230481012,18475410,230480982,230480933,230480933,1024,$KSSD_RELEASE_HOST/KSSD-Array-formal-results/final-validation-20260731-162115/02_figure2_final/logs/run_GRCh38.p14_chr1_k31_w50_repeat3.log
final_release_formal,GRCh38.p14_chr1,$KSSD_RELEASE_HOST/seq/human/GCF_000001405.40_GRCh38.p14_genomic.fna,3339739109,df6e4918316e05a9cc1fd29c352841d3678b607d7a436819cd43371b52c814c0,31,50,3,42,wyhash,1.761167531,130868261.504,130.868261504,230481012,18475410,230480982,230480933,230480933,1024,$KSSD_RELEASE_HOST/KSSD-Array-formal-results/final-validation-20260731-162115/02_figure2_final/logs/run_GRCh38.p14_chr1_k31_w50_repeat3.log
final_release_formal,GRCh38.p14_chr1,$KSSD_RELEASE_HOST/seq/human/GCF_000001405.40_GRCh38.p14_genomic.fna,3339739109,df6e4918316e05a9cc1fd29c352841d3678b607d7a436819cd43371b52c814c0,31,50,4,42,KSSD-Array,1.519853660,151646792.758,151.646792758,230481012,18475410,230480982,230480933,230480933,1024,$KSSD_RELEASE_HOST/KSSD-Array-formal-results/final-validation-20260731-162115/02_figure2_final/logs/run_GRCh38.p14_chr1_k31_w50_repeat4.log
final_release_formal,GRCh38.p14_chr1,$KSSD_RELEASE_HOST/seq/human/GCF_000001405.40_GRCh38.p14_genomic.fna,3339739109,df6e4918316e05a9cc1fd29c352841d3678b607d7a436819cd43371b52c814c0,31,50,4,42,XXH3,3.150557660,73155599.063,73.155599063,230481012,18475410,230480982,230480933,230480933,1024,$KSSD_RELEASE_HOST/KSSD-Array-formal-results/final-validation-20260731-162115/02_figure2_final/logs/run_GRCh38.p14_chr1_k31_w50_repeat4.log
final_release_formal,GRCh38.p14_chr1,$KSSD_RELEASE_HOST/seq/human/GCF_000001405.40_GRCh38.p14_genomic.fna,3339739109,df6e4918316e05a9cc1fd29c352841d3678b607d7a436819cd43371b52c814c0,31,50,4,42,XXH64,3.806284978,60552726.433,60.552726433,230481012,18475410,230480982,230480933,230480933,1024,$KSSD_RELEASE_HOST/KSSD-Array-formal-results/final-validation-20260731-162115/02_figure2_final/logs/run_GRCh38.p14_chr1_k31_w50_repeat4.log
final_release_formal,GRCh38.p14_chr1,$KSSD_RELEASE_HOST/seq/human/GCF_000001405.40_GRCh38.p14_genomic.fna,3339739109,df6e4918316e05a9cc1fd29c352841d3678b607d7a436819cd43371b52c814c0,31,50,4,42,MurmurHash3,2.262487216,101870601.244,101.870601244,230481012,18475410,230480982,230480933,230480933,1024,$KSSD_RELEASE_HOST/KSSD-Array-formal-results/final-validation-20260731-162115/02_figure2_final/logs/run_GRCh38.p14_chr1_k31_w50_repeat4.log
final_release_formal,GRCh38.p14_chr1,$KSSD_RELEASE_HOST/seq/human/GCF_000001405.40_GRCh38.p14_genomic.fna,3339739109,df6e4918316e05a9cc1fd29c352841d3678b607d7a436819cd43371b52c814c0,31,50,4,42,wyhash,1.761998570,130806538.055,130.806538055,230481012,18475410,230480982,230480933,230480933,1024,$KSSD_RELEASE_HOST/KSSD-Array-formal-results/final-validation-20260731-162115/02_figure2_final/logs/run_GRCh38.p14_chr1_k31_w50_repeat4.log
final_release_formal,GRCh38.p14_chr1,$KSSD_RELEASE_HOST/seq/human/GCF_000001405.40_GRCh38.p14_genomic.fna,3339739109,df6e4918316e05a9cc1fd29c352841d3678b607d7a436819cd43371b52c814c0,31,50,5,42,KSSD-Array,1.520354617,151596825.124,151.596825124,230481012,18475410,230480982,230480933,230480933,1024,$KSSD_RELEASE_HOST/KSSD-Array-formal-results/final-validation-20260731-162115/02_figure2_final/logs/run_GRCh38.p14_chr1_k31_w50_repeat5.log
final_release_formal,GRCh38.p14_chr1,$KSSD_RELEASE_HOST/seq/human/GCF_000001405.40_GRCh38.p14_genomic.fna,3339739109,df6e4918316e05a9cc1fd29c352841d3678b607d7a436819cd43371b52c814c0,31,50,5,42,XXH3,3.151410305,73135806.097,73.135806097,230481012,18475410,230480982,230480933,230480933,1024,$KSSD_RELEASE_HOST/KSSD-Array-formal-results/final-validation-20260731-162115/02_figure2_final/logs/run_GRCh38.p14_chr1_k31_w50_repeat5.log
final_release_formal,GRCh38.p14_chr1,$KSSD_RELEASE_HOST/seq/human/GCF_000001405.40_GRCh38.p14_genomic.fna,3339739109,df6e4918316e05a9cc1fd29c352841d3678b607d7a436819cd43371b52c814c0,31,50,5,42,XXH64,3.805110229,60571420.834,60.571420834,230481012,18475410,230480982,230480933,230480933,1024,$KSSD_RELEASE_HOST/KSSD-Array-formal-results/final-validation-20260731-162115/02_figure2_final/logs/run_GRCh38.p14_chr1_k31_w50_repeat5.log
final_release_formal,GRCh38.p14_chr1,$KSSD_RELEASE_HOST/seq/human/GCF_000001405.40_GRCh38.p14_genomic.fna,3339739109,df6e4918316e05a9cc1fd29c352841d3678b607d7a436819cd43371b52c814c0,31,50,5,42,MurmurHash3,2.263761886,101813240.352,101.813240352,230481012,18475410,230480982,230480933,230480933,1024,$KSSD_RELEASE_HOST/KSSD-Array-formal-results/final-validation-20260731-162115/02_figure2_final/logs/run_GRCh38.p14_chr1_k31_w50_repeat5.log
final_release_formal,GRCh38.p14_chr1,$KSSD_RELEASE_HOST/seq/human/GCF_000001405.40_GRCh38.p14_genomic.fna,3339739109,df6e4918316e05a9cc1fd29c352841d3678b607d7a436819cd43371b52c814c0,31,50,5,42,wyhash,1.760194463,130940607.896,130.940607896,230481012,18475410,230480982,230480933,230480933,1024,$KSSD_RELEASE_HOST/KSSD-Array-formal-results/final-validation-20260731-162115/02_figure2_final/logs/run_GRCh38.p14_chr1_k31_w50_repeat5.log
