result_status,dataset,dataset_path,dataset_size_bytes,dataset_sha256,fasta_record_count,k,w,repeat,seed,method,requested_threads,observed_threads,nonempty_workers,runtime_s,throughput_windows_s,throughput_mwindows_s,valid_bases,ambiguous_bases_skipped,valid_kmers,valid_windows,minimizers,processed_windows,checksum,coverage_checksum,tie_handling,adjacent_window_deduplication,parity_samples,log_file
final_release_formal,Synthetic_300_Mb,$KSSD_RELEASE_HOST/AEEE.fasta,300000057,a7eca29bdfa06ff373048fffa7a90139afc98acfa938a8ec0a98459608045962,1,21,10,1,42,KSSD-Array,1,1,1,2.697668260000,111207139.680000,111.207139680000,300000000,0,299999980,299999971,299999971,299999971,57545583792,317149446325178422,strict_less_than_leftmost,false,1024,$KSSD_RELEASE_HOST/KSSD-Array-formal-results/final-validation-20260731-162115/03_figure3_final/logs/run_Synthetic_300_Mb_k21_w10_threads1_repeat1.log
final_release_formal,Synthetic_300_Mb,$KSSD_RELEASE_HOST/AEEE.fasta,300000057,a7eca29bdfa06ff373048fffa7a90139afc98acfa938a8ec0a98459608045962,1,21,10,1,42,XXH3,1,1,1,5.136124162000,58409797.259000,58.409797259000,300000000,0,299999980,299999971,299999971,299999971,4146029711560230677,471707098116631575,strict_less_than_leftmost,false,1024,$KSSD_RELEASE_HOST/KSSD-Array-formal-results/final-validation-20260731-162115/03_figure3_final/logs/run_Synthetic_300_Mb_k21_w10_threads1_repeat1.log
final_release_formal,Synthetic_300_Mb,$KSSD_RELEASE_HOST/AEEE.fasta,300000057,a7eca29bdfa06ff373048fffa7a90139afc98acfa938a8ec0a98459608045962,1,21,10,1,42,XXH64,1,1,1,5.856717850000,51223224.113000,51.223224113000,300000000,0,299999980,299999971,299999971,299999971,5090837595345637527,4483411594657425433,strict_less_than_leftmost,false,1024,$KSSD_RELEASE_HOST/KSSD-Array-formal-results/final-validation-20260731-162115/03_figure3_final/logs/run_Synthetic_300_Mb_k21_w10_threads1_repeat1.log
final_release_formal,Synthetic_300_Mb,$KSSD_RELEASE_HOST/AEEE.fasta,300000057,a7eca29bdfa06ff373048fffa7a90139afc98acfa938a8ec0a98459608045962,1,21,10,1,42,MurmurHash3,1,1,1,3.883080801000,77258235.503000,77.258235503000,300000000,0,299999980,299999971,299999971,299999971,722194402207901319,5539288479125707592,strict_less_than_leftmost,false,1024,$KSSD_RELEASE_HOST/KSSD-Array-formal-results/final-validation-20260731-162115/03_figure3_final/logs/run_Synthetic_300_Mb_k21_w10_threads1_repeat1.log
final_release_formal,Synthetic_300_Mb,$KSSD_RELEASE_HOST/AEEE.fasta,300000057,a7eca29bdfa06ff373048fffa7a90139afc98acfa938a8ec0a98459608045962,1,21,10,1,42,wyhash,1,1,1,3.555657973000,84372561.500000,84.372561500000,300000000,0,299999980,299999971,299999971,299999971,1971824918876259702,11394024805998907452,strict_less_than_leftmost,false,1024,$KSSD_RELEASE_HOST/KSSD-Array-formal-results/final-validation-20260731-162115/03_figure3_final/logs/run_Synthetic_300_Mb_k21_w10_threads1_repeat1.log
final_release_formal,Synthetic_300_Mb,$KSSD_RELEASE_HOST/AEEE.fasta,300000057,a7eca29bdfa06ff373048fffa7a90139afc98acfa938a8ec0a98459608045962,1,21,10,2,42,KSSD-Array,1,1,1,2.698422893000,111176039.819000,111.176039819000,300000000,0,299999980,299999971,299999971,299999971,57545583792,317149446325178422,strict_less_than_leftmost,false,1024,$KSSD_RELEASE_HOST/KSSD-Array-formal-results/final-validation-20260731-162115/03_figure3_final/logs/run_Synthetic_300_Mb_k21_w10_threads1_repeat2.log
final_release_formal,Synthetic_300_Mb,$KSSD_RELEASE_HOST/AEEE.fasta,300000057,a7eca29bdfa06ff373048fffa7a90139afc98acfa938a8ec0a98459608045962,1,21,10,2,42,XXH3,1,1,1,5.151352646000,58237125.589000,58.237125589000,300000000,0,299999980,299999971,299999971,299999971,4146029711560230677,471707098116631575,strict_less_than_leftmost,false,1024,$KSSD_RELEASE_HOST/KSSD-Array-formal-results/final-validation-20260731-162115/03_figure3_final/logs/run_Synthetic_300_Mb_k21_w10_threads1_repeat2.log
final_release_formal,Synthetic_300_Mb,$KSSD_RELEASE_HOST/AEEE.fasta,300000057,a7eca29bdfa06ff373048fffa7a90139afc98acfa938a8ec0a98459608045962,1,21,10,2,42,XXH64,1,1,1,5.876042310000,51054766.997000,51.054766997000,300000000,0,299999980,299999971,299999971,299999971,5090837595345637527,4483411594657425433,strict_less_than_leftmost,false,1024,$KSSD_RELEASE_HOST/KSSD-Array-formal-results/final-validation-20260731-162115/03_figure3_final/logs/run_Synthetic_300_Mb_k21_w10_threads1_repeat2.log
final_release_formal,Synthetic_300_Mb,$KSSD_RELEASE_HOST/AEEE.fasta,300000057,a7eca29bdfa06ff373048fffa7a90139afc98acfa938a8ec0a98459608045962,1,21,10,2,42,MurmurHash3,1,1,1,3.887806029000,77164336.071000,77.164336071000,300000000,0,299999980,299999971,299999971,299999971,722194402207901319,5539288479125707592,strict_less_than_leftmost,false,1024,$KSSD_RELEASE_HOST/KSSD-Array-formal-results/final-validation-20260731-162115/03_figure3_final/logs/run_Synthetic_300_Mb_k21_w10_threads1_repeat2.log
final_release_formal,Synthetic_300_Mb,$KSSD_RELEASE_HOST/AEEE.fasta,300000057,a7eca29bdfa06ff373048fffa7a90139afc98acfa938a8ec0a98459608045962,1,21,10,2,42,wyhash,1,1,1,3.552219966000,84454221.268000,84.454221268000,300000000,0,299999980,299999971,299999971,299999971,1971824918876259702,11394024805998907452,strict_less_than_leftmost,false,1024,$KSSD_RELEASE_HOST/KSSD-Array-formal-results/final-validation-20260731-162115/03_figure3_final/logs/run_Synthetic_300_Mb_k21_w10_threads1_repeat2.log
final_release_formal,Synthetic_300_Mb,$KSSD_RELEASE_HOST/AEEE.fasta,300000057,a7eca29bdfa06ff373048fffa7a90139afc98acfa938a8ec0a98459608045962,1,21,10,3,42,KSSD-Array,1,1,1,2.703038566000,110986197.080000,110.986197080000,300000000,0,299999980,299999971,299999971,299999971,57545583792,317149446325178422,strict_less_than_leftmost,false,1024,$KSSD_RELEASE_HOST/KSSD-Array-formal-results/final-validation-20260731-162115/03_figure3_final/logs/run_Synthetic_300_Mb_k21_w10_threads1_repeat3.log
final_release_formal,Synthetic_300_Mb,$KSSD_RELEASE_HOST/AEEE.fasta,300000057,a7eca29bdfa06ff373048fffa7a90139afc98acfa938a8ec0a98459608045962,1,21,10,3,42,XXH3,1,1,1,5.178898521000,57927370.035000,57.927370035000,300000000,0,299999980,299999971,299999971,299999971,4146029711560230677,471707098116631575,strict_less_than_leftmost,false,1024,$KSSD_RELEASE_HOST/KSSD-Array-formal-results/final-validation-20260731-162115/03_figure3_final/logs/run_Synthetic_300_Mb_k21_w10_threads1_repeat3.log
final_release_formal,Synthetic_300_Mb,$KSSD_RELEASE_HOST/AEEE.fasta,300000057,a7eca29bdfa06ff373048fffa7a90139afc98acfa938a8ec0a98459608045962,1,21,10,3,42,XXH64,1,1,1,5.840266404000,51367514.810000,51.367514810000,300000000,0,299999980,299999971,299999971,299999971,5090837595345637527,4483411594657425433,strict_less_than_leftmost,false,1024,$KSSD_RELEASE_HOST/KSSD-Array-formal-results/final-validation-20260731-162115/03_figure3_final/logs/run_Synthetic_300_Mb_k21_w10_threads1_repeat3.log
final_release_formal,Synthetic_300_Mb,$KSSD_RELEASE_HOST/AEEE.fasta,300000057,a7eca29bdfa06ff373048fffa7a90139afc98acfa938a8ec0a98459608045962,1,21,10,3,42,MurmurHash3,1,1,1,3.889098362000,77138694.647000,77.138694647000,300000000,0,299999980,299999971,299999971,299999971,722194402207901319,5539288479125707592,strict_less_than_leftmost,false,1024,$KSSD_RELEASE_HOST/KSSD-Array-formal-results/final-validation-20260731-162115/03_figure3_final/logs/run_Synthetic_300_Mb_k21_w10_threads1_repeat3.log
final_release_formal,Synthetic_300_Mb,$KSSD_RELEASE_HOST/AEEE.fasta,300000057,a7eca29bdfa06ff373048fffa7a90139afc98acfa938a8ec0a98459608045962,1,21,10,3,42,wyhash,1,1,1,3.549064984000,84529297.816000,84.529297816000,300000000,0,299999980,299999971,299999971,299999971,1971824918876259702,11394024805998907452,strict_less_than_leftmost,false,1024,$KSSD_RELEASE_HOST/KSSD-Array-formal-results/final-validation-20260731-162115/03_figure3_final/logs/run_Synthetic_300_Mb_k21_w10_threads1_repeat3.log
final_release_formal,Synthetic_300_Mb,$KSSD_RELEASE_HOST/AEEE.fasta,300000057,a7eca29bdfa06ff373048fffa7a90139afc98acfa938a8ec0a98459608045962,1,21,10,4,42,KSSD-Array,1,1,1,2.698730037000,111163386.810000,111.163386810000,300000000,0,299999980,299999971,299999971,299999971,57545583792,317149446325178422,strict_less_than_leftmost,false,1024,$KSSD_RELEASE_HOST/KSSD-Array-formal-results/final-validation-20260731-162115/03_figure3_final/logs/run_Synthetic_300_Mb_k21_w10_threads1_repeat4.log
final_release_formal,Synthetic_300_Mb,$KSSD_RELEASE_HOST/AEEE.fasta,300000057,a7eca29bdfa06ff373048fffa7a90139afc98acfa938a8ec0a98459608045962,1,21,10,4,42,XXH3,1,1,1,5.130002043000,58479503.222000,58.479503222000,300000000,0,299999980,299999971,299999971,299999971,4146029711560230677,471707098116631575,strict_less_than_leftmost,false,1024,$KSSD_RELEASE_HOST/KSSD-Array-formal-results/final-validation-20260731-162115/03_figure3_final/logs/run_Synthetic_300_Mb_k21_w10_threads1_repeat4.log
final_release_formal,Synthetic_300_Mb,$KSSD_RELEASE_HOST/AEEE.fasta,300000057,a7eca29bdfa06ff373048fffa7a90139afc98acfa938a8ec0a98459608045962,1,21,10,4,42,XXH64,1,1,1,5.848018534000,51299422.062000,51.299422062000,300000000,0,299999980,299999971,299999971,299999971,5090837595345637527,4483411594657425433,strict_less_than_leftmost,false,1024,$KSSD_RELEASE_HOST/KSSD-Array-formal-results/final-validation-20260731-162115/03_figure3_final/logs/run_Synthetic_300_Mb_k21_w10_threads1_repeat4.log
final_release_formal,Synthetic_300_Mb,$KSSD_RELEASE_HOST/AEEE.fasta,300000057,a7eca29bdfa06ff373048fffa7a90139afc98acfa938a8ec0a98459608045962,1,21,10,4,42,MurmurHash3,1,1,1,3.884056937000,77238819.066000,77.238819066000,300000000,0,299999980,299999971,299999971,299999971,722194402207901319,5539288479125707592,strict_less_than_leftmost,false,1024,$KSSD_RELEASE_HOST/KSSD-Array-formal-results/final-validation-20260731-162115/03_figure3_final/logs/run_Synthetic_300_Mb_k21_w10_threads1_repeat4.log
final_release_formal,Synthetic_300_Mb,$KSSD_RELEASE_HOST/AEEE.fasta,300000057,a7eca29bdfa06ff373048fffa7a90139afc98acfa938a8ec0a98459608045962,1,21,10,4,42,wyhash,1,1,1,3.550015994000,84506653.352000,84.506653352000,300000000,0,299999980,299999971,299999971,299999971,1971824918876259702,11394024805998907452,strict_less_than_leftmost,false,1024,$KSSD_RELEASE_HOST/KSSD-Array-formal-results/final-validation-20260731-162115/03_figure3_final/logs/run_Synthetic_300_Mb_k21_w10_threads1_repeat4.log
final_release_formal,Synthetic_300_Mb,$KSSD_RELEASE_HOST/AEEE.fasta,300000057,a7eca29bdfa06ff373048fffa7a90139afc98acfa938a8ec0a98459608045962,1,21,10,5,42,KSSD-Array,1,1,1,2.698299137000,111181138.846000,111.181138846000,300000000,0,299999980,299999971,299999971,299999971,57545583792,317149446325178422,strict_less_than_leftmost,false,1024,$KSSD_RELEASE_HOST/KSSD-Array-formal-results/final-validation-20260731-162115/03_figure3_final/logs/run_Synthetic_300_Mb_k21_w10_threads1_repeat5.log
final_release_formal,Synthetic_300_Mb,$KSSD_RELEASE_HOST/AEEE.fasta,300000057,a7eca29bdfa06ff373048fffa7a90139afc98acfa938a8ec0a98459608045962,1,21,10,5,42,XXH3,1,1,1,5.135815025000,58413313.085000,58.413313085000,300000000,0,299999980,299999971,299999971,299999971,4146029711560230677,471707098116631575,strict_less_than_leftmost,false,1024,$KSSD_RELEASE_HOST/KSSD-Array-formal-results/final-validation-20260731-162115/03_figure3_final/logs/run_Synthetic_300_Mb_k21_w10_threads1_repeat5.log
final_release_formal,Synthetic_300_Mb,$KSSD_RELEASE_HOST/AEEE.fasta,300000057,a7eca29bdfa06ff373048fffa7a90139afc98acfa938a8ec0a98459608045962,1,21,10,5,42,XXH64,1,1,1,5.858275527000,51209604.195000,51.209604195000,300000000,0,299999980,299999971,299999971,299999971,5090837595345637527,4483411594657425433,strict_less_than_leftmost,false,1024,$KSSD_RELEASE_HOST/KSSD-Array-formal-results/final-validation-20260731-162115/03_figure3_final/logs/run_Synthetic_300_Mb_k21_w10_threads1_repeat5.log
final_release_formal,Synthetic_300_Mb,$KSSD_RELEASE_HOST/AEEE.fasta,300000057,a7eca29bdfa06ff373048fffa7a90139afc98acfa938a8ec0a98459608045962,1,21,10,5,42,MurmurHash3,1,1,1,3.882187272000,77276017.353000,77.276017353000,300000000,0,299999980,299999971,299999971,299999971,722194402207901319,5539288479125707592,strict_less_than_leftmost,false,1024,$KSSD_RELEASE_HOST/KSSD-Array-formal-results/final-validation-20260731-162115/03_figure3_final/logs/run_Synthetic_300_Mb_k21_w10_threads1_repeat5.log
final_release_formal,Synthetic_300_Mb,$KSSD_RELEASE_HOST/AEEE.fasta,300000057,a7eca29bdfa06ff373048fffa7a90139afc98acfa938a8ec0a98459608045962,1,21,10,5,42,wyhash,1,1,1,3.550703666000,84490286.777000,84.490286777000,300000000,0,299999980,299999971,299999971,299999971,1971824918876259702,11394024805998907452,strict_less_than_leftmost,false,1024,$KSSD_RELEASE_HOST/KSSD-Array-formal-results/final-validation-20260731-162115/03_figure3_final/logs/run_Synthetic_300_Mb_k21_w10_threads1_repeat5.log
final_release_formal,Synthetic_300_Mb,$KSSD_RELEASE_HOST/AEEE.fasta,300000057,a7eca29bdfa06ff373048fffa7a90139afc98acfa938a8ec0a98459608045962,1,21,10,1,42,KSSD-Array,2,2,2,1.361263672000,220383440.160000,220.383440160000,300000000,0,299999980,299999971,299999971,299999971,57545583792,317149446325178422,strict_less_than_leftmost,false,1024,$KSSD_RELEASE_HOST/KSSD-Array-formal-results/final-validation-20260731-162115/03_figure3_final/logs/run_Synthetic_300_Mb_k21_w10_threads2_repeat1.log
final_release_formal,Synthetic_300_Mb,$KSSD_RELEASE_HOST/AEEE.fasta,300000057,a7eca29bdfa06ff373048fffa7a90139afc98acfa938a8ec0a98459608045962,1,21,10,1,42,XXH3,2,2,2,2.574006031000,116549832.202000,116.549832202000,300000000,0,299999980,299999971,299999971,299999971,4146029711560230677,471707098116631575,strict_less_than_leftmost,false,1024,$KSSD_RELEASE_HOST/KSSD-Array-formal-results/final-validation-20260731-162115/03_figure3_final/logs/run_Synthetic_300_Mb_k21_w10_threads2_repeat1.log
final_release_formal,Synthetic_300_Mb,$KSSD_RELEASE_HOST/AEEE.fasta,300000057,a7eca29bdfa06ff373048fffa7a90139afc98acfa938a8ec0a98459608045962,1,21,10,1,42,XXH64,2,2,2,2.929722302000,102398773.698000,102.398773698000,300000000,0,299999980,299999971,299999971,299999971,5090837595345637527,4483411594657425433,strict_less_than_leftmost,false,1024,$KSSD_RELEASE_HOST/KSSD-Array-formal-results/final-validation-20260731-162115/03_figure3_final/logs/run_Synthetic_300_Mb_k21_w10_threads2_repeat1.log
final_release_formal,Synthetic_300_Mb,$KSSD_RELEASE_HOST/AEEE.fasta,300000057,a7eca29bdfa06ff373048fffa7a90139afc98acfa938a8ec0a98459608045962,1,21,10,1,42,MurmurHash3,2,2,2,1.941622672000,154509923.749000,154.509923749000,300000000,0,299999980,299999971,299999971,299999971,722194402207901319,5539288479125707592,strict_less_than_leftmost,false,1024,$KSSD_RELEASE_HOST/KSSD-Array-formal-results/final-validation-20260731-162115/03_figure3_final/logs/run_Synthetic_300_Mb_k21_w10_threads2_repeat1.log
final_release_formal,Synthetic_300_Mb,$KSSD_RELEASE_HOST/AEEE.fasta,300000057,a7eca29bdfa06ff373048fffa7a90139afc98acfa938a8ec0a98459608045962,1,21,10,1,42,wyhash,2,2,2,1.774926975000,169021021.837000,169.021021837000,300000000,0,299999980,299999971,299999971,299999971,1971824918876259702,11394024805998907452,strict_less_than_leftmost,false,1024,$KSSD_RELEASE_HOST/KSSD-Array-formal-results/final-validation-20260731-162115/03_figure3_final/logs/run_Synthetic_300_Mb_k21_w10_threads2_repeat1.log
final_release_formal,Synthetic_300_Mb,$KSSD_RELEASE_HOST/AEEE.fasta,300000057,a7eca29bdfa06ff373048fffa7a90139afc98acfa938a8ec0a98459608045962,1,21,10,2,42,KSSD-Array,2,2,2,1.359979129000,220591599.241000,220.591599241000,300000000,0,299999980,299999971,299999971,299999971,57545583792,317149446325178422,strict_less_than_leftmost,false,1024,$KSSD_RELEASE_HOST/KSSD-Array-formal-results/final-validation-20260731-162115/03_figure3_final/logs/run_Synthetic_300_Mb_k21_w10_threads2_repeat2.log
final_release_formal,Synthetic_300_Mb,$KSSD_RELEASE_HOST/AEEE.fasta,300000057,a7eca29bdfa06ff373048fffa7a90139afc98acfa938a8ec0a98459608045962,1,21,10,2,42,XXH3,2,2,2,2.578939963000,116326853.399000,116.326853399000,300000000,0,299999980,299999971,299999971,299999971,4146029711560230677,471707098116631575,strict_less_than_leftmost,false,1024,$KSSD_RELEASE_HOST/KSSD-Array-formal-results/final-validation-20260731-162115/03_figure3_final/logs/run_Synthetic_300_Mb_k21_w10_threads2_repeat2.log
final_release_formal,Synthetic_300_Mb,$KSSD_RELEASE_HOST/AEEE.fasta,300000057,a7eca29bdfa06ff373048fffa7a90139afc98acfa938a8ec0a98459608045962,1,21,10,2,42,XXH64,2,2,2,2.916784164000,102852989.502000,102.852989502000,300000000,0,299999980,299999971,299999971,299999971,5090837595345637527,4483411594657425433,strict_less_than_leftmost,false,1024,$KSSD_RELEASE_HOST/KSSD-Array-formal-results/final-validation-20260731-162115/03_figure3_final/logs/run_Synthetic_300_Mb_k21_w10_threads2_repeat2.log
final_release_formal,Synthetic_300_Mb,$KSSD_RELEASE_HOST/AEEE.fasta,300000057,a7eca29bdfa06ff373048fffa7a90139afc98acfa938a8ec0a98459608045962,1,21,10,2,42,MurmurHash3,2,2,2,1.942718916000,154422736.367000,154.422736367000,300000000,0,299999980,299999971,299999971,299999971,722194402207901319,5539288479125707592,strict_less_than_leftmost,false,1024,$KSSD_RELEASE_HOST/KSSD-Array-formal-results/final-validation-20260731-162115/03_figure3_final/logs/run_Synthetic_300_Mb_k21_w10_threads2_repeat2.log
final_release_formal,Synthetic_300_Mb,$KSSD_RELEASE_HOST/AEEE.fasta,300000057,a7eca29bdfa06ff373048fffa7a90139afc98acfa938a8ec0a98459608045962,1,21,10,2,42,wyhash,2,2,2,1.775156663000,168999152.161000,168.999152161000,300000000,0,299999980,299999971,299999971,299999971,1971824918876259702,11394024805998907452,strict_less_than_leftmost,false,1024,$KSSD_RELEASE_HOST/KSSD-Array-formal-results/final-validation-20260731-162115/03_figure3_final/logs/run_Synthetic_300_Mb_k21_w10_threads2_repeat2.log
final_release_formal,Synthetic_300_Mb,$KSSD_RELEASE_HOST/AEEE.fasta,300000057,a7eca29bdfa06ff373048fffa7a90139afc98acfa938a8ec0a98459608045962,1,21,10,3,42,KSSD-Array,2,2,2,1.357207638000,221042059.152000,221.042059152000,300000000,0,299999980,299999971,299999971,299999971,57545583792,317149446325178422,strict_less_than_leftmost,false,1024,$KSSD_RELEASE_HOST/KSSD-Array-formal-results/final-validation-20260731-162115/03_figure3_final/logs/run_Synthetic_300_Mb_k21_w10_threads2_repeat3.log
final_release_formal,Synthetic_300_Mb,$KSSD_RELEASE_HOST/AEEE.fasta,300000057,a7eca29bdfa06ff373048fffa7a90139afc98acfa938a8ec0a98459608045962,1,21,10,3,42,XXH3,2,2,2,2.577607630000,116386981.288000,116.386981288000,300000000,0,299999980,299999971,299999971,299999971,4146029711560230677,471707098116631575,strict_less_than_leftmost,false,1024,$KSSD_RELEASE_HOST/KSSD-Array-formal-results/final-validation-20260731-162115/03_figure3_final/logs/run_Synthetic_300_Mb_k21_w10_threads2_repeat3.log
final_release_formal,Synthetic_300_Mb,$KSSD_RELEASE_HOST/AEEE.fasta,300000057,a7eca29bdfa06ff373048fffa7a90139afc98acfa938a8ec0a98459608045962,1,21,10,3,42,XXH64,2,2,2,2.917538956000,102826380.564000,102.826380564000,300000000,0,299999980,299999971,299999971,299999971,5090837595345637527,4483411594657425433,strict_less_than_leftmost,false,1024,$KSSD_RELEASE_HOST/KSSD-Array-formal-results/final-validation-20260731-162115/03_figure3_final/logs/run_Synthetic_300_Mb_k21_w10_threads2_repeat3.log
final_release_formal,Synthetic_300_Mb,$KSSD_RELEASE_HOST/AEEE.fasta,300000057,a7eca29bdfa06ff373048fffa7a90139afc98acfa938a8ec0a98459608045962,1,21,10,3,42,MurmurHash3,2,2,2,1.941874860000,154489857.807000,154.489857807000,300000000,0,299999980,299999971,299999971,299999971,722194402207901319,5539288479125707592,strict_less_than_leftmost,false,1024,$KSSD_RELEASE_HOST/KSSD-Array-formal-results/final-validation-20260731-162115/03_figure3_final/logs/run_Synthetic_300_Mb_k21_w10_threads2_repeat3.log
final_release_formal,Synthetic_300_Mb,$KSSD_RELEASE_HOST/AEEE.fasta,300000057,a7eca29bdfa06ff373048fffa7a90139afc98acfa938a8ec0a98459608045962,1,21,10,3,42,wyhash,2,2,2,1.782990167000,168256660.386000,168.256660386000,300000000,0,299999980,299999971,299999971,299999971,1971824918876259702,11394024805998907452,strict_less_than_leftmost,false,1024,$KSSD_RELEASE_HOST/KSSD-Array-formal-results/final-validation-20260731-162115/03_figure3_final/logs/run_Synthetic_300_Mb_k21_w10_threads2_repeat3.log
final_release_formal,Synthetic_300_Mb,$KSSD_RELEASE_HOST/AEEE.fasta,300000057,a7eca29bdfa06ff373048fffa7a90139afc98acfa938a8ec0a98459608045962,1,21,10,4,42,KSSD-Array,2,2,2,1.358588971000,220817316.645000,220.817316645000,300000000,0,299999980,299999971,299999971,299999971,57545583792,317149446325178422,strict_less_than_leftmost,false,1024,$KSSD_RELEASE_HOST/KSSD-Array-formal-results/final-validation-20260731-162115/03_figure3_final/logs/run_Synthetic_300_Mb_k21_w10_threads2_repeat4.log
final_release_formal,Synthetic_300_Mb,$KSSD_RELEASE_HOST/AEEE.fasta,300000057,a7eca29bdfa06ff373048fffa7a90139afc98acfa938a8ec0a98459608045962,1,21,10,4,42,XXH3,2,2,2,2.585247152000,116043052.506000,116.043052506000,300000000,0,299999980,299999971,299999971,299999971,4146029711560230677,471707098116631575,strict_less_than_leftmost,false,1024,$KSSD_RELEASE_HOST/KSSD-Array-formal-results/final-validation-20260731-162115/03_figure3_final/logs/run_Synthetic_300_Mb_k21_w10_threads2_repeat4.log
final_release_formal,Synthetic_300_Mb,$KSSD_RELEASE_HOST/AEEE.fasta,300000057,a7eca29bdfa06ff373048fffa7a90139afc98acfa938a8ec0a98459608045962,1,21,10,4,42,XXH64,2,2,2,2.913854689000,102956393.856000,102.956393856000,300000000,0,299999980,299999971,299999971,299999971,5090837595345637527,4483411594657425433,strict_less_than_leftmost,false,1024,$KSSD_RELEASE_HOST/KSSD-Array-formal-results/final-validation-20260731-162115/03_figure3_final/logs/run_Synthetic_300_Mb_k21_w10_threads2_repeat4.log
final_release_formal,Synthetic_300_Mb,$KSSD_RELEASE_HOST/AEEE.fasta,300000057,a7eca29bdfa06ff373048fffa7a90139afc98acfa938a8ec0a98459608045962,1,21,10,4,42,MurmurHash3,2,2,2,1.943540955000,154357421.812000,154.357421812000,300000000,0,299999980,299999971,299999971,299999971,722194402207901319,5539288479125707592,strict_less_than_leftmost,false,1024,$KSSD_RELEASE_HOST/KSSD-Array-formal-results/final-validation-20260731-162115/03_figure3_final/logs/run_Synthetic_300_Mb_k21_w10_threads2_repeat4.log
final_release_formal,Synthetic_300_Mb,$KSSD_RELEASE_HOST/AEEE.fasta,300000057,a7eca29bdfa06ff373048fffa7a90139afc98acfa938a8ec0a98459608045962,1,21,10,4,42,wyhash,2,2,2,1.775083638000,169006104.601000,169.006104601000,300000000,0,299999980,299999971,299999971,299999971,1971824918876259702,11394024805998907452,strict_less_than_leftmost,false,1024,$KSSD_RELEASE_HOST/KSSD-Array-formal-results/final-validation-20260731-162115/03_figure3_final/logs/run_Synthetic_300_Mb_k21_w10_threads2_repeat4.log
final_release_formal,Synthetic_300_Mb,$KSSD_RELEASE_HOST/AEEE.fasta,300000057,a7eca29bdfa06ff373048fffa7a90139afc98acfa938a8ec0a98459608045962,1,21,10,5,42,KSSD-Array,2,2,2,1.359207143000,220716888.184000,220.716888184000,300000000,0,299999980,299999971,299999971,299999971,57545583792,317149446325178422,strict_less_than_leftmost,false,1024,$KSSD_RELEASE_HOST/KSSD-Array-formal-results/final-validation-20260731-162115/03_figure3_final/logs/run_Synthetic_300_Mb_k21_w10_threads2_repeat5.log
final_release_formal,Synthetic_300_Mb,$KSSD_RELEASE_HOST/AEEE.fasta,300000057,a7eca29bdfa06ff373048fffa7a90139afc98acfa938a8ec0a98459608045962,1,21,10,5,42,XXH3,2,2,2,2.574478205000,116528456.297000,116.528456297000,300000000,0,299999980,299999971,299999971,299999971,4146029711560230677,471707098116631575,strict_less_than_leftmost,false,1024,$KSSD_RELEASE_HOST/KSSD-Array-formal-results/final-validation-20260731-162115/03_figure3_final/logs/run_Synthetic_300_Mb_k21_w10_threads2_repeat5.log
final_release_formal,Synthetic_300_Mb,$KSSD_RELEASE_HOST/AEEE.fasta,300000057,a7eca29bdfa06ff373048fffa7a90139afc98acfa938a8ec0a98459608045962,1,21,10,5,42,XXH64,2,2,2,2.912296014000,103011496.619000,103.011496619000,300000000,0,299999980,299999971,299999971,299999971,5090837595345637527,4483411594657425433,strict_less_than_leftmost,false,1024,$KSSD_RELEASE_HOST/KSSD-Array-formal-results/final-validation-20260731-162115/03_figure3_final/logs/run_Synthetic_300_Mb_k21_w10_threads2_repeat5.log
final_release_formal,Synthetic_300_Mb,$KSSD_RELEASE_HOST/AEEE.fasta,300000057,a7eca29bdfa06ff373048fffa7a90139afc98acfa938a8ec0a98459608045962,1,21,10,5,42,MurmurHash3,2,2,2,1.942589645000,154433012.537000,154.433012537000,300000000,0,299999980,299999971,299999971,299999971,722194402207901319,5539288479125707592,strict_less_than_leftmost,false,1024,$KSSD_RELEASE_HOST/KSSD-Array-formal-results/final-validation-20260731-162115/03_figure3_final/logs/run_Synthetic_300_Mb_k21_w10_threads2_repeat5.log
final_release_formal,Synthetic_300_Mb,$KSSD_RELEASE_HOST/AEEE.fasta,300000057,a7eca29bdfa06ff373048fffa7a90139afc98acfa938a8ec0a98459608045962,1,21,10,5,42,wyhash,2,2,2,1.775584037000,168958474.929000,168.958474929000,300000000,0,299999980,299999971,299999971,299999971,1971824918876259702,11394024805998907452,strict_less_than_leftmost,false,1024,$KSSD_RELEASE_HOST/KSSD-Array-formal-results/final-validation-20260731-162115/03_figure3_final/logs/run_Synthetic_300_Mb_k21_w10_threads2_repeat5.log
final_release_formal,Synthetic_300_Mb,$KSSD_RELEASE_HOST/AEEE.fasta,300000057,a7eca29bdfa06ff373048fffa7a90139afc98acfa938a8ec0a98459608045962,1,21,10,1,42,KSSD-Array,4,4,4,0.686883181000,436755447.358000,436.755447358000,300000000,0,299999980,299999971,299999971,299999971,57545583792,317149446325178422,strict_less_than_leftmost,false,1024,$KSSD_RELEASE_HOST/KSSD-Array-formal-results/final-validation-20260731-162115/03_figure3_final/logs/run_Synthetic_300_Mb_k21_w10_threads4_repeat1.log
final_release_formal,Synthetic_300_Mb,$KSSD_RELEASE_HOST/AEEE.fasta,300000057,a7eca29bdfa06ff373048fffa7a90139afc98acfa938a8ec0a98459608045962,1,21,10,1,42,XXH3,4,4,4,1.288892278000,232757986.157000,232.757986157000,300000000,0,299999980,299999971,299999971,299999971,4146029711560230677,471707098116631575,strict_less_than_leftmost,false,1024,$KSSD_RELEASE_HOST/KSSD-Array-formal-results/final-validation-20260731-162115/03_figure3_final/logs/run_Synthetic_300_Mb_k21_w10_threads4_repeat1.log
final_release_formal,Synthetic_300_Mb,$KSSD_RELEASE_HOST/AEEE.fasta,300000057,a7eca29bdfa06ff373048fffa7a90139afc98acfa938a8ec0a98459608045962,1,21,10,1,42,XXH64,4,4,4,1.459772281000,205511486.212000,205.511486212000,300000000,0,299999980,299999971,299999971,299999971,5090837595345637527,4483411594657425433,strict_less_than_leftmost,false,1024,$KSSD_RELEASE_HOST/KSSD-Array-formal-results/final-validation-20260731-162115/03_figure3_final/logs/run_Synthetic_300_Mb_k21_w10_threads4_repeat1.log
final_release_formal,Synthetic_300_Mb,$KSSD_RELEASE_HOST/AEEE.fasta,300000057,a7eca29bdfa06ff373048fffa7a90139afc98acfa938a8ec0a98459608045962,1,21,10,1,42,MurmurHash3,4,4,4,0.973259688000,308242470.842000,308.242470842000,300000000,0,299999980,299999971,299999971,299999971,722194402207901319,5539288479125707592,strict_less_than_leftmost,false,1024,$KSSD_RELEASE_HOST/KSSD-Array-formal-results/final-validation-20260731-162115/03_figure3_final/logs/run_Synthetic_300_Mb_k21_w10_threads4_repeat1.log
final_release_formal,Synthetic_300_Mb,$KSSD_RELEASE_HOST/AEEE.fasta,300000057,a7eca29bdfa06ff373048fffa7a90139afc98acfa938a8ec0a98459608045962,1,21,10,1,42,wyhash,4,4,4,0.887677127000,337960686.239000,337.960686239000,300000000,0,299999980,299999971,299999971,299999971,1971824918876259702,11394024805998907452,strict_less_than_leftmost,false,1024,$KSSD_RELEASE_HOST/KSSD-Array-formal-results/final-validation-20260731-162115/03_figure3_final/logs/run_Synthetic_300_Mb_k21_w10_threads4_repeat1.log
final_release_formal,Synthetic_300_Mb,$KSSD_RELEASE_HOST/AEEE.fasta,300000057,a7eca29bdfa06ff373048fffa7a90139afc98acfa938a8ec0a98459608045962,1,21,10,2,42,KSSD-Array,4,4,4,0.683994955000,438599683.824000,438.599683824000,300000000,0,299999980,299999971,299999971,299999971,57545583792,317149446325178422,strict_less_than_leftmost,false,1024,$KSSD_RELEASE_HOST/KSSD-Array-formal-results/final-validation-20260731-162115/03_figure3_final/logs/run_Synthetic_300_Mb_k21_w10_threads4_repeat2.log
final_release_formal,Synthetic_300_Mb,$KSSD_RELEASE_HOST/AEEE.fasta,300000057,a7eca29bdfa06ff373048fffa7a90139afc98acfa938a8ec0a98459608045962,1,21,10,2,42,XXH3,4,4,4,1.300813416000,230624905.394000,230.624905394000,300000000,0,299999980,299999971,299999971,299999971,4146029711560230677,471707098116631575,strict_less_than_leftmost,false,1024,$KSSD_RELEASE_HOST/KSSD-Array-formal-results/final-validation-20260731-162115/03_figure3_final/logs/run_Synthetic_300_Mb_k21_w10_threads4_repeat2.log
final_release_formal,Synthetic_300_Mb,$KSSD_RELEASE_HOST/AEEE.fasta,300000057,a7eca29bdfa06ff373048fffa7a90139afc98acfa938a8ec0a98459608045962,1,21,10,2,42,XXH64,4,4,4,1.461709564000,205239110.688000,205.239110688000,300000000,0,299999980,299999971,299999971,299999971,5090837595345637527,4483411594657425433,strict_less_than_leftmost,false,1024,$KSSD_RELEASE_HOST/KSSD-Array-formal-results/final-validation-20260731-162115/03_figure3_final/logs/run_Synthetic_300_Mb_k21_w10_threads4_repeat2.log
final_release_formal,Synthetic_300_Mb,$KSSD_RELEASE_HOST/AEEE.fasta,300000057,a7eca29bdfa06ff373048fffa7a90139afc98acfa938a8ec0a98459608045962,1,21,10,2,42,MurmurHash3,4,4,4,0.971385436000,308837213.203000,308.837213203000,300000000,0,299999980,299999971,299999971,299999971,722194402207901319,5539288479125707592,strict_less_than_leftmost,false,1024,$KSSD_RELEASE_HOST/KSSD-Array-formal-results/final-validation-20260731-162115/03_figure3_final/logs/run_Synthetic_300_Mb_k21_w10_threads4_repeat2.log
final_release_formal,Synthetic_300_Mb,$KSSD_RELEASE_HOST/AEEE.fasta,300000057,a7eca29bdfa06ff373048fffa7a90139afc98acfa938a8ec0a98459608045962,1,21,10,2,42,wyhash,4,4,4,0.887607993000,337987009.317000,337.987009317000,300000000,0,299999980,299999971,299999971,299999971,1971824918876259702,11394024805998907452,strict_less_than_leftmost,false,1024,$KSSD_RELEASE_HOST/KSSD-Array-formal-results/final-validation-20260731-162115/03_figure3_final/logs/run_Synthetic_300_Mb_k21_w10_threads4_repeat2.log
final_release_formal,Synthetic_300_Mb,$KSSD_RELEASE_HOST/AEEE.fasta,300000057,a7eca29bdfa06ff373048fffa7a90139afc98acfa938a8ec0a98459608045962,1,21,10,3,42,KSSD-Array,4,4,4,0.684766632000,438105417.204000,438.105417204000,300000000,0,299999980,299999971,299999971,299999971,57545583792,317149446325178422,strict_less_than_leftmost,false,1024,$KSSD_RELEASE_HOST/KSSD-Array-formal-results/final-validation-20260731-162115/03_figure3_final/logs/run_Synthetic_300_Mb_k21_w10_threads4_repeat3.log
final_release_formal,Synthetic_300_Mb,$KSSD_RELEASE_HOST/AEEE.fasta,300000057,a7eca29bdfa06ff373048fffa7a90139afc98acfa938a8ec0a98459608045962,1,21,10,3,42,XXH3,4,4,4,1.284421208000,233568216.666000,233.568216666000,300000000,0,299999980,299999971,299999971,299999971,4146029711560230677,471707098116631575,strict_less_than_leftmost,false,1024,$KSSD_RELEASE_HOST/KSSD-Array-formal-results/final-validation-20260731-162115/03_figure3_final/logs/run_Synthetic_300_Mb_k21_w10_threads4_repeat3.log
final_release_formal,Synthetic_300_Mb,$KSSD_RELEASE_HOST/AEEE.fasta,300000057,a7eca29bdfa06ff373048fffa7a90139afc98acfa938a8ec0a98459608045962,1,21,10,3,42,XXH64,4,4,4,1.465573861000,204697954.148000,204.697954148000,300000000,0,299999980,299999971,299999971,299999971,5090837595345637527,4483411594657425433,strict_less_than_leftmost,false,1024,$KSSD_RELEASE_HOST/KSSD-Array-formal-results/final-validation-20260731-162115/03_figure3_final/logs/run_Synthetic_300_Mb_k21_w10_threads4_repeat3.log
final_release_formal,Synthetic_300_Mb,$KSSD_RELEASE_HOST/AEEE.fasta,300000057,a7eca29bdfa06ff373048fffa7a90139afc98acfa938a8ec0a98459608045962,1,21,10,3,42,MurmurHash3,4,4,4,0.972043831000,308628028.318000,308.628028318000,300000000,0,299999980,299999971,299999971,299999971,722194402207901319,5539288479125707592,strict_less_than_leftmost,false,1024,$KSSD_RELEASE_HOST/KSSD-Array-formal-results/final-validation-20260731-162115/03_figure3_final/logs/run_Synthetic_300_Mb_k21_w10_threads4_repeat3.log
final_release_formal,Synthetic_300_Mb,$KSSD_RELEASE_HOST/AEEE.fasta,300000057,a7eca29bdfa06ff373048fffa7a90139afc98acfa938a8ec0a98459608045962,1,21,10,3,42,wyhash,4,4,4,0.890350726000,336945837.454000,336.945837454000,300000000,0,299999980,299999971,299999971,299999971,1971824918876259702,11394024805998907452,strict_less_than_leftmost,false,1024,$KSSD_RELEASE_HOST/KSSD-Array-formal-results/final-validation-20260731-162115/03_figure3_final/logs/run_Synthetic_300_Mb_k21_w10_threads4_repeat3.log
final_release_formal,Synthetic_300_Mb,$KSSD_RELEASE_HOST/AEEE.fasta,300000057,a7eca29bdfa06ff373048fffa7a90139afc98acfa938a8ec0a98459608045962,1,21,10,4,42,KSSD-Array,4,4,4,0.684855851000,438048343.402000,438.048343402000,300000000,0,299999980,299999971,299999971,299999971,57545583792,317149446325178422,strict_less_than_leftmost,false,1024,$KSSD_RELEASE_HOST/KSSD-Array-formal-results/final-validation-20260731-162115/03_figure3_final/logs/run_Synthetic_300_Mb_k21_w10_threads4_repeat4.log
final_release_formal,Synthetic_300_Mb,$KSSD_RELEASE_HOST/AEEE.fasta,300000057,a7eca29bdfa06ff373048fffa7a90139afc98acfa938a8ec0a98459608045962,1,21,10,4,42,XXH3,4,4,4,1.283183118000,233793576.920000,233.793576920000,300000000,0,299999980,299999971,299999971,299999971,4146029711560230677,471707098116631575,strict_less_than_leftmost,false,1024,$KSSD_RELEASE_HOST/KSSD-Array-formal-results/final-validation-20260731-162115/03_figure3_final/logs/run_Synthetic_300_Mb_k21_w10_threads4_repeat4.log
final_release_formal,Synthetic_300_Mb,$KSSD_RELEASE_HOST/AEEE.fasta,300000057,a7eca29bdfa06ff373048fffa7a90139afc98acfa938a8ec0a98459608045962,1,21,10,4,42,XXH64,4,4,4,1.470021269000,204078660.171000,204.078660171000,300000000,0,299999980,299999971,299999971,299999971,5090837595345637527,4483411594657425433,strict_less_than_leftmost,false,1024,$KSSD_RELEASE_HOST/KSSD-Array-formal-results/final-validation-20260731-162115/03_figure3_final/logs/run_Synthetic_300_Mb_k21_w10_threads4_repeat4.log
final_release_formal,Synthetic_300_Mb,$KSSD_RELEASE_HOST/AEEE.fasta,300000057,a7eca29bdfa06ff373048fffa7a90139afc98acfa938a8ec0a98459608045962,1,21,10,4,42,MurmurHash3,4,4,4,0.973389234000,308201447.603000,308.201447603000,300000000,0,299999980,299999971,299999971,299999971,722194402207901319,5539288479125707592,strict_less_than_leftmost,false,1024,$KSSD_RELEASE_HOST/KSSD-Array-formal-results/final-validation-20260731-162115/03_figure3_final/logs/run_Synthetic_300_Mb_k21_w10_threads4_repeat4.log
final_release_formal,Synthetic_300_Mb,$KSSD_RELEASE_HOST/AEEE.fasta,300000057,a7eca29bdfa06ff373048fffa7a90139afc98acfa938a8ec0a98459608045962,1,21,10,4,42,wyhash,4,4,4,0.887914287000,337870417.666000,337.870417666000,300000000,0,299999980,299999971,299999971,299999971,1971824918876259702,11394024805998907452,strict_less_than_leftmost,false,1024,$KSSD_RELEASE_HOST/KSSD-Array-formal-results/final-validation-20260731-162115/03_figure3_final/logs/run_Synthetic_300_Mb_k21_w10_threads4_repeat4.log
final_release_formal,Synthetic_300_Mb,$KSSD_RELEASE_HOST/AEEE.fasta,300000057,a7eca29bdfa06ff373048fffa7a90139afc98acfa938a8ec0a98459608045962,1,21,10,5,42,KSSD-Array,4,4,4,0.685994257000,437321403.115000,437.321403115000,300000000,0,299999980,299999971,299999971,299999971,57545583792,317149446325178422,strict_less_than_leftmost,false,1024,$KSSD_RELEASE_HOST/KSSD-Array-formal-results/final-validation-20260731-162115/03_figure3_final/logs/run_Synthetic_300_Mb_k21_w10_threads4_repeat5.log
final_release_formal,Synthetic_300_Mb,$KSSD_RELEASE_HOST/AEEE.fasta,300000057,a7eca29bdfa06ff373048fffa7a90139afc98acfa938a8ec0a98459608045962,1,21,10,5,42,XXH3,4,4,4,1.287655976000,232981461.346000,232.981461346000,300000000,0,299999980,299999971,299999971,299999971,4146029711560230677,471707098116631575,strict_less_than_leftmost,false,1024,$KSSD_RELEASE_HOST/KSSD-Array-formal-results/final-validation-20260731-162115/03_figure3_final/logs/run_Synthetic_300_Mb_k21_w10_threads4_repeat5.log
final_release_formal,Synthetic_300_Mb,$KSSD_RELEASE_HOST/AEEE.fasta,300000057,a7eca29bdfa06ff373048fffa7a90139afc98acfa938a8ec0a98459608045962,1,21,10,5,42,XXH64,4,4,4,1.462029137000,205194249.149000,205.194249149000,300000000,0,299999980,299999971,299999971,299999971,5090837595345637527,4483411594657425433,strict_less_than_leftmost,false,1024,$KSSD_RELEASE_HOST/KSSD-Array-formal-results/final-validation-20260731-162115/03_figure3_final/logs/run_Synthetic_300_Mb_k21_w10_threads4_repeat5.log
final_release_formal,Synthetic_300_Mb,$KSSD_RELEASE_HOST/AEEE.fasta,300000057,a7eca29bdfa06ff373048fffa7a90139afc98acfa938a8ec0a98459608045962,1,21,10,5,42,MurmurHash3,4,4,4,0.971594513000,308770754.657000,308.770754657000,300000000,0,299999980,299999971,299999971,299999971,722194402207901319,5539288479125707592,strict_less_than_leftmost,false,1024,$KSSD_RELEASE_HOST/KSSD-Array-formal-results/final-validation-20260731-162115/03_figure3_final/logs/run_Synthetic_300_Mb_k21_w10_threads4_repeat5.log
final_release_formal,Synthetic_300_Mb,$KSSD_RELEASE_HOST/AEEE.fasta,300000057,a7eca29bdfa06ff373048fffa7a90139afc98acfa938a8ec0a98459608045962,1,21,10,5,42,wyhash,4,4,4,0.892731878000,336047113.801000,336.047113801000,300000000,0,299999980,299999971,299999971,299999971,1971824918876259702,11394024805998907452,strict_less_than_leftmost,false,1024,$KSSD_RELEASE_HOST/KSSD-Array-formal-results/final-validation-20260731-162115/03_figure3_final/logs/run_Synthetic_300_Mb_k21_w10_threads4_repeat5.log
final_release_formal,Synthetic_300_Mb,$KSSD_RELEASE_HOST/AEEE.fasta,300000057,a7eca29bdfa06ff373048fffa7a90139afc98acfa938a8ec0a98459608045962,1,21,10,1,42,KSSD-Array,8,8,8,0.346529395000,865727338.946000,865.727338946000,300000000,0,299999980,299999971,299999971,299999971,57545583792,317149446325178422,strict_less_than_leftmost,false,1024,$KSSD_RELEASE_HOST/KSSD-Array-formal-results/final-validation-20260731-162115/03_figure3_final/logs/run_Synthetic_300_Mb_k21_w10_threads8_repeat1.log
final_release_formal,Synthetic_300_Mb,$KSSD_RELEASE_HOST/AEEE.fasta,300000057,a7eca29bdfa06ff373048fffa7a90139afc98acfa938a8ec0a98459608045962,1,21,10,1,42,XXH3,8,8,8,0.643870201000,465932373.534000,465.932373534000,300000000,0,299999980,299999971,299999971,299999971,4146029711560230677,471707098116631575,strict_less_than_leftmost,false,1024,$KSSD_RELEASE_HOST/KSSD-Array-formal-results/final-validation-20260731-162115/03_figure3_final/logs/run_Synthetic_300_Mb_k21_w10_threads8_repeat1.log
final_release_formal,Synthetic_300_Mb,$KSSD_RELEASE_HOST/AEEE.fasta,300000057,a7eca29bdfa06ff373048fffa7a90139afc98acfa938a8ec0a98459608045962,1,21,10,1,42,XXH64,8,8,8,0.730534785000,410658023.629000,410.658023629000,300000000,0,299999980,299999971,299999971,299999971,5090837595345637527,4483411594657425433,strict_less_than_leftmost,false,1024,$KSSD_RELEASE_HOST/KSSD-Array-formal-results/final-validation-20260731-162115/03_figure3_final/logs/run_Synthetic_300_Mb_k21_w10_threads8_repeat1.log
final_release_formal,Synthetic_300_Mb,$KSSD_RELEASE_HOST/AEEE.fasta,300000057,a7eca29bdfa06ff373048fffa7a90139afc98acfa938a8ec0a98459608045962,1,21,10,1,42,MurmurHash3,8,8,8,0.486277569000,616931543.063000,616.931543063000,300000000,0,299999980,299999971,299999971,299999971,722194402207901319,5539288479125707592,strict_less_than_leftmost,false,1024,$KSSD_RELEASE_HOST/KSSD-Array-formal-results/final-validation-20260731-162115/03_figure3_final/logs/run_Synthetic_300_Mb_k21_w10_threads8_repeat1.log
final_release_formal,Synthetic_300_Mb,$KSSD_RELEASE_HOST/AEEE.fasta,300000057,a7eca29bdfa06ff373048fffa7a90139afc98acfa938a8ec0a98459608045962,1,21,10,1,42,wyhash,8,8,8,0.443987408000,675694773.308000,675.694773308000,300000000,0,299999980,299999971,299999971,299999971,1971824918876259702,11394024805998907452,strict_less_than_leftmost,false,1024,$KSSD_RELEASE_HOST/KSSD-Array-formal-results/final-validation-20260731-162115/03_figure3_final/logs/run_Synthetic_300_Mb_k21_w10_threads8_repeat1.log
final_release_formal,Synthetic_300_Mb,$KSSD_RELEASE_HOST/AEEE.fasta,300000057,a7eca29bdfa06ff373048fffa7a90139afc98acfa938a8ec0a98459608045962,1,21,10,2,42,KSSD-Array,8,8,8,0.346627121000,865483260.902000,865.483260902000,300000000,0,299999980,299999971,299999971,299999971,57545583792,317149446325178422,strict_less_than_leftmost,false,1024,$KSSD_RELEASE_HOST/KSSD-Array-formal-results/final-validation-20260731-162115/03_figure3_final/logs/run_Synthetic_300_Mb_k21_w10_threads8_repeat2.log
final_release_formal,Synthetic_300_Mb,$KSSD_RELEASE_HOST/AEEE.fasta,300000057,a7eca29bdfa06ff373048fffa7a90139afc98acfa938a8ec0a98459608045962,1,21,10,2,42,XXH3,8,8,8,0.642441404000,466968612.440000,466.968612440000,300000000,0,299999980,299999971,299999971,299999971,4146029711560230677,471707098116631575,strict_less_than_leftmost,false,1024,$KSSD_RELEASE_HOST/KSSD-Array-formal-results/final-validation-20260731-162115/03_figure3_final/logs/run_Synthetic_300_Mb_k21_w10_threads8_repeat2.log
final_release_formal,Synthetic_300_Mb,$KSSD_RELEASE_HOST/AEEE.fasta,300000057,a7eca29bdfa06ff373048fffa7a90139afc98acfa938a8ec0a98459608045962,1,21,10,2,42,XXH64,8,8,8,0.729462758000,411261531.463000,411.261531463000,300000000,0,299999980,299999971,299999971,299999971,5090837595345637527,4483411594657425433,strict_less_than_leftmost,false,1024,$KSSD_RELEASE_HOST/KSSD-Array-formal-results/final-validation-20260731-162115/03_figure3_final/logs/run_Synthetic_300_Mb_k21_w10_threads8_repeat2.log
final_release_formal,Synthetic_300_Mb,$KSSD_RELEASE_HOST/AEEE.fasta,300000057,a7eca29bdfa06ff373048fffa7a90139afc98acfa938a8ec0a98459608045962,1,21,10,2,42,MurmurHash3,8,8,8,0.486363826000,616822129.777000,616.822129777000,300000000,0,299999980,299999971,299999971,299999971,722194402207901319,5539288479125707592,strict_less_than_leftmost,false,1024,$KSSD_RELEASE_HOST/KSSD-Array-formal-results/final-validation-20260731-162115/03_figure3_final/logs/run_Synthetic_300_Mb_k21_w10_threads8_repeat2.log
final_release_formal,Synthetic_300_Mb,$KSSD_RELEASE_HOST/AEEE.fasta,300000057,a7eca29bdfa06ff373048fffa7a90139afc98acfa938a8ec0a98459608045962,1,21,10,2,42,wyhash,8,8,8,0.445557204000,673314152.048000,673.314152048000,300000000,0,299999980,299999971,299999971,299999971,1971824918876259702,11394024805998907452,strict_less_than_leftmost,false,1024,$KSSD_RELEASE_HOST/KSSD-Array-formal-results/final-validation-20260731-162115/03_figure3_final/logs/run_Synthetic_300_Mb_k21_w10_threads8_repeat2.log
final_release_formal,Synthetic_300_Mb,$KSSD_RELEASE_HOST/AEEE.fasta,300000057,a7eca29bdfa06ff373048fffa7a90139afc98acfa938a8ec0a98459608045962,1,21,10,3,42,KSSD-Array,8,8,8,0.348454939000,860943374.374000,860.943374374000,300000000,0,299999980,299999971,299999971,299999971,57545583792,317149446325178422,strict_less_than_leftmost,false,1024,$KSSD_RELEASE_HOST/KSSD-Array-formal-results/final-validation-20260731-162115/03_figure3_final/logs/run_Synthetic_300_Mb_k21_w10_threads8_repeat3.log
final_release_formal,Synthetic_300_Mb,$KSSD_RELEASE_HOST/AEEE.fasta,300000057,a7eca29bdfa06ff373048fffa7a90139afc98acfa938a8ec0a98459608045962,1,21,10,3,42,XXH3,8,8,8,0.647897322000,463036288.025000,463.036288025000,300000000,0,299999980,299999971,299999971,299999971,4146029711560230677,471707098116631575,strict_less_than_leftmost,false,1024,$KSSD_RELEASE_HOST/KSSD-Array-formal-results/final-validation-20260731-162115/03_figure3_final/logs/run_Synthetic_300_Mb_k21_w10_threads8_repeat3.log
final_release_formal,Synthetic_300_Mb,$KSSD_RELEASE_HOST/AEEE.fasta,300000057,a7eca29bdfa06ff373048fffa7a90139afc98acfa938a8ec0a98459608045962,1,21,10,3,42,XXH64,8,8,8,0.740931098000,404895909.768000,404.895909768000,300000000,0,299999980,299999971,299999971,299999971,5090837595345637527,4483411594657425433,strict_less_than_leftmost,false,1024,$KSSD_RELEASE_HOST/KSSD-Array-formal-results/final-validation-20260731-162115/03_figure3_final/logs/run_Synthetic_300_Mb_k21_w10_threads8_repeat3.log
final_release_formal,Synthetic_300_Mb,$KSSD_RELEASE_HOST/AEEE.fasta,300000057,a7eca29bdfa06ff373048fffa7a90139afc98acfa938a8ec0a98459608045962,1,21,10,3,42,MurmurHash3,8,8,8,0.486075345000,617188207.725000,617.188207725000,300000000,0,299999980,299999971,299999971,299999971,722194402207901319,5539288479125707592,strict_less_than_leftmost,false,1024,$KSSD_RELEASE_HOST/KSSD-Array-formal-results/final-validation-20260731-162115/03_figure3_final/logs/run_Synthetic_300_Mb_k21_w10_threads8_repeat3.log
final_release_formal,Synthetic_300_Mb,$KSSD_RELEASE_HOST/AEEE.fasta,300000057,a7eca29bdfa06ff373048fffa7a90139afc98acfa938a8ec0a98459608045962,1,21,10,3,42,wyhash,8,8,8,0.444096434000,675528889.746000,675.528889746000,300000000,0,299999980,299999971,299999971,299999971,1971824918876259702,11394024805998907452,strict_less_than_leftmost,false,1024,$KSSD_RELEASE_HOST/KSSD-Array-formal-results/final-validation-20260731-162115/03_figure3_final/logs/run_Synthetic_300_Mb_k21_w10_threads8_repeat3.log
final_release_formal,Synthetic_300_Mb,$KSSD_RELEASE_HOST/AEEE.fasta,300000057,a7eca29bdfa06ff373048fffa7a90139afc98acfa938a8ec0a98459608045962,1,21,10,4,42,KSSD-Array,8,8,8,0.347651271000,862933623.505000,862.933623505000,300000000,0,299999980,299999971,299999971,299999971,57545583792,317149446325178422,strict_less_than_leftmost,false,1024,$KSSD_RELEASE_HOST/KSSD-Array-formal-results/final-validation-20260731-162115/03_figure3_final/logs/run_Synthetic_300_Mb_k21_w10_threads8_repeat4.log
final_release_formal,Synthetic_300_Mb,$KSSD_RELEASE_HOST/AEEE.fasta,300000057,a7eca29bdfa06ff373048fffa7a90139afc98acfa938a8ec0a98459608045962,1,21,10,4,42,XXH3,8,8,8,0.647501247000,463319526.240000,463.319526240000,300000000,0,299999980,299999971,299999971,299999971,4146029711560230677,471707098116631575,strict_less_than_leftmost,false,1024,$KSSD_RELEASE_HOST/KSSD-Array-formal-results/final-validation-20260731-162115/03_figure3_final/logs/run_Synthetic_300_Mb_k21_w10_threads8_repeat4.log
final_release_formal,Synthetic_300_Mb,$KSSD_RELEASE_HOST/AEEE.fasta,300000057,a7eca29bdfa06ff373048fffa7a90139afc98acfa938a8ec0a98459608045962,1,21,10,4,42,XXH64,8,8,8,0.731651041000,410031496.149000,410.031496149000,300000000,0,299999980,299999971,299999971,299999971,5090837595345637527,4483411594657425433,strict_less_than_leftmost,false,1024,$KSSD_RELEASE_HOST/KSSD-Array-formal-results/final-validation-20260731-162115/03_figure3_final/logs/run_Synthetic_300_Mb_k21_w10_threads8_repeat4.log
final_release_formal,Synthetic_300_Mb,$KSSD_RELEASE_HOST/AEEE.fasta,300000057,a7eca29bdfa06ff373048fffa7a90139afc98acfa938a8ec0a98459608045962,1,21,10,4,42,MurmurHash3,8,8,8,0.487684019000,615152351.342000,615.152351342000,300000000,0,299999980,299999971,299999971,299999971,722194402207901319,5539288479125707592,strict_less_than_leftmost,false,1024,$KSSD_RELEASE_HOST/KSSD-Array-formal-results/final-validation-20260731-162115/03_figure3_final/logs/run_Synthetic_300_Mb_k21_w10_threads8_repeat4.log
final_release_formal,Synthetic_300_Mb,$KSSD_RELEASE_HOST/AEEE.fasta,300000057,a7eca29bdfa06ff373048fffa7a90139afc98acfa938a8ec0a98459608045962,1,21,10,4,42,wyhash,8,8,8,0.444191899000,675383706.176000,675.383706176000,300000000,0,299999980,299999971,299999971,299999971,1971824918876259702,11394024805998907452,strict_less_than_leftmost,false,1024,$KSSD_RELEASE_HOST/KSSD-Array-formal-results/final-validation-20260731-162115/03_figure3_final/logs/run_Synthetic_300_Mb_k21_w10_threads8_repeat4.log
final_release_formal,Synthetic_300_Mb,$KSSD_RELEASE_HOST/AEEE.fasta,300000057,a7eca29bdfa06ff373048fffa7a90139afc98acfa938a8ec0a98459608045962,1,21,10,5,42,KSSD-Array,8,8,8,0.345247509000,868941739.417000,868.941739417000,300000000,0,299999980,299999971,299999971,299999971,57545583792,317149446325178422,strict_less_than_leftmost,false,1024,$KSSD_RELEASE_HOST/KSSD-Array-formal-results/final-validation-20260731-162115/03_figure3_final/logs/run_Synthetic_300_Mb_k21_w10_threads8_repeat5.log
final_release_formal,Synthetic_300_Mb,$KSSD_RELEASE_HOST/AEEE.fasta,300000057,a7eca29bdfa06ff373048fffa7a90139afc98acfa938a8ec0a98459608045962,1,21,10,5,42,XXH3,8,8,8,0.642966173000,466587487.177000,466.587487177000,300000000,0,299999980,299999971,299999971,299999971,4146029711560230677,471707098116631575,strict_less_than_leftmost,false,1024,$KSSD_RELEASE_HOST/KSSD-Array-formal-results/final-validation-20260731-162115/03_figure3_final/logs/run_Synthetic_300_Mb_k21_w10_threads8_repeat5.log
final_release_formal,Synthetic_300_Mb,$KSSD_RELEASE_HOST/AEEE.fasta,300000057,a7eca29bdfa06ff373048fffa7a90139afc98acfa938a8ec0a98459608045962,1,21,10,5,42,XXH64,8,8,8,0.730811679000,410502431.229000,410.502431229000,300000000,0,299999980,299999971,299999971,299999971,5090837595345637527,4483411594657425433,strict_less_than_leftmost,false,1024,$KSSD_RELEASE_HOST/KSSD-Array-formal-results/final-validation-20260731-162115/03_figure3_final/logs/run_Synthetic_300_Mb_k21_w10_threads8_repeat5.log
final_release_formal,Synthetic_300_Mb,$KSSD_RELEASE_HOST/AEEE.fasta,300000057,a7eca29bdfa06ff373048fffa7a90139afc98acfa938a8ec0a98459608045962,1,21,10,5,42,MurmurHash3,8,8,8,0.486268193000,616943438.454000,616.943438454000,300000000,0,299999980,299999971,299999971,299999971,722194402207901319,5539288479125707592,strict_less_than_leftmost,false,1024,$KSSD_RELEASE_HOST/KSSD-Array-formal-results/final-validation-20260731-162115/03_figure3_final/logs/run_Synthetic_300_Mb_k21_w10_threads8_repeat5.log
final_release_formal,Synthetic_300_Mb,$KSSD_RELEASE_HOST/AEEE.fasta,300000057,a7eca29bdfa06ff373048fffa7a90139afc98acfa938a8ec0a98459608045962,1,21,10,5,42,wyhash,8,8,8,0.443999858000,675675826.455000,675.675826455000,300000000,0,299999980,299999971,299999971,299999971,1971824918876259702,11394024805998907452,strict_less_than_leftmost,false,1024,$KSSD_RELEASE_HOST/KSSD-Array-formal-results/final-validation-20260731-162115/03_figure3_final/logs/run_Synthetic_300_Mb_k21_w10_threads8_repeat5.log
final_release_formal,Synthetic_300_Mb,$KSSD_RELEASE_HOST/AEEE.fasta,300000057,a7eca29bdfa06ff373048fffa7a90139afc98acfa938a8ec0a98459608045962,1,21,10,1,42,KSSD-Array,16,16,16,0.180792569000,1659360075.800000,1659.360075800000,300000000,0,299999980,299999971,299999971,299999971,57545583792,317149446325178422,strict_less_than_leftmost,false,1024,$KSSD_RELEASE_HOST/KSSD-Array-formal-results/final-validation-20260731-162115/03_figure3_final/logs/run_Synthetic_300_Mb_k21_w10_threads16_repeat1.log
final_release_formal,Synthetic_300_Mb,$KSSD_RELEASE_HOST/AEEE.fasta,300000057,a7eca29bdfa06ff373048fffa7a90139afc98acfa938a8ec0a98459608045962,1,21,10,1,42,XXH3,16,16,16,0.331607784000,904683139.163000,904.683139163000,300000000,0,299999980,299999971,299999971,299999971,4146029711560230677,471707098116631575,strict_less_than_leftmost,false,1024,$KSSD_RELEASE_HOST/KSSD-Array-formal-results/final-validation-20260731-162115/03_figure3_final/logs/run_Synthetic_300_Mb_k21_w10_threads16_repeat1.log
final_release_formal,Synthetic_300_Mb,$KSSD_RELEASE_HOST/AEEE.fasta,300000057,a7eca29bdfa06ff373048fffa7a90139afc98acfa938a8ec0a98459608045962,1,21,10,1,42,XXH64,16,16,16,0.366569312000,818399034.451000,818.399034451000,300000000,0,299999980,299999971,299999971,299999971,5090837595345637527,4483411594657425433,strict_less_than_leftmost,false,1024,$KSSD_RELEASE_HOST/KSSD-Array-formal-results/final-validation-20260731-162115/03_figure3_final/logs/run_Synthetic_300_Mb_k21_w10_threads16_repeat1.log
final_release_formal,Synthetic_300_Mb,$KSSD_RELEASE_HOST/AEEE.fasta,300000057,a7eca29bdfa06ff373048fffa7a90139afc98acfa938a8ec0a98459608045962,1,21,10,1,42,MurmurHash3,16,16,16,0.244137283000,1228816702.281000,1228.816702281000,300000000,0,299999980,299999971,299999971,299999971,722194402207901319,5539288479125707592,strict_less_than_leftmost,false,1024,$KSSD_RELEASE_HOST/KSSD-Array-formal-results/final-validation-20260731-162115/03_figure3_final/logs/run_Synthetic_300_Mb_k21_w10_threads16_repeat1.log
final_release_formal,Synthetic_300_Mb,$KSSD_RELEASE_HOST/AEEE.fasta,300000057,a7eca29bdfa06ff373048fffa7a90139afc98acfa938a8ec0a98459608045962,1,21,10,1,42,wyhash,16,16,16,0.222832813000,1346300694.952000,1346.300694952000,300000000,0,299999980,299999971,299999971,299999971,1971824918876259702,11394024805998907452,strict_less_than_leftmost,false,1024,$KSSD_RELEASE_HOST/KSSD-Array-formal-results/final-validation-20260731-162115/03_figure3_final/logs/run_Synthetic_300_Mb_k21_w10_threads16_repeat1.log
final_release_formal,Synthetic_300_Mb,$KSSD_RELEASE_HOST/AEEE.fasta,300000057,a7eca29bdfa06ff373048fffa7a90139afc98acfa938a8ec0a98459608045962,1,21,10,2,42,KSSD-Array,16,16,16,0.181594207000,1652034918.713000,1652.034918713000,300000000,0,299999980,299999971,299999971,299999971,57545583792,317149446325178422,strict_less_than_leftmost,false,1024,$KSSD_RELEASE_HOST/KSSD-Array-formal-results/final-validation-20260731-162115/03_figure3_final/logs/run_Synthetic_300_Mb_k21_w10_threads16_repeat2.log
final_release_formal,Synthetic_300_Mb,$KSSD_RELEASE_HOST/AEEE.fasta,300000057,a7eca29bdfa06ff373048fffa7a90139afc98acfa938a8ec0a98459608045962,1,21,10,2,42,XXH3,16,16,16,0.324220403000,925296397.833000,925.296397833000,300000000,0,299999980,299999971,299999971,299999971,4146029711560230677,471707098116631575,strict_less_than_leftmost,false,1024,$KSSD_RELEASE_HOST/KSSD-Array-formal-results/final-validation-20260731-162115/03_figure3_final/logs/run_Synthetic_300_Mb_k21_w10_threads16_repeat2.log
final_release_formal,Synthetic_300_Mb,$KSSD_RELEASE_HOST/AEEE.fasta,300000057,a7eca29bdfa06ff373048fffa7a90139afc98acfa938a8ec0a98459608045962,1,21,10,2,42,XXH64,16,16,16,0.365998050000,819676419.041000,819.676419041000,300000000,0,299999980,299999971,299999971,299999971,5090837595345637527,4483411594657425433,strict_less_than_leftmost,false,1024,$KSSD_RELEASE_HOST/KSSD-Array-formal-results/final-validation-20260731-162115/03_figure3_final/logs/run_Synthetic_300_Mb_k21_w10_threads16_repeat2.log
final_release_formal,Synthetic_300_Mb,$KSSD_RELEASE_HOST/AEEE.fasta,300000057,a7eca29bdfa06ff373048fffa7a90139afc98acfa938a8ec0a98459608045962,1,21,10,2,42,MurmurHash3,16,16,16,0.249565809000,1202087626.515000,1202.087626515000,300000000,0,299999980,299999971,299999971,299999971,722194402207901319,5539288479125707592,strict_less_than_leftmost,false,1024,$KSSD_RELEASE_HOST/KSSD-Array-formal-results/final-validation-20260731-162115/03_figure3_final/logs/run_Synthetic_300_Mb_k21_w10_threads16_repeat2.log
final_release_formal,Synthetic_300_Mb,$KSSD_RELEASE_HOST/AEEE.fasta,300000057,a7eca29bdfa06ff373048fffa7a90139afc98acfa938a8ec0a98459608045962,1,21,10,2,42,wyhash,16,16,16,0.222789171000,1346564420.764000,1346.564420764000,300000000,0,299999980,299999971,299999971,299999971,1971824918876259702,11394024805998907452,strict_less_than_leftmost,false,1024,$KSSD_RELEASE_HOST/KSSD-Array-formal-results/final-validation-20260731-162115/03_figure3_final/logs/run_Synthetic_300_Mb_k21_w10_threads16_repeat2.log
final_release_formal,Synthetic_300_Mb,$KSSD_RELEASE_HOST/AEEE.fasta,300000057,a7eca29bdfa06ff373048fffa7a90139afc98acfa938a8ec0a98459608045962,1,21,10,3,42,KSSD-Array,16,16,16,0.179979359000,1666857647.826000,1666.857647826000,300000000,0,299999980,299999971,299999971,299999971,57545583792,317149446325178422,strict_less_than_leftmost,false,1024,$KSSD_RELEASE_HOST/KSSD-Array-formal-results/final-validation-20260731-162115/03_figure3_final/logs/run_Synthetic_300_Mb_k21_w10_threads16_repeat3.log
final_release_formal,Synthetic_300_Mb,$KSSD_RELEASE_HOST/AEEE.fasta,300000057,a7eca29bdfa06ff373048fffa7a90139afc98acfa938a8ec0a98459608045962,1,21,10,3,42,XXH3,16,16,16,0.330496244000,907725810.645000,907.725810645000,300000000,0,299999980,299999971,299999971,299999971,4146029711560230677,471707098116631575,strict_less_than_leftmost,false,1024,$KSSD_RELEASE_HOST/KSSD-Array-formal-results/final-validation-20260731-162115/03_figure3_final/logs/run_Synthetic_300_Mb_k21_w10_threads16_repeat3.log
final_release_formal,Synthetic_300_Mb,$KSSD_RELEASE_HOST/AEEE.fasta,300000057,a7eca29bdfa06ff373048fffa7a90139afc98acfa938a8ec0a98459608045962,1,21,10,3,42,XXH64,16,16,16,0.368104046000,814986888.245000,814.986888245000,300000000,0,299999980,299999971,299999971,299999971,5090837595345637527,4483411594657425433,strict_less_than_leftmost,false,1024,$KSSD_RELEASE_HOST/KSSD-Array-formal-results/final-validation-20260731-162115/03_figure3_final/logs/run_Synthetic_300_Mb_k21_w10_threads16_repeat3.log
final_release_formal,Synthetic_300_Mb,$KSSD_RELEASE_HOST/AEEE.fasta,300000057,a7eca29bdfa06ff373048fffa7a90139afc98acfa938a8ec0a98459608045962,1,21,10,3,42,MurmurHash3,16,16,16,0.244261278000,1228192914.802000,1228.192914802000,300000000,0,299999980,299999971,299999971,299999971,722194402207901319,5539288479125707592,strict_less_than_leftmost,false,1024,$KSSD_RELEASE_HOST/KSSD-Array-formal-results/final-validation-20260731-162115/03_figure3_final/logs/run_Synthetic_300_Mb_k21_w10_threads16_repeat3.log
final_release_formal,Synthetic_300_Mb,$KSSD_RELEASE_HOST/AEEE.fasta,300000057,a7eca29bdfa06ff373048fffa7a90139afc98acfa938a8ec0a98459608045962,1,21,10,3,42,wyhash,16,16,16,0.222693897000,1347140514.587000,1347.140514587000,300000000,0,299999980,299999971,299999971,299999971,1971824918876259702,11394024805998907452,strict_less_than_leftmost,false,1024,$KSSD_RELEASE_HOST/KSSD-Array-formal-results/final-validation-20260731-162115/03_figure3_final/logs/run_Synthetic_300_Mb_k21_w10_threads16_repeat3.log
final_release_formal,Synthetic_300_Mb,$KSSD_RELEASE_HOST/AEEE.fasta,300000057,a7eca29bdfa06ff373048fffa7a90139afc98acfa938a8ec0a98459608045962,1,21,10,4,42,KSSD-Array,16,16,16,0.179449371000,1671780565.896000,1671.780565896000,300000000,0,299999980,299999971,299999971,299999971,57545583792,317149446325178422,strict_less_than_leftmost,false,1024,$KSSD_RELEASE_HOST/KSSD-Array-formal-results/final-validation-20260731-162115/03_figure3_final/logs/run_Synthetic_300_Mb_k21_w10_threads16_repeat4.log
final_release_formal,Synthetic_300_Mb,$KSSD_RELEASE_HOST/AEEE.fasta,300000057,a7eca29bdfa06ff373048fffa7a90139afc98acfa938a8ec0a98459608045962,1,21,10,4,42,XXH3,16,16,16,0.323949597000,926069900.312000,926.069900312000,300000000,0,299999980,299999971,299999971,299999971,4146029711560230677,471707098116631575,strict_less_than_leftmost,false,1024,$KSSD_RELEASE_HOST/KSSD-Array-formal-results/final-validation-20260731-162115/03_figure3_final/logs/run_Synthetic_300_Mb_k21_w10_threads16_repeat4.log
final_release_formal,Synthetic_300_Mb,$KSSD_RELEASE_HOST/AEEE.fasta,300000057,a7eca29bdfa06ff373048fffa7a90139afc98acfa938a8ec0a98459608045962,1,21,10,4,42,XXH64,16,16,16,0.366484678000,818588031.121000,818.588031121000,300000000,0,299999980,299999971,299999971,299999971,5090837595345637527,4483411594657425433,strict_less_than_leftmost,false,1024,$KSSD_RELEASE_HOST/KSSD-Array-formal-results/final-validation-20260731-162115/03_figure3_final/logs/run_Synthetic_300_Mb_k21_w10_threads16_repeat4.log
final_release_formal,Synthetic_300_Mb,$KSSD_RELEASE_HOST/AEEE.fasta,300000057,a7eca29bdfa06ff373048fffa7a90139afc98acfa938a8ec0a98459608045962,1,21,10,4,42,MurmurHash3,16,16,16,0.244257909000,1228209855.018000,1228.209855018000,300000000,0,299999980,299999971,299999971,299999971,722194402207901319,5539288479125707592,strict_less_than_leftmost,false,1024,$KSSD_RELEASE_HOST/KSSD-Array-formal-results/final-validation-20260731-162115/03_figure3_final/logs/run_Synthetic_300_Mb_k21_w10_threads16_repeat4.log
final_release_formal,Synthetic_300_Mb,$KSSD_RELEASE_HOST/AEEE.fasta,300000057,a7eca29bdfa06ff373048fffa7a90139afc98acfa938a8ec0a98459608045962,1,21,10,4,42,wyhash,16,16,16,0.222621150000,1347580726.270000,1347.580726270000,300000000,0,299999980,299999971,299999971,299999971,1971824918876259702,11394024805998907452,strict_less_than_leftmost,false,1024,$KSSD_RELEASE_HOST/KSSD-Array-formal-results/final-validation-20260731-162115/03_figure3_final/logs/run_Synthetic_300_Mb_k21_w10_threads16_repeat4.log
final_release_formal,Synthetic_300_Mb,$KSSD_RELEASE_HOST/AEEE.fasta,300000057,a7eca29bdfa06ff373048fffa7a90139afc98acfa938a8ec0a98459608045962,1,21,10,5,42,KSSD-Array,16,16,16,0.179774403000,1668757987.754000,1668.757987754000,300000000,0,299999980,299999971,299999971,299999971,57545583792,317149446325178422,strict_less_than_leftmost,false,1024,$KSSD_RELEASE_HOST/KSSD-Array-formal-results/final-validation-20260731-162115/03_figure3_final/logs/run_Synthetic_300_Mb_k21_w10_threads16_repeat5.log
final_release_formal,Synthetic_300_Mb,$KSSD_RELEASE_HOST/AEEE.fasta,300000057,a7eca29bdfa06ff373048fffa7a90139afc98acfa938a8ec0a98459608045962,1,21,10,5,42,XXH3,16,16,16,0.325598773000,921379304.461000,921.379304461000,300000000,0,299999980,299999971,299999971,299999971,4146029711560230677,471707098116631575,strict_less_than_leftmost,false,1024,$KSSD_RELEASE_HOST/KSSD-Array-formal-results/final-validation-20260731-162115/03_figure3_final/logs/run_Synthetic_300_Mb_k21_w10_threads16_repeat5.log
final_release_formal,Synthetic_300_Mb,$KSSD_RELEASE_HOST/AEEE.fasta,300000057,a7eca29bdfa06ff373048fffa7a90139afc98acfa938a8ec0a98459608045962,1,21,10,5,42,XXH64,16,16,16,0.365472963000,820854075.052000,820.854075052000,300000000,0,299999980,299999971,299999971,299999971,5090837595345637527,4483411594657425433,strict_less_than_leftmost,false,1024,$KSSD_RELEASE_HOST/KSSD-Array-formal-results/final-validation-20260731-162115/03_figure3_final/logs/run_Synthetic_300_Mb_k21_w10_threads16_repeat5.log
final_release_formal,Synthetic_300_Mb,$KSSD_RELEASE_HOST/AEEE.fasta,300000057,a7eca29bdfa06ff373048fffa7a90139afc98acfa938a8ec0a98459608045962,1,21,10,5,42,MurmurHash3,16,16,16,0.243412675000,1232474730.414000,1232.474730414000,300000000,0,299999980,299999971,299999971,299999971,722194402207901319,5539288479125707592,strict_less_than_leftmost,false,1024,$KSSD_RELEASE_HOST/KSSD-Array-formal-results/final-validation-20260731-162115/03_figure3_final/logs/run_Synthetic_300_Mb_k21_w10_threads16_repeat5.log
final_release_formal,Synthetic_300_Mb,$KSSD_RELEASE_HOST/AEEE.fasta,300000057,a7eca29bdfa06ff373048fffa7a90139afc98acfa938a8ec0a98459608045962,1,21,10,5,42,wyhash,16,16,16,0.223077175000,1344825937.481000,1344.825937481000,300000000,0,299999980,299999971,299999971,299999971,1971824918876259702,11394024805998907452,strict_less_than_leftmost,false,1024,$KSSD_RELEASE_HOST/KSSD-Array-formal-results/final-validation-20260731-162115/03_figure3_final/logs/run_Synthetic_300_Mb_k21_w10_threads16_repeat5.log
final_release_formal,GRCh38.p14_chr1,$KSSD_RELEASE_HOST/seq/human/GCF_000001405.40_GRCh38.p14_genomic.fna,3339739109,df6e4918316e05a9cc1fd29c352841d3678b607d7a436819cd43371b52c814c0,705,21,10,1,42,KSSD-Array,1,1,1,2.061374199000,111809385.754000,111.809385754000,230481012,18475410,230480992,230480983,230480983,230480983,188661062253,230119026841864682,strict_less_than_leftmost,false,1024,$KSSD_RELEASE_HOST/KSSD-Array-formal-results/final-validation-20260731-162115/03_figure3_final/logs/run_GRCh38.p14_chr1_k21_w10_threads1_repeat1.log
final_release_formal,GRCh38.p14_chr1,$KSSD_RELEASE_HOST/seq/human/GCF_000001405.40_GRCh38.p14_genomic.fna,3339739109,df6e4918316e05a9cc1fd29c352841d3678b607d7a436819cd43371b52c814c0,705,21,10,1,42,XXH3,1,1,1,3.993122827000,57719482.467000,57.719482467000,230481012,18475410,230480992,230480983,230480983,230480983,775743263796053414,9662162474064076447,strict_less_than_leftmost,false,1024,$KSSD_RELEASE_HOST/KSSD-Array-formal-results/final-validation-20260731-162115/03_figure3_final/logs/run_GRCh38.p14_chr1_k21_w10_threads1_repeat1.log
final_release_formal,GRCh38.p14_chr1,$KSSD_RELEASE_HOST/seq/human/GCF_000001405.40_GRCh38.p14_genomic.fna,3339739109,df6e4918316e05a9cc1fd29c352841d3678b607d7a436819cd43371b52c814c0,705,21,10,1,42,XXH64,1,1,1,4.494339529000,51282503.583000,51.282503583000,230481012,18475410,230480992,230480983,230480983,230480983,1359048515777232336,45768487004821880,strict_less_than_leftmost,false,1024,$KSSD_RELEASE_HOST/KSSD-Array-formal-results/final-validation-20260731-162115/03_figure3_final/logs/run_GRCh38.p14_chr1_k21_w10_threads1_repeat1.log
final_release_formal,GRCh38.p14_chr1,$KSSD_RELEASE_HOST/seq/human/GCF_000001405.40_GRCh38.p14_genomic.fna,3339739109,df6e4918316e05a9cc1fd29c352841d3678b607d7a436819cd43371b52c814c0,705,21,10,1,42,MurmurHash3,1,1,1,2.976623913000,77430333.739000,77.430333739000,230481012,18475410,230480992,230480983,230480983,230480983,363051744283573300,5851085943704754568,strict_less_than_leftmost,false,1024,$KSSD_RELEASE_HOST/KSSD-Array-formal-results/final-validation-20260731-162115/03_figure3_final/logs/run_GRCh38.p14_chr1_k21_w10_threads1_repeat1.log
final_release_formal,GRCh38.p14_chr1,$KSSD_RELEASE_HOST/seq/human/GCF_000001405.40_GRCh38.p14_genomic.fna,3339739109,df6e4918316e05a9cc1fd29c352841d3678b607d7a436819cd43371b52c814c0,705,21,10,1,42,wyhash,1,1,1,2.728044946000,84485771.885000,84.485771885000,230481012,18475410,230480992,230480983,230480983,230480983,786380710371532391,6919459542452842976,strict_less_than_leftmost,false,1024,$KSSD_RELEASE_HOST/KSSD-Array-formal-results/final-validation-20260731-162115/03_figure3_final/logs/run_GRCh38.p14_chr1_k21_w10_threads1_repeat1.log
final_release_formal,GRCh38.p14_chr1,$KSSD_RELEASE_HOST/seq/human/GCF_000001405.40_GRCh38.p14_genomic.fna,3339739109,df6e4918316e05a9cc1fd29c352841d3678b607d7a436819cd43371b52c814c0,705,21,10,2,42,KSSD-Array,1,1,1,2.067975244000,111452486.517000,111.452486517000,230481012,18475410,230480992,230480983,230480983,230480983,188661062253,230119026841864682,strict_less_than_leftmost,false,1024,$KSSD_RELEASE_HOST/KSSD-Array-formal-results/final-validation-20260731-162115/03_figure3_final/logs/run_GRCh38.p14_chr1_k21_w10_threads1_repeat2.log
final_release_formal,GRCh38.p14_chr1,$KSSD_RELEASE_HOST/seq/human/GCF_000001405.40_GRCh38.p14_genomic.fna,3339739109,df6e4918316e05a9cc1fd29c352841d3678b607d7a436819cd43371b52c814c0,705,21,10,2,42,XXH3,1,1,1,3.938747878000,58516307.755000,58.516307755000,230481012,18475410,230480992,230480983,230480983,230480983,775743263796053414,9662162474064076447,strict_less_than_leftmost,false,1024,$KSSD_RELEASE_HOST/KSSD-Array-formal-results/final-validation-20260731-162115/03_figure3_final/logs/run_GRCh38.p14_chr1_k21_w10_threads1_repeat2.log
final_release_formal,GRCh38.p14_chr1,$KSSD_RELEASE_HOST/seq/human/GCF_000001405.40_GRCh38.p14_genomic.fna,3339739109,df6e4918316e05a9cc1fd29c352841d3678b607d7a436819cd43371b52c814c0,705,21,10,2,42,XXH64,1,1,1,4.482977764000,51412475.175000,51.412475175000,230481012,18475410,230480992,230480983,230480983,230480983,1359048515777232336,45768487004821880,strict_less_than_leftmost,false,1024,$KSSD_RELEASE_HOST/KSSD-Array-formal-results/final-validation-20260731-162115/03_figure3_final/logs/run_GRCh38.p14_chr1_k21_w10_threads1_repeat2.log
final_release_formal,GRCh38.p14_chr1,$KSSD_RELEASE_HOST/seq/human/GCF_000001405.40_GRCh38.p14_genomic.fna,3339739109,df6e4918316e05a9cc1fd29c352841d3678b607d7a436819cd43371b52c814c0,705,21,10,2,42,MurmurHash3,1,1,1,2.978875021000,77371820.360000,77.371820360000,230481012,18475410,230480992,230480983,230480983,230480983,363051744283573300,5851085943704754568,strict_less_than_leftmost,false,1024,$KSSD_RELEASE_HOST/KSSD-Array-formal-results/final-validation-20260731-162115/03_figure3_final/logs/run_GRCh38.p14_chr1_k21_w10_threads1_repeat2.log
final_release_formal,GRCh38.p14_chr1,$KSSD_RELEASE_HOST/seq/human/GCF_000001405.40_GRCh38.p14_genomic.fna,3339739109,df6e4918316e05a9cc1fd29c352841d3678b607d7a436819cd43371b52c814c0,705,21,10,2,42,wyhash,1,1,1,2.723658486000,84621836.469000,84.621836469000,230481012,18475410,230480992,230480983,230480983,230480983,786380710371532391,6919459542452842976,strict_less_than_leftmost,false,1024,$KSSD_RELEASE_HOST/KSSD-Array-formal-results/final-validation-20260731-162115/03_figure3_final/logs/run_GRCh38.p14_chr1_k21_w10_threads1_repeat2.log
final_release_formal,GRCh38.p14_chr1,$KSSD_RELEASE_HOST/seq/human/GCF_000001405.40_GRCh38.p14_genomic.fna,3339739109,df6e4918316e05a9cc1fd29c352841d3678b607d7a436819cd43371b52c814c0,705,21,10,3,42,KSSD-Array,1,1,1,2.061377362000,111809214.193000,111.809214193000,230481012,18475410,230480992,230480983,230480983,230480983,188661062253,230119026841864682,strict_less_than_leftmost,false,1024,$KSSD_RELEASE_HOST/KSSD-Array-formal-results/final-validation-20260731-162115/03_figure3_final/logs/run_GRCh38.p14_chr1_k21_w10_threads1_repeat3.log
final_release_formal,GRCh38.p14_chr1,$KSSD_RELEASE_HOST/seq/human/GCF_000001405.40_GRCh38.p14_genomic.fna,3339739109,df6e4918316e05a9cc1fd29c352841d3678b607d7a436819cd43371b52c814c0,705,21,10,3,42,XXH3,1,1,1,3.971154946000,58038778.676000,58.038778676000,230481012,18475410,230480992,230480983,230480983,230480983,775743263796053414,9662162474064076447,strict_less_than_leftmost,false,1024,$KSSD_RELEASE_HOST/KSSD-Array-formal-results/final-validation-20260731-162115/03_figure3_final/logs/run_GRCh38.p14_chr1_k21_w10_threads1_repeat3.log
final_release_formal,GRCh38.p14_chr1,$KSSD_RELEASE_HOST/seq/human/GCF_000001405.40_GRCh38.p14_genomic.fna,3339739109,df6e4918316e05a9cc1fd29c352841d3678b607d7a436819cd43371b52c814c0,705,21,10,3,42,XXH64,1,1,1,4.485130564000,51387797.905000,51.387797905000,230481012,18475410,230480992,230480983,230480983,230480983,1359048515777232336,45768487004821880,strict_less_than_leftmost,false,1024,$KSSD_RELEASE_HOST/KSSD-Array-formal-results/final-validation-20260731-162115/03_figure3_final/logs/run_GRCh38.p14_chr1_k21_w10_threads1_repeat3.log
final_release_formal,GRCh38.p14_chr1,$KSSD_RELEASE_HOST/seq/human/GCF_000001405.40_GRCh38.p14_genomic.fna,3339739109,df6e4918316e05a9cc1fd29c352841d3678b607d7a436819cd43371b52c814c0,705,21,10,3,42,MurmurHash3,1,1,1,2.977319482000,77412244.267000,77.412244267000,230481012,18475410,230480992,230480983,230480983,230480983,363051744283573300,5851085943704754568,strict_less_than_leftmost,false,1024,$KSSD_RELEASE_HOST/KSSD-Array-formal-results/final-validation-20260731-162115/03_figure3_final/logs/run_GRCh38.p14_chr1_k21_w10_threads1_repeat3.log
final_release_formal,GRCh38.p14_chr1,$KSSD_RELEASE_HOST/seq/human/GCF_000001405.40_GRCh38.p14_genomic.fna,3339739109,df6e4918316e05a9cc1fd29c352841d3678b607d7a436819cd43371b52c814c0,705,21,10,3,42,wyhash,1,1,1,2.720367068000,84724221.856000,84.724221856000,230481012,18475410,230480992,230480983,230480983,230480983,786380710371532391,6919459542452842976,strict_less_than_leftmost,false,1024,$KSSD_RELEASE_HOST/KSSD-Array-formal-results/final-validation-20260731-162115/03_figure3_final/logs/run_GRCh38.p14_chr1_k21_w10_threads1_repeat3.log
final_release_formal,GRCh38.p14_chr1,$KSSD_RELEASE_HOST/seq/human/GCF_000001405.40_GRCh38.p14_genomic.fna,3339739109,df6e4918316e05a9cc1fd29c352841d3678b607d7a436819cd43371b52c814c0,705,21,10,4,42,KSSD-Array,1,1,1,2.061541731000,111800299.521000,111.800299521000,230481012,18475410,230480992,230480983,230480983,230480983,188661062253,230119026841864682,strict_less_than_leftmost,false,1024,$KSSD_RELEASE_HOST/KSSD-Array-formal-results/final-validation-20260731-162115/03_figure3_final/logs/run_GRCh38.p14_chr1_k21_w10_threads1_repeat4.log
final_release_formal,GRCh38.p14_chr1,$KSSD_RELEASE_HOST/seq/human/GCF_000001405.40_GRCh38.p14_genomic.fna,3339739109,df6e4918316e05a9cc1fd29c352841d3678b607d7a436819cd43371b52c814c0,705,21,10,4,42,XXH3,1,1,1,3.961064012000,58186634.273000,58.186634273000,230481012,18475410,230480992,230480983,230480983,230480983,775743263796053414,9662162474064076447,strict_less_than_leftmost,false,1024,$KSSD_RELEASE_HOST/KSSD-Array-formal-results/final-validation-20260731-162115/03_figure3_final/logs/run_GRCh38.p14_chr1_k21_w10_threads1_repeat4.log
final_release_formal,GRCh38.p14_chr1,$KSSD_RELEASE_HOST/seq/human/GCF_000001405.40_GRCh38.p14_genomic.fna,3339739109,df6e4918316e05a9cc1fd29c352841d3678b607d7a436819cd43371b52c814c0,705,21,10,4,42,XXH64,1,1,1,4.516265117000,51033537.011000,51.033537011000,230481012,18475410,230480992,230480983,230480983,230480983,1359048515777232336,45768487004821880,strict_less_than_leftmost,false,1024,$KSSD_RELEASE_HOST/KSSD-Array-formal-results/final-validation-20260731-162115/03_figure3_final/logs/run_GRCh38.p14_chr1_k21_w10_threads1_repeat4.log
final_release_formal,GRCh38.p14_chr1,$KSSD_RELEASE_HOST/seq/human/GCF_000001405.40_GRCh38.p14_genomic.fna,3339739109,df6e4918316e05a9cc1fd29c352841d3678b607d7a436819cd43371b52c814c0,705,21,10,4,42,MurmurHash3,1,1,1,2.976392673000,77436349.407000,77.436349407000,230481012,18475410,230480992,230480983,230480983,230480983,363051744283573300,5851085943704754568,strict_less_than_leftmost,false,1024,$KSSD_RELEASE_HOST/KSSD-Array-formal-results/final-validation-20260731-162115/03_figure3_final/logs/run_GRCh38.p14_chr1_k21_w10_threads1_repeat4.log
final_release_formal,GRCh38.p14_chr1,$KSSD_RELEASE_HOST/seq/human/GCF_000001405.40_GRCh38.p14_genomic.fna,3339739109,df6e4918316e05a9cc1fd29c352841d3678b607d7a436819cd43371b52c814c0,705,21,10,4,42,wyhash,1,1,1,2.719031512000,84765837.388000,84.765837388000,230481012,18475410,230480992,230480983,230480983,230480983,786380710371532391,6919459542452842976,strict_less_than_leftmost,false,1024,$KSSD_RELEASE_HOST/KSSD-Array-formal-results/final-validation-20260731-162115/03_figure3_final/logs/run_GRCh38.p14_chr1_k21_w10_threads1_repeat4.log
final_release_formal,GRCh38.p14_chr1,$KSSD_RELEASE_HOST/seq/human/GCF_000001405.40_GRCh38.p14_genomic.fna,3339739109,df6e4918316e05a9cc1fd29c352841d3678b607d7a436819cd43371b52c814c0,705,21,10,5,42,KSSD-Array,1,1,1,2.061615644000,111796291.259000,111.796291259000,230481012,18475410,230480992,230480983,230480983,230480983,188661062253,230119026841864682,strict_less_than_leftmost,false,1024,$KSSD_RELEASE_HOST/KSSD-Array-formal-results/final-validation-20260731-162115/03_figure3_final/logs/run_GRCh38.p14_chr1_k21_w10_threads1_repeat5.log
final_release_formal,GRCh38.p14_chr1,$KSSD_RELEASE_HOST/seq/human/GCF_000001405.40_GRCh38.p14_genomic.fna,3339739109,df6e4918316e05a9cc1fd29c352841d3678b607d7a436819cd43371b52c814c0,705,21,10,5,42,XXH3,1,1,1,3.947794078000,58382220.158000,58.382220158000,230481012,18475410,230480992,230480983,230480983,230480983,775743263796053414,9662162474064076447,strict_less_than_leftmost,false,1024,$KSSD_RELEASE_HOST/KSSD-Array-formal-results/final-validation-20260731-162115/03_figure3_final/logs/run_GRCh38.p14_chr1_k21_w10_threads1_repeat5.log
final_release_formal,GRCh38.p14_chr1,$KSSD_RELEASE_HOST/seq/human/GCF_000001405.40_GRCh38.p14_genomic.fna,3339739109,df6e4918316e05a9cc1fd29c352841d3678b607d7a436819cd43371b52c814c0,705,21,10,5,42,XXH64,1,1,1,4.554144033000,50609067.550000,50.609067550000,230481012,18475410,230480992,230480983,230480983,230480983,1359048515777232336,45768487004821880,strict_less_than_leftmost,false,1024,$KSSD_RELEASE_HOST/KSSD-Array-formal-results/final-validation-20260731-162115/03_figure3_final/logs/run_GRCh38.p14_chr1_k21_w10_threads1_repeat5.log
final_release_formal,GRCh38.p14_chr1,$KSSD_RELEASE_HOST/seq/human/GCF_000001405.40_GRCh38.p14_genomic.fna,3339739109,df6e4918316e05a9cc1fd29c352841d3678b607d7a436819cd43371b52c814c0,705,21,10,5,42,MurmurHash3,1,1,1,2.976348810000,77437490.601000,77.437490601000,230481012,18475410,230480992,230480983,230480983,230480983,363051744283573300,5851085943704754568,strict_less_than_leftmost,false,1024,$KSSD_RELEASE_HOST/KSSD-Array-formal-results/final-validation-20260731-162115/03_figure3_final/logs/run_GRCh38.p14_chr1_k21_w10_threads1_repeat5.log
final_release_formal,GRCh38.p14_chr1,$KSSD_RELEASE_HOST/seq/human/GCF_000001405.40_GRCh38.p14_genomic.fna,3339739109,df6e4918316e05a9cc1fd29c352841d3678b607d7a436819cd43371b52c814c0,705,21,10,5,42,wyhash,1,1,1,2.720554584000,84718382.184000,84.718382184000,230481012,18475410,230480992,230480983,230480983,230480983,786380710371532391,6919459542452842976,strict_less_than_leftmost,false,1024,$KSSD_RELEASE_HOST/KSSD-Array-formal-results/final-validation-20260731-162115/03_figure3_final/logs/run_GRCh38.p14_chr1_k21_w10_threads1_repeat5.log
final_release_formal,GRCh38.p14_chr1,$KSSD_RELEASE_HOST/seq/human/GCF_000001405.40_GRCh38.p14_genomic.fna,3339739109,df6e4918316e05a9cc1fd29c352841d3678b607d7a436819cd43371b52c814c0,705,21,10,1,42,KSSD-Array,2,2,2,1.036751703000,222310686.670000,222.310686670000,230481012,18475410,230480992,230480983,230480983,230480983,188661062253,230119026841864682,strict_less_than_leftmost,false,1024,$KSSD_RELEASE_HOST/KSSD-Array-formal-results/final-validation-20260731-162115/03_figure3_final/logs/run_GRCh38.p14_chr1_k21_w10_threads2_repeat1.log
final_release_formal,GRCh38.p14_chr1,$KSSD_RELEASE_HOST/seq/human/GCF_000001405.40_GRCh38.p14_genomic.fna,3339739109,df6e4918316e05a9cc1fd29c352841d3678b607d7a436819cd43371b52c814c0,705,21,10,1,42,XXH3,2,2,2,1.978729004000,116479306.936000,116.479306936000,230481012,18475410,230480992,230480983,230480983,230480983,775743263796053414,9662162474064076447,strict_less_than_leftmost,false,1024,$KSSD_RELEASE_HOST/KSSD-Array-formal-results/final-validation-20260731-162115/03_figure3_final/logs/run_GRCh38.p14_chr1_k21_w10_threads2_repeat1.log
final_release_formal,GRCh38.p14_chr1,$KSSD_RELEASE_HOST/seq/human/GCF_000001405.40_GRCh38.p14_genomic.fna,3339739109,df6e4918316e05a9cc1fd29c352841d3678b607d7a436819cd43371b52c814c0,705,21,10,1,42,XXH64,2,2,2,2.267869825000,101628841.505000,101.628841505000,230481012,18475410,230480992,230480983,230480983,230480983,1359048515777232336,45768487004821880,strict_less_than_leftmost,false,1024,$KSSD_RELEASE_HOST/KSSD-Array-formal-results/final-validation-20260731-162115/03_figure3_final/logs/run_GRCh38.p14_chr1_k21_w10_threads2_repeat1.log
final_release_formal,GRCh38.p14_chr1,$KSSD_RELEASE_HOST/seq/human/GCF_000001405.40_GRCh38.p14_genomic.fna,3339739109,df6e4918316e05a9cc1fd29c352841d3678b607d7a436819cd43371b52c814c0,705,21,10,1,42,MurmurHash3,2,2,2,1.492088046000,154468755.123000,154.468755123000,230481012,18475410,230480992,230480983,230480983,230480983,363051744283573300,5851085943704754568,strict_less_than_leftmost,false,1024,$KSSD_RELEASE_HOST/KSSD-Array-formal-results/final-validation-20260731-162115/03_figure3_final/logs/run_GRCh38.p14_chr1_k21_w10_threads2_repeat1.log
final_release_formal,GRCh38.p14_chr1,$KSSD_RELEASE_HOST/seq/human/GCF_000001405.40_GRCh38.p14_genomic.fna,3339739109,df6e4918316e05a9cc1fd29c352841d3678b607d7a436819cd43371b52c814c0,705,21,10,1,42,wyhash,2,2,2,1.364268215000,168941107.376000,168.941107376000,230481012,18475410,230480992,230480983,230480983,230480983,786380710371532391,6919459542452842976,strict_less_than_leftmost,false,1024,$KSSD_RELEASE_HOST/KSSD-Array-formal-results/final-validation-20260731-162115/03_figure3_final/logs/run_GRCh38.p14_chr1_k21_w10_threads2_repeat1.log
final_release_formal,GRCh38.p14_chr1,$KSSD_RELEASE_HOST/seq/human/GCF_000001405.40_GRCh38.p14_genomic.fna,3339739109,df6e4918316e05a9cc1fd29c352841d3678b607d7a436819cd43371b52c814c0,705,21,10,2,42,KSSD-Array,2,2,2,1.036125924000,222444953.515000,222.444953515000,230481012,18475410,230480992,230480983,230480983,230480983,188661062253,230119026841864682,strict_less_than_leftmost,false,1024,$KSSD_RELEASE_HOST/KSSD-Array-formal-results/final-validation-20260731-162115/03_figure3_final/logs/run_GRCh38.p14_chr1_k21_w10_threads2_repeat2.log
final_release_formal,GRCh38.p14_chr1,$KSSD_RELEASE_HOST/seq/human/GCF_000001405.40_GRCh38.p14_genomic.fna,3339739109,df6e4918316e05a9cc1fd29c352841d3678b607d7a436819cd43371b52c814c0,705,21,10,2,42,XXH3,2,2,2,1.979351079000,116442699.552000,116.442699552000,230481012,18475410,230480992,230480983,230480983,230480983,775743263796053414,9662162474064076447,strict_less_than_leftmost,false,1024,$KSSD_RELEASE_HOST/KSSD-Array-formal-results/final-validation-20260731-162115/03_figure3_final/logs/run_GRCh38.p14_chr1_k21_w10_threads2_repeat2.log
final_release_formal,GRCh38.p14_chr1,$KSSD_RELEASE_HOST/seq/human/GCF_000001405.40_GRCh38.p14_genomic.fna,3339739109,df6e4918316e05a9cc1fd29c352841d3678b607d7a436819cd43371b52c814c0,705,21,10,2,42,XXH64,2,2,2,2.247177632000,102564648.080000,102.564648080000,230481012,18475410,230480992,230480983,230480983,230480983,1359048515777232336,45768487004821880,strict_less_than_leftmost,false,1024,$KSSD_RELEASE_HOST/KSSD-Array-formal-results/final-validation-20260731-162115/03_figure3_final/logs/run_GRCh38.p14_chr1_k21_w10_threads2_repeat2.log
final_release_formal,GRCh38.p14_chr1,$KSSD_RELEASE_HOST/seq/human/GCF_000001405.40_GRCh38.p14_genomic.fna,3339739109,df6e4918316e05a9cc1fd29c352841d3678b607d7a436819cd43371b52c814c0,705,21,10,2,42,MurmurHash3,2,2,2,1.492930074000,154381633.148000,154.381633148000,230481012,18475410,230480992,230480983,230480983,230480983,363051744283573300,5851085943704754568,strict_less_than_leftmost,false,1024,$KSSD_RELEASE_HOST/KSSD-Array-formal-results/final-validation-20260731-162115/03_figure3_final/logs/run_GRCh38.p14_chr1_k21_w10_threads2_repeat2.log
final_release_formal,GRCh38.p14_chr1,$KSSD_RELEASE_HOST/seq/human/GCF_000001405.40_GRCh38.p14_genomic.fna,3339739109,df6e4918316e05a9cc1fd29c352841d3678b607d7a436819cd43371b52c814c0,705,21,10,2,42,wyhash,2,2,2,1.364435039000,168920451.624000,168.920451624000,230481012,18475410,230480992,230480983,230480983,230480983,786380710371532391,6919459542452842976,strict_less_than_leftmost,false,1024,$KSSD_RELEASE_HOST/KSSD-Array-formal-results/final-validation-20260731-162115/03_figure3_final/logs/run_GRCh38.p14_chr1_k21_w10_threads2_repeat2.log
final_release_formal,GRCh38.p14_chr1,$KSSD_RELEASE_HOST/seq/human/GCF_000001405.40_GRCh38.p14_genomic.fna,3339739109,df6e4918316e05a9cc1fd29c352841d3678b607d7a436819cd43371b52c814c0,705,21,10,3,42,KSSD-Array,2,2,2,1.036516427000,222361148.358000,222.361148358000,230481012,18475410,230480992,230480983,230480983,230480983,188661062253,230119026841864682,strict_less_than_leftmost,false,1024,$KSSD_RELEASE_HOST/KSSD-Array-formal-results/final-validation-20260731-162115/03_figure3_final/logs/run_GRCh38.p14_chr1_k21_w10_threads2_repeat3.log
final_release_formal,GRCh38.p14_chr1,$KSSD_RELEASE_HOST/seq/human/GCF_000001405.40_GRCh38.p14_genomic.fna,3339739109,df6e4918316e05a9cc1fd29c352841d3678b607d7a436819cd43371b52c814c0,705,21,10,3,42,XXH3,2,2,2,1.973344482000,116797135.575000,116.797135575000,230481012,18475410,230480992,230480983,230480983,230480983,775743263796053414,9662162474064076447,strict_less_than_leftmost,false,1024,$KSSD_RELEASE_HOST/KSSD-Array-formal-results/final-validation-20260731-162115/03_figure3_final/logs/run_GRCh38.p14_chr1_k21_w10_threads2_repeat3.log
final_release_formal,GRCh38.p14_chr1,$KSSD_RELEASE_HOST/seq/human/GCF_000001405.40_GRCh38.p14_genomic.fna,3339739109,df6e4918316e05a9cc1fd29c352841d3678b607d7a436819cd43371b52c814c0,705,21,10,3,42,XXH64,2,2,2,2.247689049000,102541311.532000,102.541311532000,230481012,18475410,230480992,230480983,230480983,230480983,1359048515777232336,45768487004821880,strict_less_than_leftmost,false,1024,$KSSD_RELEASE_HOST/KSSD-Array-formal-results/final-validation-20260731-162115/03_figure3_final/logs/run_GRCh38.p14_chr1_k21_w10_threads2_repeat3.log
final_release_formal,GRCh38.p14_chr1,$KSSD_RELEASE_HOST/seq/human/GCF_000001405.40_GRCh38.p14_genomic.fna,3339739109,df6e4918316e05a9cc1fd29c352841d3678b607d7a436819cd43371b52c814c0,705,21,10,3,42,MurmurHash3,2,2,2,1.492638135000,154411828.022000,154.411828022000,230481012,18475410,230480992,230480983,230480983,230480983,363051744283573300,5851085943704754568,strict_less_than_leftmost,false,1024,$KSSD_RELEASE_HOST/KSSD-Array-formal-results/final-validation-20260731-162115/03_figure3_final/logs/run_GRCh38.p14_chr1_k21_w10_threads2_repeat3.log
final_release_formal,GRCh38.p14_chr1,$KSSD_RELEASE_HOST/seq/human/GCF_000001405.40_GRCh38.p14_genomic.fna,3339739109,df6e4918316e05a9cc1fd29c352841d3678b607d7a436819cd43371b52c814c0,705,21,10,3,42,wyhash,2,2,2,1.364104430000,168961391.761000,168.961391761000,230481012,18475410,230480992,230480983,230480983,230480983,786380710371532391,6919459542452842976,strict_less_than_leftmost,false,1024,$KSSD_RELEASE_HOST/KSSD-Array-formal-results/final-validation-20260731-162115/03_figure3_final/logs/run_GRCh38.p14_chr1_k21_w10_threads2_repeat3.log
final_release_formal,GRCh38.p14_chr1,$KSSD_RELEASE_HOST/seq/human/GCF_000001405.40_GRCh38.p14_genomic.fna,3339739109,df6e4918316e05a9cc1fd29c352841d3678b607d7a436819cd43371b52c814c0,705,21,10,4,42,KSSD-Array,2,2,2,1.038215672000,221997210.422000,221.997210422000,230481012,18475410,230480992,230480983,230480983,230480983,188661062253,230119026841864682,strict_less_than_leftmost,false,1024,$KSSD_RELEASE_HOST/KSSD-Array-formal-results/final-validation-20260731-162115/03_figure3_final/logs/run_GRCh38.p14_chr1_k21_w10_threads2_repeat4.log
final_release_formal,GRCh38.p14_chr1,$KSSD_RELEASE_HOST/seq/human/GCF_000001405.40_GRCh38.p14_genomic.fna,3339739109,df6e4918316e05a9cc1fd29c352841d3678b607d7a436819cd43371b52c814c0,705,21,10,4,42,XXH3,2,2,2,1.981059426000,116342286.342000,116.342286342000,230481012,18475410,230480992,230480983,230480983,230480983,775743263796053414,9662162474064076447,strict_less_than_leftmost,false,1024,$KSSD_RELEASE_HOST/KSSD-Array-formal-results/final-validation-20260731-162115/03_figure3_final/logs/run_GRCh38.p14_chr1_k21_w10_threads2_repeat4.log
final_release_formal,GRCh38.p14_chr1,$KSSD_RELEASE_HOST/seq/human/GCF_000001405.40_GRCh38.p14_genomic.fna,3339739109,df6e4918316e05a9cc1fd29c352841d3678b607d7a436819cd43371b52c814c0,705,21,10,4,42,XXH64,2,2,2,2.251499231000,102367782.243000,102.367782243000,230481012,18475410,230480992,230480983,230480983,230480983,1359048515777232336,45768487004821880,strict_less_than_leftmost,false,1024,$KSSD_RELEASE_HOST/KSSD-Array-formal-results/final-validation-20260731-162115/03_figure3_final/logs/run_GRCh38.p14_chr1_k21_w10_threads2_repeat4.log
final_release_formal,GRCh38.p14_chr1,$KSSD_RELEASE_HOST/seq/human/GCF_000001405.40_GRCh38.p14_genomic.fna,3339739109,df6e4918316e05a9cc1fd29c352841d3678b607d7a436819cd43371b52c814c0,705,21,10,4,42,MurmurHash3,2,2,2,1.493350441000,154338175.871000,154.338175871000,230481012,18475410,230480992,230480983,230480983,230480983,363051744283573300,5851085943704754568,strict_less_than_leftmost,false,1024,$KSSD_RELEASE_HOST/KSSD-Array-formal-results/final-validation-20260731-162115/03_figure3_final/logs/run_GRCh38.p14_chr1_k21_w10_threads2_repeat4.log
final_release_formal,GRCh38.p14_chr1,$KSSD_RELEASE_HOST/seq/human/GCF_000001405.40_GRCh38.p14_genomic.fna,3339739109,df6e4918316e05a9cc1fd29c352841d3678b607d7a436819cd43371b52c814c0,705,21,10,4,42,wyhash,2,2,2,1.365535736000,168784292.438000,168.784292438000,230481012,18475410,230480992,230480983,230480983,230480983,786380710371532391,6919459542452842976,strict_less_than_leftmost,false,1024,$KSSD_RELEASE_HOST/KSSD-Array-formal-results/final-validation-20260731-162115/03_figure3_final/logs/run_GRCh38.p14_chr1_k21_w10_threads2_repeat4.log
final_release_formal,GRCh38.p14_chr1,$KSSD_RELEASE_HOST/seq/human/GCF_000001405.40_GRCh38.p14_genomic.fna,3339739109,df6e4918316e05a9cc1fd29c352841d3678b607d7a436819cd43371b52c814c0,705,21,10,5,42,KSSD-Array,2,2,2,1.043627256000,220846074.760000,220.846074760000,230481012,18475410,230480992,230480983,230480983,230480983,188661062253,230119026841864682,strict_less_than_leftmost,false,1024,$KSSD_RELEASE_HOST/KSSD-Array-formal-results/final-validation-20260731-162115/03_figure3_final/logs/run_GRCh38.p14_chr1_k21_w10_threads2_repeat5.log
final_release_formal,GRCh38.p14_chr1,$KSSD_RELEASE_HOST/seq/human/GCF_000001405.40_GRCh38.p14_genomic.fna,3339739109,df6e4918316e05a9cc1fd29c352841d3678b607d7a436819cd43371b52c814c0,705,21,10,5,42,XXH3,2,2,2,1.979368844000,116441654.469000,116.441654469000,230481012,18475410,230480992,230480983,230480983,230480983,775743263796053414,9662162474064076447,strict_less_than_leftmost,false,1024,$KSSD_RELEASE_HOST/KSSD-Array-formal-results/final-validation-20260731-162115/03_figure3_final/logs/run_GRCh38.p14_chr1_k21_w10_threads2_repeat5.log
final_release_formal,GRCh38.p14_chr1,$KSSD_RELEASE_HOST/seq/human/GCF_000001405.40_GRCh38.p14_genomic.fna,3339739109,df6e4918316e05a9cc1fd29c352841d3678b607d7a436819cd43371b52c814c0,705,21,10,5,42,XXH64,2,2,2,2.252752007000,102310854.583000,102.310854583000,230481012,18475410,230480992,230480983,230480983,230480983,1359048515777232336,45768487004821880,strict_less_than_leftmost,false,1024,$KSSD_RELEASE_HOST/KSSD-Array-formal-results/final-validation-20260731-162115/03_figure3_final/logs/run_GRCh38.p14_chr1_k21_w10_threads2_repeat5.log
final_release_formal,GRCh38.p14_chr1,$KSSD_RELEASE_HOST/seq/human/GCF_000001405.40_GRCh38.p14_genomic.fna,3339739109,df6e4918316e05a9cc1fd29c352841d3678b607d7a436819cd43371b52c814c0,705,21,10,5,42,MurmurHash3,2,2,2,1.493397426000,154333320.111000,154.333320111000,230481012,18475410,230480992,230480983,230480983,230480983,363051744283573300,5851085943704754568,strict_less_than_leftmost,false,1024,$KSSD_RELEASE_HOST/KSSD-Array-formal-results/final-validation-20260731-162115/03_figure3_final/logs/run_GRCh38.p14_chr1_k21_w10_threads2_repeat5.log
final_release_formal,GRCh38.p14_chr1,$KSSD_RELEASE_HOST/seq/human/GCF_000001405.40_GRCh38.p14_genomic.fna,3339739109,df6e4918316e05a9cc1fd29c352841d3678b607d7a436819cd43371b52c814c0,705,21,10,5,42,wyhash,2,2,2,1.364122904000,168959103.556000,168.959103556000,230481012,18475410,230480992,230480983,230480983,230480983,786380710371532391,6919459542452842976,strict_less_than_leftmost,false,1024,$KSSD_RELEASE_HOST/KSSD-Array-formal-results/final-validation-20260731-162115/03_figure3_final/logs/run_GRCh38.p14_chr1_k21_w10_threads2_repeat5.log
final_release_formal,GRCh38.p14_chr1,$KSSD_RELEASE_HOST/seq/human/GCF_000001405.40_GRCh38.p14_genomic.fna,3339739109,df6e4918316e05a9cc1fd29c352841d3678b607d7a436819cd43371b52c814c0,705,21,10,1,42,KSSD-Array,4,4,4,0.528713560000,435927883.143000,435.927883143000,230481012,18475410,230480992,230480983,230480983,230480983,188661062253,230119026841864682,strict_less_than_leftmost,false,1024,$KSSD_RELEASE_HOST/KSSD-Array-formal-results/final-validation-20260731-162115/03_figure3_final/logs/run_GRCh38.p14_chr1_k21_w10_threads4_repeat1.log
final_release_formal,GRCh38.p14_chr1,$KSSD_RELEASE_HOST/seq/human/GCF_000001405.40_GRCh38.p14_genomic.fna,3339739109,df6e4918316e05a9cc1fd29c352841d3678b607d7a436819cd43371b52c814c0,705,21,10,1,42,XXH3,4,4,4,0.991508332000,232454912.946000,232.454912946000,230481012,18475410,230480992,230480983,230480983,230480983,775743263796053414,9662162474064076447,strict_less_than_leftmost,false,1024,$KSSD_RELEASE_HOST/KSSD-Array-formal-results/final-validation-20260731-162115/03_figure3_final/logs/run_GRCh38.p14_chr1_k21_w10_threads4_repeat1.log
final_release_formal,GRCh38.p14_chr1,$KSSD_RELEASE_HOST/seq/human/GCF_000001405.40_GRCh38.p14_genomic.fna,3339739109,df6e4918316e05a9cc1fd29c352841d3678b607d7a436819cd43371b52c814c0,705,21,10,1,42,XXH64,4,4,4,1.123514263000,205142907.919000,205.142907919000,230481012,18475410,230480992,230480983,230480983,230480983,1359048515777232336,45768487004821880,strict_less_than_leftmost,false,1024,$KSSD_RELEASE_HOST/KSSD-Array-formal-results/final-validation-20260731-162115/03_figure3_final/logs/run_GRCh38.p14_chr1_k21_w10_threads4_repeat1.log
final_release_formal,GRCh38.p14_chr1,$KSSD_RELEASE_HOST/seq/human/GCF_000001405.40_GRCh38.p14_genomic.fna,3339739109,df6e4918316e05a9cc1fd29c352841d3678b607d7a436819cd43371b52c814c0,705,21,10,1,42,MurmurHash3,4,4,4,0.746751227000,308644933.770000,308.644933770000,230481012,18475410,230480992,230480983,230480983,230480983,363051744283573300,5851085943704754568,strict_less_than_leftmost,false,1024,$KSSD_RELEASE_HOST/KSSD-Array-formal-results/final-validation-20260731-162115/03_figure3_final/logs/run_GRCh38.p14_chr1_k21_w10_threads4_repeat1.log
final_release_formal,GRCh38.p14_chr1,$KSSD_RELEASE_HOST/seq/human/GCF_000001405.40_GRCh38.p14_genomic.fna,3339739109,df6e4918316e05a9cc1fd29c352841d3678b607d7a436819cd43371b52c814c0,705,21,10,1,42,wyhash,4,4,4,0.682296635000,337801729.009000,337.801729009000,230481012,18475410,230480992,230480983,230480983,230480983,786380710371532391,6919459542452842976,strict_less_than_leftmost,false,1024,$KSSD_RELEASE_HOST/KSSD-Array-formal-results/final-validation-20260731-162115/03_figure3_final/logs/run_GRCh38.p14_chr1_k21_w10_threads4_repeat1.log
final_release_formal,GRCh38.p14_chr1,$KSSD_RELEASE_HOST/seq/human/GCF_000001405.40_GRCh38.p14_genomic.fna,3339739109,df6e4918316e05a9cc1fd29c352841d3678b607d7a436819cd43371b52c814c0,705,21,10,2,42,KSSD-Array,4,4,4,0.527019952000,437328761.701000,437.328761701000,230481012,18475410,230480992,230480983,230480983,230480983,188661062253,230119026841864682,strict_less_than_leftmost,false,1024,$KSSD_RELEASE_HOST/KSSD-Array-formal-results/final-validation-20260731-162115/03_figure3_final/logs/run_GRCh38.p14_chr1_k21_w10_threads4_repeat2.log
final_release_formal,GRCh38.p14_chr1,$KSSD_RELEASE_HOST/seq/human/GCF_000001405.40_GRCh38.p14_genomic.fna,3339739109,df6e4918316e05a9cc1fd29c352841d3678b607d7a436819cd43371b52c814c0,705,21,10,2,42,XXH3,4,4,4,0.993429023000,232005485.710000,232.005485710000,230481012,18475410,230480992,230480983,230480983,230480983,775743263796053414,9662162474064076447,strict_less_than_leftmost,false,1024,$KSSD_RELEASE_HOST/KSSD-Array-formal-results/final-validation-20260731-162115/03_figure3_final/logs/run_GRCh38.p14_chr1_k21_w10_threads4_repeat2.log
final_release_formal,GRCh38.p14_chr1,$KSSD_RELEASE_HOST/seq/human/GCF_000001405.40_GRCh38.p14_genomic.fna,3339739109,df6e4918316e05a9cc1fd29c352841d3678b607d7a436819cd43371b52c814c0,705,21,10,2,42,XXH64,4,4,4,1.120315501000,205728638.758000,205.728638758000,230481012,18475410,230480992,230480983,230480983,230480983,1359048515777232336,45768487004821880,strict_less_than_leftmost,false,1024,$KSSD_RELEASE_HOST/KSSD-Array-formal-results/final-validation-20260731-162115/03_figure3_final/logs/run_GRCh38.p14_chr1_k21_w10_threads4_repeat2.log
final_release_formal,GRCh38.p14_chr1,$KSSD_RELEASE_HOST/seq/human/GCF_000001405.40_GRCh38.p14_genomic.fna,3339739109,df6e4918316e05a9cc1fd29c352841d3678b607d7a436819cd43371b52c814c0,705,21,10,2,42,MurmurHash3,4,4,4,0.748247291000,308027821.513000,308.027821513000,230481012,18475410,230480992,230480983,230480983,230480983,363051744283573300,5851085943704754568,strict_less_than_leftmost,false,1024,$KSSD_RELEASE_HOST/KSSD-Array-formal-results/final-validation-20260731-162115/03_figure3_final/logs/run_GRCh38.p14_chr1_k21_w10_threads4_repeat2.log
final_release_formal,GRCh38.p14_chr1,$KSSD_RELEASE_HOST/seq/human/GCF_000001405.40_GRCh38.p14_genomic.fna,3339739109,df6e4918316e05a9cc1fd29c352841d3678b607d7a436819cd43371b52c814c0,705,21,10,2,42,wyhash,4,4,4,0.682357852000,337771423.491000,337.771423491000,230481012,18475410,230480992,230480983,230480983,230480983,786380710371532391,6919459542452842976,strict_less_than_leftmost,false,1024,$KSSD_RELEASE_HOST/KSSD-Array-formal-results/final-validation-20260731-162115/03_figure3_final/logs/run_GRCh38.p14_chr1_k21_w10_threads4_repeat2.log
final_release_formal,GRCh38.p14_chr1,$KSSD_RELEASE_HOST/seq/human/GCF_000001405.40_GRCh38.p14_genomic.fna,3339739109,df6e4918316e05a9cc1fd29c352841d3678b607d7a436819cd43371b52c814c0,705,21,10,3,42,KSSD-Array,4,4,4,0.526558134000,437712321.048000,437.712321048000,230481012,18475410,230480992,230480983,230480983,230480983,188661062253,230119026841864682,strict_less_than_leftmost,false,1024,$KSSD_RELEASE_HOST/KSSD-Array-formal-results/final-validation-20260731-162115/03_figure3_final/logs/run_GRCh38.p14_chr1_k21_w10_threads4_repeat3.log
final_release_formal,GRCh38.p14_chr1,$KSSD_RELEASE_HOST/seq/human/GCF_000001405.40_GRCh38.p14_genomic.fna,3339739109,df6e4918316e05a9cc1fd29c352841d3678b607d7a436819cd43371b52c814c0,705,21,10,3,42,XXH3,4,4,4,0.989050649000,233032538.054000,233.032538054000,230481012,18475410,230480992,230480983,230480983,230480983,775743263796053414,9662162474064076447,strict_less_than_leftmost,false,1024,$KSSD_RELEASE_HOST/KSSD-Array-formal-results/final-validation-20260731-162115/03_figure3_final/logs/run_GRCh38.p14_chr1_k21_w10_threads4_repeat3.log
final_release_formal,GRCh38.p14_chr1,$KSSD_RELEASE_HOST/seq/human/GCF_000001405.40_GRCh38.p14_genomic.fna,3339739109,df6e4918316e05a9cc1fd29c352841d3678b607d7a436819cd43371b52c814c0,705,21,10,3,42,XXH64,4,4,4,1.131920980000,203619322.437000,203.619322437000,230481012,18475410,230480992,230480983,230480983,230480983,1359048515777232336,45768487004821880,strict_less_than_leftmost,false,1024,$KSSD_RELEASE_HOST/KSSD-Array-formal-results/final-validation-20260731-162115/03_figure3_final/logs/run_GRCh38.p14_chr1_k21_w10_threads4_repeat3.log
final_release_formal,GRCh38.p14_chr1,$KSSD_RELEASE_HOST/seq/human/GCF_000001405.40_GRCh38.p14_genomic.fna,3339739109,df6e4918316e05a9cc1fd29c352841d3678b607d7a436819cd43371b52c814c0,705,21,10,3,42,MurmurHash3,4,4,4,0.746831999000,308611552.944000,308.611552944000,230481012,18475410,230480992,230480983,230480983,230480983,363051744283573300,5851085943704754568,strict_less_than_leftmost,false,1024,$KSSD_RELEASE_HOST/KSSD-Array-formal-results/final-validation-20260731-162115/03_figure3_final/logs/run_GRCh38.p14_chr1_k21_w10_threads4_repeat3.log
final_release_formal,GRCh38.p14_chr1,$KSSD_RELEASE_HOST/seq/human/GCF_000001405.40_GRCh38.p14_genomic.fna,3339739109,df6e4918316e05a9cc1fd29c352841d3678b607d7a436819cd43371b52c814c0,705,21,10,3,42,wyhash,4,4,4,0.684958386000,336489030.153000,336.489030153000,230481012,18475410,230480992,230480983,230480983,230480983,786380710371532391,6919459542452842976,strict_less_than_leftmost,false,1024,$KSSD_RELEASE_HOST/KSSD-Array-formal-results/final-validation-20260731-162115/03_figure3_final/logs/run_GRCh38.p14_chr1_k21_w10_threads4_repeat3.log
final_release_formal,GRCh38.p14_chr1,$KSSD_RELEASE_HOST/seq/human/GCF_000001405.40_GRCh38.p14_genomic.fna,3339739109,df6e4918316e05a9cc1fd29c352841d3678b607d7a436819cd43371b52c814c0,705,21,10,4,42,KSSD-Array,4,4,4,0.526091064000,438100927.333000,438.100927333000,230481012,18475410,230480992,230480983,230480983,230480983,188661062253,230119026841864682,strict_less_than_leftmost,false,1024,$KSSD_RELEASE_HOST/KSSD-Array-formal-results/final-validation-20260731-162115/03_figure3_final/logs/run_GRCh38.p14_chr1_k21_w10_threads4_repeat4.log
final_release_formal,GRCh38.p14_chr1,$KSSD_RELEASE_HOST/seq/human/GCF_000001405.40_GRCh38.p14_genomic.fna,3339739109,df6e4918316e05a9cc1fd29c352841d3678b607d7a436819cd43371b52c814c0,705,21,10,4,42,XXH3,4,4,4,0.993154768000,232069552.930000,232.069552930000,230481012,18475410,230480992,230480983,230480983,230480983,775743263796053414,9662162474064076447,strict_less_than_leftmost,false,1024,$KSSD_RELEASE_HOST/KSSD-Array-formal-results/final-validation-20260731-162115/03_figure3_final/logs/run_GRCh38.p14_chr1_k21_w10_threads4_repeat4.log
final_release_formal,GRCh38.p14_chr1,$KSSD_RELEASE_HOST/seq/human/GCF_000001405.40_GRCh38.p14_genomic.fna,3339739109,df6e4918316e05a9cc1fd29c352841d3678b607d7a436819cd43371b52c814c0,705,21,10,4,42,XXH64,4,4,4,1.123080816000,205222081.721000,205.222081721000,230481012,18475410,230480992,230480983,230480983,230480983,1359048515777232336,45768487004821880,strict_less_than_leftmost,false,1024,$KSSD_RELEASE_HOST/KSSD-Array-formal-results/final-validation-20260731-162115/03_figure3_final/logs/run_GRCh38.p14_chr1_k21_w10_threads4_repeat4.log
final_release_formal,GRCh38.p14_chr1,$KSSD_RELEASE_HOST/seq/human/GCF_000001405.40_GRCh38.p14_genomic.fna,3339739109,df6e4918316e05a9cc1fd29c352841d3678b607d7a436819cd43371b52c814c0,705,21,10,4,42,MurmurHash3,4,4,4,0.747101582000,308500194.020000,308.500194020000,230481012,18475410,230480992,230480983,230480983,230480983,363051744283573300,5851085943704754568,strict_less_than_leftmost,false,1024,$KSSD_RELEASE_HOST/KSSD-Array-formal-results/final-validation-20260731-162115/03_figure3_final/logs/run_GRCh38.p14_chr1_k21_w10_threads4_repeat4.log
final_release_formal,GRCh38.p14_chr1,$KSSD_RELEASE_HOST/seq/human/GCF_000001405.40_GRCh38.p14_genomic.fna,3339739109,df6e4918316e05a9cc1fd29c352841d3678b607d7a436819cd43371b52c814c0,705,21,10,4,42,wyhash,4,4,4,0.682837754000,337534035.940000,337.534035940000,230481012,18475410,230480992,230480983,230480983,230480983,786380710371532391,6919459542452842976,strict_less_than_leftmost,false,1024,$KSSD_RELEASE_HOST/KSSD-Array-formal-results/final-validation-20260731-162115/03_figure3_final/logs/run_GRCh38.p14_chr1_k21_w10_threads4_repeat4.log
final_release_formal,GRCh38.p14_chr1,$KSSD_RELEASE_HOST/seq/human/GCF_000001405.40_GRCh38.p14_genomic.fna,3339739109,df6e4918316e05a9cc1fd29c352841d3678b607d7a436819cd43371b52c814c0,705,21,10,5,42,KSSD-Array,4,4,4,0.528815111000,435844169.740000,435.844169740000,230481012,18475410,230480992,230480983,230480983,230480983,188661062253,230119026841864682,strict_less_than_leftmost,false,1024,$KSSD_RELEASE_HOST/KSSD-Array-formal-results/final-validation-20260731-162115/03_figure3_final/logs/run_GRCh38.p14_chr1_k21_w10_threads4_repeat5.log
final_release_formal,GRCh38.p14_chr1,$KSSD_RELEASE_HOST/seq/human/GCF_000001405.40_GRCh38.p14_genomic.fna,3339739109,df6e4918316e05a9cc1fd29c352841d3678b607d7a436819cd43371b52c814c0,705,21,10,5,42,XXH3,4,4,4,0.992463583000,232231173.967000,232.231173967000,230481012,18475410,230480992,230480983,230480983,230480983,775743263796053414,9662162474064076447,strict_less_than_leftmost,false,1024,$KSSD_RELEASE_HOST/KSSD-Array-formal-results/final-validation-20260731-162115/03_figure3_final/logs/run_GRCh38.p14_chr1_k21_w10_threads4_repeat5.log
final_release_formal,GRCh38.p14_chr1,$KSSD_RELEASE_HOST/seq/human/GCF_000001405.40_GRCh38.p14_genomic.fna,3339739109,df6e4918316e05a9cc1fd29c352841d3678b607d7a436819cd43371b52c814c0,705,21,10,5,42,XXH64,4,4,4,1.141765486000,201863680.262000,201.863680262000,230481012,18475410,230480992,230480983,230480983,230480983,1359048515777232336,45768487004821880,strict_less_than_leftmost,false,1024,$KSSD_RELEASE_HOST/KSSD-Array-formal-results/final-validation-20260731-162115/03_figure3_final/logs/run_GRCh38.p14_chr1_k21_w10_threads4_repeat5.log
final_release_formal,GRCh38.p14_chr1,$KSSD_RELEASE_HOST/seq/human/GCF_000001405.40_GRCh38.p14_genomic.fna,3339739109,df6e4918316e05a9cc1fd29c352841d3678b607d7a436819cd43371b52c814c0,705,21,10,5,42,MurmurHash3,4,4,4,0.752980770000,306091459.680000,306.091459680000,230481012,18475410,230480992,230480983,230480983,230480983,363051744283573300,5851085943704754568,strict_less_than_leftmost,false,1024,$KSSD_RELEASE_HOST/KSSD-Array-formal-results/final-validation-20260731-162115/03_figure3_final/logs/run_GRCh38.p14_chr1_k21_w10_threads4_repeat5.log
final_release_formal,GRCh38.p14_chr1,$KSSD_RELEASE_HOST/seq/human/GCF_000001405.40_GRCh38.p14_genomic.fna,3339739109,df6e4918316e05a9cc1fd29c352841d3678b607d7a436819cd43371b52c814c0,705,21,10,5,42,wyhash,4,4,4,0.684085325000,336918472.853000,336.918472853000,230481012,18475410,230480992,230480983,230480983,230480983,786380710371532391,6919459542452842976,strict_less_than_leftmost,false,1024,$KSSD_RELEASE_HOST/KSSD-Array-formal-results/final-validation-20260731-162115/03_figure3_final/logs/run_GRCh38.p14_chr1_k21_w10_threads4_repeat5.log
final_release_formal,GRCh38.p14_chr1,$KSSD_RELEASE_HOST/seq/human/GCF_000001405.40_GRCh38.p14_genomic.fna,3339739109,df6e4918316e05a9cc1fd29c352841d3678b607d7a436819cd43371b52c814c0,705,21,10,1,42,KSSD-Array,8,8,8,0.270468588000,852154347.033000,852.154347033000,230481012,18475410,230480992,230480983,230480983,230480983,188661062253,230119026841864682,strict_less_than_leftmost,false,1024,$KSSD_RELEASE_HOST/KSSD-Array-formal-results/final-validation-20260731-162115/03_figure3_final/logs/run_GRCh38.p14_chr1_k21_w10_threads8_repeat1.log
final_release_formal,GRCh38.p14_chr1,$KSSD_RELEASE_HOST/seq/human/GCF_000001405.40_GRCh38.p14_genomic.fna,3339739109,df6e4918316e05a9cc1fd29c352841d3678b607d7a436819cd43371b52c814c0,705,21,10,1,42,XXH3,8,8,8,0.498069483000,462748654.288000,462.748654288000,230481012,18475410,230480992,230480983,230480983,230480983,775743263796053414,9662162474064076447,strict_less_than_leftmost,false,1024,$KSSD_RELEASE_HOST/KSSD-Array-formal-results/final-validation-20260731-162115/03_figure3_final/logs/run_GRCh38.p14_chr1_k21_w10_threads8_repeat1.log
final_release_formal,GRCh38.p14_chr1,$KSSD_RELEASE_HOST/seq/human/GCF_000001405.40_GRCh38.p14_genomic.fna,3339739109,df6e4918316e05a9cc1fd29c352841d3678b607d7a436819cd43371b52c814c0,705,21,10,1,42,XXH64,8,8,8,0.565350289000,407678190.822000,407.678190822000,230481012,18475410,230480992,230480983,230480983,230480983,1359048515777232336,45768487004821880,strict_less_than_leftmost,false,1024,$KSSD_RELEASE_HOST/KSSD-Array-formal-results/final-validation-20260731-162115/03_figure3_final/logs/run_GRCh38.p14_chr1_k21_w10_threads8_repeat1.log
final_release_formal,GRCh38.p14_chr1,$KSSD_RELEASE_HOST/seq/human/GCF_000001405.40_GRCh38.p14_genomic.fna,3339739109,df6e4918316e05a9cc1fd29c352841d3678b607d7a436819cd43371b52c814c0,705,21,10,1,42,MurmurHash3,8,8,8,0.373651074000,616834793.308000,616.834793308000,230481012,18475410,230480992,230480983,230480983,230480983,363051744283573300,5851085943704754568,strict_less_than_leftmost,false,1024,$KSSD_RELEASE_HOST/KSSD-Array-formal-results/final-validation-20260731-162115/03_figure3_final/logs/run_GRCh38.p14_chr1_k21_w10_threads8_repeat1.log
final_release_formal,GRCh38.p14_chr1,$KSSD_RELEASE_HOST/seq/human/GCF_000001405.40_GRCh38.p14_genomic.fna,3339739109,df6e4918316e05a9cc1fd29c352841d3678b607d7a436819cd43371b52c814c0,705,21,10,1,42,wyhash,8,8,8,0.341321393000,675260876.484000,675.260876484000,230481012,18475410,230480992,230480983,230480983,230480983,786380710371532391,6919459542452842976,strict_less_than_leftmost,false,1024,$KSSD_RELEASE_HOST/KSSD-Array-formal-results/final-validation-20260731-162115/03_figure3_final/logs/run_GRCh38.p14_chr1_k21_w10_threads8_repeat1.log
final_release_formal,GRCh38.p14_chr1,$KSSD_RELEASE_HOST/seq/human/GCF_000001405.40_GRCh38.p14_genomic.fna,3339739109,df6e4918316e05a9cc1fd29c352841d3678b607d7a436819cd43371b52c814c0,705,21,10,2,42,KSSD-Array,8,8,8,0.269950717000,853789112.181000,853.789112181000,230481012,18475410,230480992,230480983,230480983,230480983,188661062253,230119026841864682,strict_less_than_leftmost,false,1024,$KSSD_RELEASE_HOST/KSSD-Array-formal-results/final-validation-20260731-162115/03_figure3_final/logs/run_GRCh38.p14_chr1_k21_w10_threads8_repeat2.log
final_release_formal,GRCh38.p14_chr1,$KSSD_RELEASE_HOST/seq/human/GCF_000001405.40_GRCh38.p14_genomic.fna,3339739109,df6e4918316e05a9cc1fd29c352841d3678b607d7a436819cd43371b52c814c0,705,21,10,2,42,XXH3,8,8,8,0.500762863000,460259735.754000,460.259735754000,230481012,18475410,230480992,230480983,230480983,230480983,775743263796053414,9662162474064076447,strict_less_than_leftmost,false,1024,$KSSD_RELEASE_HOST/KSSD-Array-formal-results/final-validation-20260731-162115/03_figure3_final/logs/run_GRCh38.p14_chr1_k21_w10_threads8_repeat2.log
final_release_formal,GRCh38.p14_chr1,$KSSD_RELEASE_HOST/seq/human/GCF_000001405.40_GRCh38.p14_genomic.fna,3339739109,df6e4918316e05a9cc1fd29c352841d3678b607d7a436819cd43371b52c814c0,705,21,10,2,42,XXH64,8,8,8,0.563720000000,408857203.931000,408.857203931000,230481012,18475410,230480992,230480983,230480983,230480983,1359048515777232336,45768487004821880,strict_less_than_leftmost,false,1024,$KSSD_RELEASE_HOST/KSSD-Array-formal-results/final-validation-20260731-162115/03_figure3_final/logs/run_GRCh38.p14_chr1_k21_w10_threads8_repeat2.log
final_release_formal,GRCh38.p14_chr1,$KSSD_RELEASE_HOST/seq/human/GCF_000001405.40_GRCh38.p14_genomic.fna,3339739109,df6e4918316e05a9cc1fd29c352841d3678b607d7a436819cd43371b52c814c0,705,21,10,2,42,MurmurHash3,8,8,8,0.373527845000,617038290.680000,617.038290680000,230481012,18475410,230480992,230480983,230480983,230480983,363051744283573300,5851085943704754568,strict_less_than_leftmost,false,1024,$KSSD_RELEASE_HOST/KSSD-Array-formal-results/final-validation-20260731-162115/03_figure3_final/logs/run_GRCh38.p14_chr1_k21_w10_threads8_repeat2.log
final_release_formal,GRCh38.p14_chr1,$KSSD_RELEASE_HOST/seq/human/GCF_000001405.40_GRCh38.p14_genomic.fna,3339739109,df6e4918316e05a9cc1fd29c352841d3678b607d7a436819cd43371b52c814c0,705,21,10,2,42,wyhash,8,8,8,0.341406472000,675092600.471000,675.092600471000,230481012,18475410,230480992,230480983,230480983,230480983,786380710371532391,6919459542452842976,strict_less_than_leftmost,false,1024,$KSSD_RELEASE_HOST/KSSD-Array-formal-results/final-validation-20260731-162115/03_figure3_final/logs/run_GRCh38.p14_chr1_k21_w10_threads8_repeat2.log
final_release_formal,GRCh38.p14_chr1,$KSSD_RELEASE_HOST/seq/human/GCF_000001405.40_GRCh38.p14_genomic.fna,3339739109,df6e4918316e05a9cc1fd29c352841d3678b607d7a436819cd43371b52c814c0,705,21,10,3,42,KSSD-Array,8,8,8,0.272042304000,847224786.774000,847.224786774000,230481012,18475410,230480992,230480983,230480983,230480983,188661062253,230119026841864682,strict_less_than_leftmost,false,1024,$KSSD_RELEASE_HOST/KSSD-Array-formal-results/final-validation-20260731-162115/03_figure3_final/logs/run_GRCh38.p14_chr1_k21_w10_threads8_repeat3.log
final_release_formal,GRCh38.p14_chr1,$KSSD_RELEASE_HOST/seq/human/GCF_000001405.40_GRCh38.p14_genomic.fna,3339739109,df6e4918316e05a9cc1fd29c352841d3678b607d7a436819cd43371b52c814c0,705,21,10,3,42,XXH3,8,8,8,0.500811733000,460214822.882000,460.214822882000,230481012,18475410,230480992,230480983,230480983,230480983,775743263796053414,9662162474064076447,strict_less_than_leftmost,false,1024,$KSSD_RELEASE_HOST/KSSD-Array-formal-results/final-validation-20260731-162115/03_figure3_final/logs/run_GRCh38.p14_chr1_k21_w10_threads8_repeat3.log
final_release_formal,GRCh38.p14_chr1,$KSSD_RELEASE_HOST/seq/human/GCF_000001405.40_GRCh38.p14_genomic.fna,3339739109,df6e4918316e05a9cc1fd29c352841d3678b607d7a436819cd43371b52c814c0,705,21,10,3,42,XXH64,8,8,8,0.561295861000,410622986.938000,410.622986938000,230481012,18475410,230480992,230480983,230480983,230480983,1359048515777232336,45768487004821880,strict_less_than_leftmost,false,1024,$KSSD_RELEASE_HOST/KSSD-Array-formal-results/final-validation-20260731-162115/03_figure3_final/logs/run_GRCh38.p14_chr1_k21_w10_threads8_repeat3.log
final_release_formal,GRCh38.p14_chr1,$KSSD_RELEASE_HOST/seq/human/GCF_000001405.40_GRCh38.p14_genomic.fna,3339739109,df6e4918316e05a9cc1fd29c352841d3678b607d7a436819cd43371b52c814c0,705,21,10,3,42,MurmurHash3,8,8,8,0.373989828000,616276074.225000,616.276074225000,230481012,18475410,230480992,230480983,230480983,230480983,363051744283573300,5851085943704754568,strict_less_than_leftmost,false,1024,$KSSD_RELEASE_HOST/KSSD-Array-formal-results/final-validation-20260731-162115/03_figure3_final/logs/run_GRCh38.p14_chr1_k21_w10_threads8_repeat3.log
final_release_formal,GRCh38.p14_chr1,$KSSD_RELEASE_HOST/seq/human/GCF_000001405.40_GRCh38.p14_genomic.fna,3339739109,df6e4918316e05a9cc1fd29c352841d3678b607d7a436819cd43371b52c814c0,705,21,10,3,42,wyhash,8,8,8,0.343278542000,671410982.047000,671.410982047000,230481012,18475410,230480992,230480983,230480983,230480983,786380710371532391,6919459542452842976,strict_less_than_leftmost,false,1024,$KSSD_RELEASE_HOST/KSSD-Array-formal-results/final-validation-20260731-162115/03_figure3_final/logs/run_GRCh38.p14_chr1_k21_w10_threads8_repeat3.log
final_release_formal,GRCh38.p14_chr1,$KSSD_RELEASE_HOST/seq/human/GCF_000001405.40_GRCh38.p14_genomic.fna,3339739109,df6e4918316e05a9cc1fd29c352841d3678b607d7a436819cd43371b52c814c0,705,21,10,4,42,KSSD-Array,8,8,8,0.270620762000,851675168.219000,851.675168219000,230481012,18475410,230480992,230480983,230480983,230480983,188661062253,230119026841864682,strict_less_than_leftmost,false,1024,$KSSD_RELEASE_HOST/KSSD-Array-formal-results/final-validation-20260731-162115/03_figure3_final/logs/run_GRCh38.p14_chr1_k21_w10_threads8_repeat4.log
final_release_formal,GRCh38.p14_chr1,$KSSD_RELEASE_HOST/seq/human/GCF_000001405.40_GRCh38.p14_genomic.fna,3339739109,df6e4918316e05a9cc1fd29c352841d3678b607d7a436819cd43371b52c814c0,705,21,10,4,42,XXH3,8,8,8,0.497259286000,463502622.252000,463.502622252000,230481012,18475410,230480992,230480983,230480983,230480983,775743263796053414,9662162474064076447,strict_less_than_leftmost,false,1024,$KSSD_RELEASE_HOST/KSSD-Array-formal-results/final-validation-20260731-162115/03_figure3_final/logs/run_GRCh38.p14_chr1_k21_w10_threads8_repeat4.log
final_release_formal,GRCh38.p14_chr1,$KSSD_RELEASE_HOST/seq/human/GCF_000001405.40_GRCh38.p14_genomic.fna,3339739109,df6e4918316e05a9cc1fd29c352841d3678b607d7a436819cd43371b52c814c0,705,21,10,4,42,XXH64,8,8,8,0.561726911000,410307888.917000,410.307888917000,230481012,18475410,230480992,230480983,230480983,230480983,1359048515777232336,45768487004821880,strict_less_than_leftmost,false,1024,$KSSD_RELEASE_HOST/KSSD-Array-formal-results/final-validation-20260731-162115/03_figure3_final/logs/run_GRCh38.p14_chr1_k21_w10_threads8_repeat4.log
final_release_formal,GRCh38.p14_chr1,$KSSD_RELEASE_HOST/seq/human/GCF_000001405.40_GRCh38.p14_genomic.fna,3339739109,df6e4918316e05a9cc1fd29c352841d3678b607d7a436819cd43371b52c814c0,705,21,10,4,42,MurmurHash3,8,8,8,0.373654640000,616828906.500000,616.828906500000,230481012,18475410,230480992,230480983,230480983,230480983,363051744283573300,5851085943704754568,strict_less_than_leftmost,false,1024,$KSSD_RELEASE_HOST/KSSD-Array-formal-results/final-validation-20260731-162115/03_figure3_final/logs/run_GRCh38.p14_chr1_k21_w10_threads8_repeat4.log
final_release_formal,GRCh38.p14_chr1,$KSSD_RELEASE_HOST/seq/human/GCF_000001405.40_GRCh38.p14_genomic.fna,3339739109,df6e4918316e05a9cc1fd29c352841d3678b607d7a436819cd43371b52c814c0,705,21,10,4,42,wyhash,8,8,8,0.341437200000,675031844.802000,675.031844802000,230481012,18475410,230480992,230480983,230480983,230480983,786380710371532391,6919459542452842976,strict_less_than_leftmost,false,1024,$KSSD_RELEASE_HOST/KSSD-Array-formal-results/final-validation-20260731-162115/03_figure3_final/logs/run_GRCh38.p14_chr1_k21_w10_threads8_repeat4.log
final_release_formal,GRCh38.p14_chr1,$KSSD_RELEASE_HOST/seq/human/GCF_000001405.40_GRCh38.p14_genomic.fna,3339739109,df6e4918316e05a9cc1fd29c352841d3678b607d7a436819cd43371b52c814c0,705,21,10,5,42,KSSD-Array,8,8,8,0.270171050000,853092820.271000,853.092820271000,230481012,18475410,230480992,230480983,230480983,230480983,188661062253,230119026841864682,strict_less_than_leftmost,false,1024,$KSSD_RELEASE_HOST/KSSD-Array-formal-results/final-validation-20260731-162115/03_figure3_final/logs/run_GRCh38.p14_chr1_k21_w10_threads8_repeat5.log
final_release_formal,GRCh38.p14_chr1,$KSSD_RELEASE_HOST/seq/human/GCF_000001405.40_GRCh38.p14_genomic.fna,3339739109,df6e4918316e05a9cc1fd29c352841d3678b607d7a436819cd43371b52c814c0,705,21,10,5,42,XXH3,8,8,8,0.496378950000,464324651.559000,464.324651559000,230481012,18475410,230480992,230480983,230480983,230480983,775743263796053414,9662162474064076447,strict_less_than_leftmost,false,1024,$KSSD_RELEASE_HOST/KSSD-Array-formal-results/final-validation-20260731-162115/03_figure3_final/logs/run_GRCh38.p14_chr1_k21_w10_threads8_repeat5.log
final_release_formal,GRCh38.p14_chr1,$KSSD_RELEASE_HOST/seq/human/GCF_000001405.40_GRCh38.p14_genomic.fna,3339739109,df6e4918316e05a9cc1fd29c352841d3678b607d7a436819cd43371b52c814c0,705,21,10,5,42,XXH64,8,8,8,0.564704691000,408144268.453000,408.144268453000,230481012,18475410,230480992,230480983,230480983,230480983,1359048515777232336,45768487004821880,strict_less_than_leftmost,false,1024,$KSSD_RELEASE_HOST/KSSD-Array-formal-results/final-validation-20260731-162115/03_figure3_final/logs/run_GRCh38.p14_chr1_k21_w10_threads8_repeat5.log
final_release_formal,GRCh38.p14_chr1,$KSSD_RELEASE_HOST/seq/human/GCF_000001405.40_GRCh38.p14_genomic.fna,3339739109,df6e4918316e05a9cc1fd29c352841d3678b607d7a436819cd43371b52c814c0,705,21,10,5,42,MurmurHash3,8,8,8,0.373803054000,616584002.013000,616.584002013000,230481012,18475410,230480992,230480983,230480983,230480983,363051744283573300,5851085943704754568,strict_less_than_leftmost,false,1024,$KSSD_RELEASE_HOST/KSSD-Array-formal-results/final-validation-20260731-162115/03_figure3_final/logs/run_GRCh38.p14_chr1_k21_w10_threads8_repeat5.log
final_release_formal,GRCh38.p14_chr1,$KSSD_RELEASE_HOST/seq/human/GCF_000001405.40_GRCh38.p14_genomic.fna,3339739109,df6e4918316e05a9cc1fd29c352841d3678b607d7a436819cd43371b52c814c0,705,21,10,5,42,wyhash,8,8,8,0.341473817000,674959459.630000,674.959459630000,230481012,18475410,230480992,230480983,230480983,230480983,786380710371532391,6919459542452842976,strict_less_than_leftmost,false,1024,$KSSD_RELEASE_HOST/KSSD-Array-formal-results/final-validation-20260731-162115/03_figure3_final/logs/run_GRCh38.p14_chr1_k21_w10_threads8_repeat5.log
final_release_formal,GRCh38.p14_chr1,$KSSD_RELEASE_HOST/seq/human/GCF_000001405.40_GRCh38.p14_genomic.fna,3339739109,df6e4918316e05a9cc1fd29c352841d3678b607d7a436819cd43371b52c814c0,705,21,10,1,42,KSSD-Array,16,16,16,0.139738427000,1649374391.484000,1649.374391484000,230481012,18475410,230480992,230480983,230480983,230480983,188661062253,230119026841864682,strict_less_than_leftmost,false,1024,$KSSD_RELEASE_HOST/KSSD-Array-formal-results/final-validation-20260731-162115/03_figure3_final/logs/run_GRCh38.p14_chr1_k21_w10_threads16_repeat1.log
final_release_formal,GRCh38.p14_chr1,$KSSD_RELEASE_HOST/seq/human/GCF_000001405.40_GRCh38.p14_genomic.fna,3339739109,df6e4918316e05a9cc1fd29c352841d3678b607d7a436819cd43371b52c814c0,705,21,10,1,42,XXH3,16,16,16,0.249228697000,924777065.299000,924.777065299000,230481012,18475410,230480992,230480983,230480983,230480983,775743263796053414,9662162474064076447,strict_less_than_leftmost,false,1024,$KSSD_RELEASE_HOST/KSSD-Array-formal-results/final-validation-20260731-162115/03_figure3_final/logs/run_GRCh38.p14_chr1_k21_w10_threads16_repeat1.log
final_release_formal,GRCh38.p14_chr1,$KSSD_RELEASE_HOST/seq/human/GCF_000001405.40_GRCh38.p14_genomic.fna,3339739109,df6e4918316e05a9cc1fd29c352841d3678b607d7a436819cd43371b52c814c0,705,21,10,1,42,XXH64,16,16,16,0.281352284000,819190019.442000,819.190019442000,230481012,18475410,230480992,230480983,230480983,230480983,1359048515777232336,45768487004821880,strict_less_than_leftmost,false,1024,$KSSD_RELEASE_HOST/KSSD-Array-formal-results/final-validation-20260731-162115/03_figure3_final/logs/run_GRCh38.p14_chr1_k21_w10_threads16_repeat1.log
final_release_formal,GRCh38.p14_chr1,$KSSD_RELEASE_HOST/seq/human/GCF_000001405.40_GRCh38.p14_genomic.fna,3339739109,df6e4918316e05a9cc1fd29c352841d3678b607d7a436819cd43371b52c814c0,705,21,10,1,42,MurmurHash3,16,16,16,0.186996957000,1232538682.434000,1232.538682434000,230481012,18475410,230480992,230480983,230480983,230480983,363051744283573300,5851085943704754568,strict_less_than_leftmost,false,1024,$KSSD_RELEASE_HOST/KSSD-Array-formal-results/final-validation-20260731-162115/03_figure3_final/logs/run_GRCh38.p14_chr1_k21_w10_threads16_repeat1.log
final_release_formal,GRCh38.p14_chr1,$KSSD_RELEASE_HOST/seq/human/GCF_000001405.40_GRCh38.p14_genomic.fna,3339739109,df6e4918316e05a9cc1fd29c352841d3678b607d7a436819cd43371b52c814c0,705,21,10,1,42,wyhash,16,16,16,0.170930548000,1348389657.067000,1348.389657067000,230481012,18475410,230480992,230480983,230480983,230480983,786380710371532391,6919459542452842976,strict_less_than_leftmost,false,1024,$KSSD_RELEASE_HOST/KSSD-Array-formal-results/final-validation-20260731-162115/03_figure3_final/logs/run_GRCh38.p14_chr1_k21_w10_threads16_repeat1.log
final_release_formal,GRCh38.p14_chr1,$KSSD_RELEASE_HOST/seq/human/GCF_000001405.40_GRCh38.p14_genomic.fna,3339739109,df6e4918316e05a9cc1fd29c352841d3678b607d7a436819cd43371b52c814c0,705,21,10,2,42,KSSD-Array,16,16,16,0.140231957000,1643569610.884000,1643.569610884000,230481012,18475410,230480992,230480983,230480983,230480983,188661062253,230119026841864682,strict_less_than_leftmost,false,1024,$KSSD_RELEASE_HOST/KSSD-Array-formal-results/final-validation-20260731-162115/03_figure3_final/logs/run_GRCh38.p14_chr1_k21_w10_threads16_repeat2.log
final_release_formal,GRCh38.p14_chr1,$KSSD_RELEASE_HOST/seq/human/GCF_000001405.40_GRCh38.p14_genomic.fna,3339739109,df6e4918316e05a9cc1fd29c352841d3678b607d7a436819cd43371b52c814c0,705,21,10,2,42,XXH3,16,16,16,0.248511436000,927446184.006000,927.446184006000,230481012,18475410,230480992,230480983,230480983,230480983,775743263796053414,9662162474064076447,strict_less_than_leftmost,false,1024,$KSSD_RELEASE_HOST/KSSD-Array-formal-results/final-validation-20260731-162115/03_figure3_final/logs/run_GRCh38.p14_chr1_k21_w10_threads16_repeat2.log
final_release_formal,GRCh38.p14_chr1,$KSSD_RELEASE_HOST/seq/human/GCF_000001405.40_GRCh38.p14_genomic.fna,3339739109,df6e4918316e05a9cc1fd29c352841d3678b607d7a436819cd43371b52c814c0,705,21,10,2,42,XXH64,16,16,16,0.291967808000,789405464.180000,789.405464180000,230481012,18475410,230480992,230480983,230480983,230480983,1359048515777232336,45768487004821880,strict_less_than_leftmost,false,1024,$KSSD_RELEASE_HOST/KSSD-Array-formal-results/final-validation-20260731-162115/03_figure3_final/logs/run_GRCh38.p14_chr1_k21_w10_threads16_repeat2.log
final_release_formal,GRCh38.p14_chr1,$KSSD_RELEASE_HOST/seq/human/GCF_000001405.40_GRCh38.p14_genomic.fna,3339739109,df6e4918316e05a9cc1fd29c352841d3678b607d7a436819cd43371b52c814c0,705,21,10,2,42,MurmurHash3,16,16,16,0.190114898000,1212324680.626000,1212.324680626000,230481012,18475410,230480992,230480983,230480983,230480983,363051744283573300,5851085943704754568,strict_less_than_leftmost,false,1024,$KSSD_RELEASE_HOST/KSSD-Array-formal-results/final-validation-20260731-162115/03_figure3_final/logs/run_GRCh38.p14_chr1_k21_w10_threads16_repeat2.log
final_release_formal,GRCh38.p14_chr1,$KSSD_RELEASE_HOST/seq/human/GCF_000001405.40_GRCh38.p14_genomic.fna,3339739109,df6e4918316e05a9cc1fd29c352841d3678b607d7a436819cd43371b52c814c0,705,21,10,2,42,wyhash,16,16,16,0.172130705000,1338988200.856000,1338.988200856000,230481012,18475410,230480992,230480983,230480983,230480983,786380710371532391,6919459542452842976,strict_less_than_leftmost,false,1024,$KSSD_RELEASE_HOST/KSSD-Array-formal-results/final-validation-20260731-162115/03_figure3_final/logs/run_GRCh38.p14_chr1_k21_w10_threads16_repeat2.log
final_release_formal,GRCh38.p14_chr1,$KSSD_RELEASE_HOST/seq/human/GCF_000001405.40_GRCh38.p14_genomic.fna,3339739109,df6e4918316e05a9cc1fd29c352841d3678b607d7a436819cd43371b52c814c0,705,21,10,3,42,KSSD-Array,16,16,16,0.139943362000,1646959024.752000,1646.959024752000,230481012,18475410,230480992,230480983,230480983,230480983,188661062253,230119026841864682,strict_less_than_leftmost,false,1024,$KSSD_RELEASE_HOST/KSSD-Array-formal-results/final-validation-20260731-162115/03_figure3_final/logs/run_GRCh38.p14_chr1_k21_w10_threads16_repeat3.log
final_release_formal,GRCh38.p14_chr1,$KSSD_RELEASE_HOST/seq/human/GCF_000001405.40_GRCh38.p14_genomic.fna,3339739109,df6e4918316e05a9cc1fd29c352841d3678b607d7a436819cd43371b52c814c0,705,21,10,3,42,XXH3,16,16,16,0.250010976000,921883457.629000,921.883457629000,230481012,18475410,230480992,230480983,230480983,230480983,775743263796053414,9662162474064076447,strict_less_than_leftmost,false,1024,$KSSD_RELEASE_HOST/KSSD-Array-formal-results/final-validation-20260731-162115/03_figure3_final/logs/run_GRCh38.p14_chr1_k21_w10_threads16_repeat3.log
final_release_formal,GRCh38.p14_chr1,$KSSD_RELEASE_HOST/seq/human/GCF_000001405.40_GRCh38.p14_genomic.fna,3339739109,df6e4918316e05a9cc1fd29c352841d3678b607d7a436819cd43371b52c814c0,705,21,10,3,42,XXH64,16,16,16,0.282563731000,815677872.685000,815.677872685000,230481012,18475410,230480992,230480983,230480983,230480983,1359048515777232336,45768487004821880,strict_less_than_leftmost,false,1024,$KSSD_RELEASE_HOST/KSSD-Array-formal-results/final-validation-20260731-162115/03_figure3_final/logs/run_GRCh38.p14_chr1_k21_w10_threads16_repeat3.log
final_release_formal,GRCh38.p14_chr1,$KSSD_RELEASE_HOST/seq/human/GCF_000001405.40_GRCh38.p14_genomic.fna,3339739109,df6e4918316e05a9cc1fd29c352841d3678b607d7a436819cd43371b52c814c0,705,21,10,3,42,MurmurHash3,16,16,16,0.187610633000,1228507037.765000,1228.507037765000,230481012,18475410,230480992,230480983,230480983,230480983,363051744283573300,5851085943704754568,strict_less_than_leftmost,false,1024,$KSSD_RELEASE_HOST/KSSD-Array-formal-results/final-validation-20260731-162115/03_figure3_final/logs/run_GRCh38.p14_chr1_k21_w10_threads16_repeat3.log
final_release_formal,GRCh38.p14_chr1,$KSSD_RELEASE_HOST/seq/human/GCF_000001405.40_GRCh38.p14_genomic.fna,3339739109,df6e4918316e05a9cc1fd29c352841d3678b607d7a436819cd43371b52c814c0,705,21,10,3,42,wyhash,16,16,16,0.170914794000,1348513944.322000,1348.513944322000,230481012,18475410,230480992,230480983,230480983,230480983,786380710371532391,6919459542452842976,strict_less_than_leftmost,false,1024,$KSSD_RELEASE_HOST/KSSD-Array-formal-results/final-validation-20260731-162115/03_figure3_final/logs/run_GRCh38.p14_chr1_k21_w10_threads16_repeat3.log
final_release_formal,GRCh38.p14_chr1,$KSSD_RELEASE_HOST/seq/human/GCF_000001405.40_GRCh38.p14_genomic.fna,3339739109,df6e4918316e05a9cc1fd29c352841d3678b607d7a436819cd43371b52c814c0,705,21,10,4,42,KSSD-Array,16,16,16,0.140887343000,1635923980.765000,1635.923980765000,230481012,18475410,230480992,230480983,230480983,230480983,188661062253,230119026841864682,strict_less_than_leftmost,false,1024,$KSSD_RELEASE_HOST/KSSD-Array-formal-results/final-validation-20260731-162115/03_figure3_final/logs/run_GRCh38.p14_chr1_k21_w10_threads16_repeat4.log
final_release_formal,GRCh38.p14_chr1,$KSSD_RELEASE_HOST/seq/human/GCF_000001405.40_GRCh38.p14_genomic.fna,3339739109,df6e4918316e05a9cc1fd29c352841d3678b607d7a436819cd43371b52c814c0,705,21,10,4,42,XXH3,16,16,16,0.249503727000,923757675.973000,923.757675973000,230481012,18475410,230480992,230480983,230480983,230480983,775743263796053414,9662162474064076447,strict_less_than_leftmost,false,1024,$KSSD_RELEASE_HOST/KSSD-Array-formal-results/final-validation-20260731-162115/03_figure3_final/logs/run_GRCh38.p14_chr1_k21_w10_threads16_repeat4.log
final_release_formal,GRCh38.p14_chr1,$KSSD_RELEASE_HOST/seq/human/GCF_000001405.40_GRCh38.p14_genomic.fna,3339739109,df6e4918316e05a9cc1fd29c352841d3678b607d7a436819cd43371b52c814c0,705,21,10,4,42,XXH64,16,16,16,0.281148214000,819784624.348000,819.784624348000,230481012,18475410,230480992,230480983,230480983,230480983,1359048515777232336,45768487004821880,strict_less_than_leftmost,false,1024,$KSSD_RELEASE_HOST/KSSD-Array-formal-results/final-validation-20260731-162115/03_figure3_final/logs/run_GRCh38.p14_chr1_k21_w10_threads16_repeat4.log
final_release_formal,GRCh38.p14_chr1,$KSSD_RELEASE_HOST/seq/human/GCF_000001405.40_GRCh38.p14_genomic.fna,3339739109,df6e4918316e05a9cc1fd29c352841d3678b607d7a436819cd43371b52c814c0,705,21,10,4,42,MurmurHash3,16,16,16,0.187145917000,1231557635.318000,1231.557635318000,230481012,18475410,230480992,230480983,230480983,230480983,363051744283573300,5851085943704754568,strict_less_than_leftmost,false,1024,$KSSD_RELEASE_HOST/KSSD-Array-formal-results/final-validation-20260731-162115/03_figure3_final/logs/run_GRCh38.p14_chr1_k21_w10_threads16_repeat4.log
final_release_formal,GRCh38.p14_chr1,$KSSD_RELEASE_HOST/seq/human/GCF_000001405.40_GRCh38.p14_genomic.fna,3339739109,df6e4918316e05a9cc1fd29c352841d3678b607d7a436819cd43371b52c814c0,705,21,10,4,42,wyhash,16,16,16,0.171172111000,1346486770.850000,1346.486770850000,230481012,18475410,230480992,230480983,230480983,230480983,786380710371532391,6919459542452842976,strict_less_than_leftmost,false,1024,$KSSD_RELEASE_HOST/KSSD-Array-formal-results/final-validation-20260731-162115/03_figure3_final/logs/run_GRCh38.p14_chr1_k21_w10_threads16_repeat4.log
final_release_formal,GRCh38.p14_chr1,$KSSD_RELEASE_HOST/seq/human/GCF_000001405.40_GRCh38.p14_genomic.fna,3339739109,df6e4918316e05a9cc1fd29c352841d3678b607d7a436819cd43371b52c814c0,705,21,10,5,42,KSSD-Array,16,16,16,0.141375808000,1630271729.375000,1630.271729375000,230481012,18475410,230480992,230480983,230480983,230480983,188661062253,230119026841864682,strict_less_than_leftmost,false,1024,$KSSD_RELEASE_HOST/KSSD-Array-formal-results/final-validation-20260731-162115/03_figure3_final/logs/run_GRCh38.p14_chr1_k21_w10_threads16_repeat5.log
final_release_formal,GRCh38.p14_chr1,$KSSD_RELEASE_HOST/seq/human/GCF_000001405.40_GRCh38.p14_genomic.fna,3339739109,df6e4918316e05a9cc1fd29c352841d3678b607d7a436819cd43371b52c814c0,705,21,10,5,42,XXH3,16,16,16,0.250479541000,920158916.292000,920.158916292000,230481012,18475410,230480992,230480983,230480983,230480983,775743263796053414,9662162474064076447,strict_less_than_leftmost,false,1024,$KSSD_RELEASE_HOST/KSSD-Array-formal-results/final-validation-20260731-162115/03_figure3_final/logs/run_GRCh38.p14_chr1_k21_w10_threads16_repeat5.log
final_release_formal,GRCh38.p14_chr1,$KSSD_RELEASE_HOST/seq/human/GCF_000001405.40_GRCh38.p14_genomic.fna,3339739109,df6e4918316e05a9cc1fd29c352841d3678b607d7a436819cd43371b52c814c0,705,21,10,5,42,XXH64,16,16,16,0.281597054000,818477962.486000,818.477962486000,230481012,18475410,230480992,230480983,230480983,230480983,1359048515777232336,45768487004821880,strict_less_than_leftmost,false,1024,$KSSD_RELEASE_HOST/KSSD-Array-formal-results/final-validation-20260731-162115/03_figure3_final/logs/run_GRCh38.p14_chr1_k21_w10_threads16_repeat5.log
final_release_formal,GRCh38.p14_chr1,$KSSD_RELEASE_HOST/seq/human/GCF_000001405.40_GRCh38.p14_genomic.fna,3339739109,df6e4918316e05a9cc1fd29c352841d3678b607d7a436819cd43371b52c814c0,705,21,10,5,42,MurmurHash3,16,16,16,0.196642233000,1172082820.073000,1172.082820073000,230481012,18475410,230480992,230480983,230480983,230480983,363051744283573300,5851085943704754568,strict_less_than_leftmost,false,1024,$KSSD_RELEASE_HOST/KSSD-Array-formal-results/final-validation-20260731-162115/03_figure3_final/logs/run_GRCh38.p14_chr1_k21_w10_threads16_repeat5.log
final_release_formal,GRCh38.p14_chr1,$KSSD_RELEASE_HOST/seq/human/GCF_000001405.40_GRCh38.p14_genomic.fna,3339739109,df6e4918316e05a9cc1fd29c352841d3678b607d7a436819cd43371b52c814c0,705,21,10,5,42,wyhash,16,16,16,0.180805915000,1274742493.906000,1274.742493906000,230481012,18475410,230480992,230480983,230480983,230480983,786380710371532391,6919459542452842976,strict_less_than_leftmost,false,1024,$KSSD_RELEASE_HOST/KSSD-Array-formal-results/final-validation-20260731-162115/03_figure3_final/logs/run_GRCh38.p14_chr1_k21_w10_threads16_repeat5.log
final_release_formal,Synthetic_300_Mb,$KSSD_RELEASE_HOST/AEEE.fasta,300000057,a7eca29bdfa06ff373048fffa7a90139afc98acfa938a8ec0a98459608045962,1,21,20,1,42,KSSD-Array,1,1,1,2.196048957000,136608958.577000,136.608958577000,300000000,0,299999980,299999961,299999961,299999961,57545583792,64154468645209515,strict_less_than_leftmost,false,1024,$KSSD_RELEASE_HOST/KSSD-Array-formal-results/final-validation-20260731-162115/03_figure3_final/logs/run_Synthetic_300_Mb_k21_w20_threads1_repeat1.log
final_release_formal,Synthetic_300_Mb,$KSSD_RELEASE_HOST/AEEE.fasta,300000057,a7eca29bdfa06ff373048fffa7a90139afc98acfa938a8ec0a98459608045962,1,21,20,1,42,XXH3,1,1,1,4.709568170000,63700099.493000,63.700099493000,300000000,0,299999980,299999961,299999961,299999961,1435526153036178328,14116127324739616983,strict_less_than_leftmost,false,1024,$KSSD_RELEASE_HOST/KSSD-Array-formal-results/final-validation-20260731-162115/03_figure3_final/logs/run_Synthetic_300_Mb_k21_w20_threads1_repeat1.log
final_release_formal,Synthetic_300_Mb,$KSSD_RELEASE_HOST/AEEE.fasta,300000057,a7eca29bdfa06ff373048fffa7a90139afc98acfa938a8ec0a98459608045962,1,21,20,1,42,XXH64,1,1,1,5.635239691000,53236415.388000,53.236415388000,300000000,0,299999980,299999961,299999961,299999961,954401272726841663,2846794829647133757,strict_less_than_leftmost,false,1024,$KSSD_RELEASE_HOST/KSSD-Array-formal-results/final-validation-20260731-162115/03_figure3_final/logs/run_Synthetic_300_Mb_k21_w20_threads1_repeat1.log
final_release_formal,Synthetic_300_Mb,$KSSD_RELEASE_HOST/AEEE.fasta,300000057,a7eca29bdfa06ff373048fffa7a90139afc98acfa938a8ec0a98459608045962,1,21,20,1,42,MurmurHash3,1,1,1,3.720751040000,80628872.444000,80.628872444000,300000000,0,299999980,299999961,299999961,299999961,634459613686396130,5608880048156137022,strict_less_than_leftmost,false,1024,$KSSD_RELEASE_HOST/KSSD-Array-formal-results/final-validation-20260731-162115/03_figure3_final/logs/run_Synthetic_300_Mb_k21_w20_threads1_repeat1.log
final_release_formal,Synthetic_300_Mb,$KSSD_RELEASE_HOST/AEEE.fasta,300000057,a7eca29bdfa06ff373048fffa7a90139afc98acfa938a8ec0a98459608045962,1,21,20,1,42,wyhash,1,1,1,2.831044610000,105967938.456000,105.967938456000,300000000,0,299999980,299999961,299999961,299999961,1239117768617141704,12098017666451201306,strict_less_than_leftmost,false,1024,$KSSD_RELEASE_HOST/KSSD-Array-formal-results/final-validation-20260731-162115/03_figure3_final/logs/run_Synthetic_300_Mb_k21_w20_threads1_repeat1.log
final_release_formal,Synthetic_300_Mb,$KSSD_RELEASE_HOST/AEEE.fasta,300000057,a7eca29bdfa06ff373048fffa7a90139afc98acfa938a8ec0a98459608045962,1,21,20,2,42,KSSD-Array,1,1,1,2.199200002000,136413223.321000,136.413223321000,300000000,0,299999980,299999961,299999961,299999961,57545583792,64154468645209515,strict_less_than_leftmost,false,1024,$KSSD_RELEASE_HOST/KSSD-Array-formal-results/final-validation-20260731-162115/03_figure3_final/logs/run_Synthetic_300_Mb_k21_w20_threads1_repeat2.log
final_release_formal,Synthetic_300_Mb,$KSSD_RELEASE_HOST/AEEE.fasta,300000057,a7eca29bdfa06ff373048fffa7a90139afc98acfa938a8ec0a98459608045962,1,21,20,2,42,XXH3,1,1,1,4.708208772000,63718491.581000,63.718491581000,300000000,0,299999980,299999961,299999961,299999961,1435526153036178328,14116127324739616983,strict_less_than_leftmost,false,1024,$KSSD_RELEASE_HOST/KSSD-Array-formal-results/final-validation-20260731-162115/03_figure3_final/logs/run_Synthetic_300_Mb_k21_w20_threads1_repeat2.log
final_release_formal,Synthetic_300_Mb,$KSSD_RELEASE_HOST/AEEE.fasta,300000057,a7eca29bdfa06ff373048fffa7a90139afc98acfa938a8ec0a98459608045962,1,21,20,2,42,XXH64,1,1,1,5.633410947000,53253697.240000,53.253697240000,300000000,0,299999980,299999961,299999961,299999961,954401272726841663,2846794829647133757,strict_less_than_leftmost,false,1024,$KSSD_RELEASE_HOST/KSSD-Array-formal-results/final-validation-20260731-162115/03_figure3_final/logs/run_Synthetic_300_Mb_k21_w20_threads1_repeat2.log
final_release_formal,Synthetic_300_Mb,$KSSD_RELEASE_HOST/AEEE.fasta,300000057,a7eca29bdfa06ff373048fffa7a90139afc98acfa938a8ec0a98459608045962,1,21,20,2,42,MurmurHash3,1,1,1,3.719826528000,80648911.647000,80.648911647000,300000000,0,299999980,299999961,299999961,299999961,634459613686396130,5608880048156137022,strict_less_than_leftmost,false,1024,$KSSD_RELEASE_HOST/KSSD-Array-formal-results/final-validation-20260731-162115/03_figure3_final/logs/run_Synthetic_300_Mb_k21_w20_threads1_repeat2.log
final_release_formal,Synthetic_300_Mb,$KSSD_RELEASE_HOST/AEEE.fasta,300000057,a7eca29bdfa06ff373048fffa7a90139afc98acfa938a8ec0a98459608045962,1,21,20,2,42,wyhash,1,1,1,2.831369132000,105955792.768000,105.955792768000,300000000,0,299999980,299999961,299999961,299999961,1239117768617141704,12098017666451201306,strict_less_than_leftmost,false,1024,$KSSD_RELEASE_HOST/KSSD-Array-formal-results/final-validation-20260731-162115/03_figure3_final/logs/run_Synthetic_300_Mb_k21_w20_threads1_repeat2.log
final_release_formal,Synthetic_300_Mb,$KSSD_RELEASE_HOST/AEEE.fasta,300000057,a7eca29bdfa06ff373048fffa7a90139afc98acfa938a8ec0a98459608045962,1,21,20,3,42,KSSD-Array,1,1,1,2.196939439000,136553587.083000,136.553587083000,300000000,0,299999980,299999961,299999961,299999961,57545583792,64154468645209515,strict_less_than_leftmost,false,1024,$KSSD_RELEASE_HOST/KSSD-Array-formal-results/final-validation-20260731-162115/03_figure3_final/logs/run_Synthetic_300_Mb_k21_w20_threads1_repeat3.log
final_release_formal,Synthetic_300_Mb,$KSSD_RELEASE_HOST/AEEE.fasta,300000057,a7eca29bdfa06ff373048fffa7a90139afc98acfa938a8ec0a98459608045962,1,21,20,3,42,XXH3,1,1,1,4.716631814000,63604702.006000,63.604702006000,300000000,0,299999980,299999961,299999961,299999961,1435526153036178328,14116127324739616983,strict_less_than_leftmost,false,1024,$KSSD_RELEASE_HOST/KSSD-Array-formal-results/final-validation-20260731-162115/03_figure3_final/logs/run_Synthetic_300_Mb_k21_w20_threads1_repeat3.log
final_release_formal,Synthetic_300_Mb,$KSSD_RELEASE_HOST/AEEE.fasta,300000057,a7eca29bdfa06ff373048fffa7a90139afc98acfa938a8ec0a98459608045962,1,21,20,3,42,XXH64,1,1,1,5.637271346000,53217229.150000,53.217229150000,300000000,0,299999980,299999961,299999961,299999961,954401272726841663,2846794829647133757,strict_less_than_leftmost,false,1024,$KSSD_RELEASE_HOST/KSSD-Array-formal-results/final-validation-20260731-162115/03_figure3_final/logs/run_Synthetic_300_Mb_k21_w20_threads1_repeat3.log
final_release_formal,Synthetic_300_Mb,$KSSD_RELEASE_HOST/AEEE.fasta,300000057,a7eca29bdfa06ff373048fffa7a90139afc98acfa938a8ec0a98459608045962,1,21,20,3,42,MurmurHash3,1,1,1,3.719003580000,80666757.788000,80.666757788000,300000000,0,299999980,299999961,299999961,299999961,634459613686396130,5608880048156137022,strict_less_than_leftmost,false,1024,$KSSD_RELEASE_HOST/KSSD-Array-formal-results/final-validation-20260731-162115/03_figure3_final/logs/run_Synthetic_300_Mb_k21_w20_threads1_repeat3.log
final_release_formal,Synthetic_300_Mb,$KSSD_RELEASE_HOST/AEEE.fasta,300000057,a7eca29bdfa06ff373048fffa7a90139afc98acfa938a8ec0a98459608045962,1,21,20,3,42,wyhash,1,1,1,2.832206714000,105924457.956000,105.924457956000,300000000,0,299999980,299999961,299999961,299999961,1239117768617141704,12098017666451201306,strict_less_than_leftmost,false,1024,$KSSD_RELEASE_HOST/KSSD-Array-formal-results/final-validation-20260731-162115/03_figure3_final/logs/run_Synthetic_300_Mb_k21_w20_threads1_repeat3.log
final_release_formal,Synthetic_300_Mb,$KSSD_RELEASE_HOST/AEEE.fasta,300000057,a7eca29bdfa06ff373048fffa7a90139afc98acfa938a8ec0a98459608045962,1,21,20,4,42,KSSD-Array,1,1,1,2.198257501000,136471710.372000,136.471710372000,300000000,0,299999980,299999961,299999961,299999961,57545583792,64154468645209515,strict_less_than_leftmost,false,1024,$KSSD_RELEASE_HOST/KSSD-Array-formal-results/final-validation-20260731-162115/03_figure3_final/logs/run_Synthetic_300_Mb_k21_w20_threads1_repeat4.log
final_release_formal,Synthetic_300_Mb,$KSSD_RELEASE_HOST/AEEE.fasta,300000057,a7eca29bdfa06ff373048fffa7a90139afc98acfa938a8ec0a98459608045962,1,21,20,4,42,XXH3,1,1,1,4.707234437000,63731680.462000,63.731680462000,300000000,0,299999980,299999961,299999961,299999961,1435526153036178328,14116127324739616983,strict_less_than_leftmost,false,1024,$KSSD_RELEASE_HOST/KSSD-Array-formal-results/final-validation-20260731-162115/03_figure3_final/logs/run_Synthetic_300_Mb_k21_w20_threads1_repeat4.log
final_release_formal,Synthetic_300_Mb,$KSSD_RELEASE_HOST/AEEE.fasta,300000057,a7eca29bdfa06ff373048fffa7a90139afc98acfa938a8ec0a98459608045962,1,21,20,4,42,XXH64,1,1,1,5.634899979000,53239624.859000,53.239624859000,300000000,0,299999980,299999961,299999961,299999961,954401272726841663,2846794829647133757,strict_less_than_leftmost,false,1024,$KSSD_RELEASE_HOST/KSSD-Array-formal-results/final-validation-20260731-162115/03_figure3_final/logs/run_Synthetic_300_Mb_k21_w20_threads1_repeat4.log
final_release_formal,Synthetic_300_Mb,$KSSD_RELEASE_HOST/AEEE.fasta,300000057,a7eca29bdfa06ff373048fffa7a90139afc98acfa938a8ec0a98459608045962,1,21,20,4,42,MurmurHash3,1,1,1,3.720171113000,80641441.452000,80.641441452000,300000000,0,299999980,299999961,299999961,299999961,634459613686396130,5608880048156137022,strict_less_than_leftmost,false,1024,$KSSD_RELEASE_HOST/KSSD-Array-formal-results/final-validation-20260731-162115/03_figure3_final/logs/run_Synthetic_300_Mb_k21_w20_threads1_repeat4.log
final_release_formal,Synthetic_300_Mb,$KSSD_RELEASE_HOST/AEEE.fasta,300000057,a7eca29bdfa06ff373048fffa7a90139afc98acfa938a8ec0a98459608045962,1,21,20,4,42,wyhash,1,1,1,2.831199707000,105962133.388000,105.962133388000,300000000,0,299999980,299999961,299999961,299999961,1239117768617141704,12098017666451201306,strict_less_than_leftmost,false,1024,$KSSD_RELEASE_HOST/KSSD-Array-formal-results/final-validation-20260731-162115/03_figure3_final/logs/run_Synthetic_300_Mb_k21_w20_threads1_repeat4.log
final_release_formal,Synthetic_300_Mb,$KSSD_RELEASE_HOST/AEEE.fasta,300000057,a7eca29bdfa06ff373048fffa7a90139afc98acfa938a8ec0a98459608045962,1,21,20,5,42,KSSD-Array,1,1,1,2.197590790000,136513113.526000,136.513113526000,300000000,0,299999980,299999961,299999961,299999961,57545583792,64154468645209515,strict_less_than_leftmost,false,1024,$KSSD_RELEASE_HOST/KSSD-Array-formal-results/final-validation-20260731-162115/03_figure3_final/logs/run_Synthetic_300_Mb_k21_w20_threads1_repeat5.log
final_release_formal,Synthetic_300_Mb,$KSSD_RELEASE_HOST/AEEE.fasta,300000057,a7eca29bdfa06ff373048fffa7a90139afc98acfa938a8ec0a98459608045962,1,21,20,5,42,XXH3,1,1,1,4.707762874000,63724526.708000,63.724526708000,300000000,0,299999980,299999961,299999961,299999961,1435526153036178328,14116127324739616983,strict_less_than_leftmost,false,1024,$KSSD_RELEASE_HOST/KSSD-Array-formal-results/final-validation-20260731-162115/03_figure3_final/logs/run_Synthetic_300_Mb_k21_w20_threads1_repeat5.log
final_release_formal,Synthetic_300_Mb,$KSSD_RELEASE_HOST/AEEE.fasta,300000057,a7eca29bdfa06ff373048fffa7a90139afc98acfa938a8ec0a98459608045962,1,21,20,5,42,XXH64,1,1,1,5.633273567000,53254995.951000,53.254995951000,300000000,0,299999980,299999961,299999961,299999961,954401272726841663,2846794829647133757,strict_less_than_leftmost,false,1024,$KSSD_RELEASE_HOST/KSSD-Array-formal-results/final-validation-20260731-162115/03_figure3_final/logs/run_Synthetic_300_Mb_k21_w20_threads1_repeat5.log
final_release_formal,Synthetic_300_Mb,$KSSD_RELEASE_HOST/AEEE.fasta,300000057,a7eca29bdfa06ff373048fffa7a90139afc98acfa938a8ec0a98459608045962,1,21,20,5,42,MurmurHash3,1,1,1,3.726102412000,80513074.475000,80.513074475000,300000000,0,299999980,299999961,299999961,299999961,634459613686396130,5608880048156137022,strict_less_than_leftmost,false,1024,$KSSD_RELEASE_HOST/KSSD-Array-formal-results/final-validation-20260731-162115/03_figure3_final/logs/run_Synthetic_300_Mb_k21_w20_threads1_repeat5.log
final_release_formal,Synthetic_300_Mb,$KSSD_RELEASE_HOST/AEEE.fasta,300000057,a7eca29bdfa06ff373048fffa7a90139afc98acfa938a8ec0a98459608045962,1,21,20,5,42,wyhash,1,1,1,2.834359732000,105843996.305000,105.843996305000,300000000,0,299999980,299999961,299999961,299999961,1239117768617141704,12098017666451201306,strict_less_than_leftmost,false,1024,$KSSD_RELEASE_HOST/KSSD-Array-formal-results/final-validation-20260731-162115/03_figure3_final/logs/run_Synthetic_300_Mb_k21_w20_threads1_repeat5.log
final_release_formal,Synthetic_300_Mb,$KSSD_RELEASE_HOST/AEEE.fasta,300000057,a7eca29bdfa06ff373048fffa7a90139afc98acfa938a8ec0a98459608045962,1,21,20,1,42,KSSD-Array,2,2,2,1.107723172000,270825751.942000,270.825751942000,300000000,0,299999980,299999961,299999961,299999961,57545583792,64154468645209515,strict_less_than_leftmost,false,1024,$KSSD_RELEASE_HOST/KSSD-Array-formal-results/final-validation-20260731-162115/03_figure3_final/logs/run_Synthetic_300_Mb_k21_w20_threads2_repeat1.log
final_release_formal,Synthetic_300_Mb,$KSSD_RELEASE_HOST/AEEE.fasta,300000057,a7eca29bdfa06ff373048fffa7a90139afc98acfa938a8ec0a98459608045962,1,21,20,1,42,XXH3,2,2,2,2.356035408000,127332534.979000,127.332534979000,300000000,0,299999980,299999961,299999961,299999961,1435526153036178328,14116127324739616983,strict_less_than_leftmost,false,1024,$KSSD_RELEASE_HOST/KSSD-Array-formal-results/final-validation-20260731-162115/03_figure3_final/logs/run_Synthetic_300_Mb_k21_w20_threads2_repeat1.log
final_release_formal,Synthetic_300_Mb,$KSSD_RELEASE_HOST/AEEE.fasta,300000057,a7eca29bdfa06ff373048fffa7a90139afc98acfa938a8ec0a98459608045962,1,21,20,1,42,XXH64,2,2,2,2.817243546000,106487052.362000,106.487052362000,300000000,0,299999980,299999961,299999961,299999961,954401272726841663,2846794829647133757,strict_less_than_leftmost,false,1024,$KSSD_RELEASE_HOST/KSSD-Array-formal-results/final-validation-20260731-162115/03_figure3_final/logs/run_Synthetic_300_Mb_k21_w20_threads2_repeat1.log
final_release_formal,Synthetic_300_Mb,$KSSD_RELEASE_HOST/AEEE.fasta,300000057,a7eca29bdfa06ff373048fffa7a90139afc98acfa938a8ec0a98459608045962,1,21,20,1,42,MurmurHash3,2,2,2,1.859425115000,161340168.303000,161.340168303000,300000000,0,299999980,299999961,299999961,299999961,634459613686396130,5608880048156137022,strict_less_than_leftmost,false,1024,$KSSD_RELEASE_HOST/KSSD-Array-formal-results/final-validation-20260731-162115/03_figure3_final/logs/run_Synthetic_300_Mb_k21_w20_threads2_repeat1.log
final_release_formal,Synthetic_300_Mb,$KSSD_RELEASE_HOST/AEEE.fasta,300000057,a7eca29bdfa06ff373048fffa7a90139afc98acfa938a8ec0a98459608045962,1,21,20,1,42,wyhash,2,2,2,1.415615475000,211921928.163000,211.921928163000,300000000,0,299999980,299999961,299999961,299999961,1239117768617141704,12098017666451201306,strict_less_than_leftmost,false,1024,$KSSD_RELEASE_HOST/KSSD-Array-formal-results/final-validation-20260731-162115/03_figure3_final/logs/run_Synthetic_300_Mb_k21_w20_threads2_repeat1.log
final_release_formal,Synthetic_300_Mb,$KSSD_RELEASE_HOST/AEEE.fasta,300000057,a7eca29bdfa06ff373048fffa7a90139afc98acfa938a8ec0a98459608045962,1,21,20,2,42,KSSD-Array,2,2,2,1.109439637000,270406744.986000,270.406744986000,300000000,0,299999980,299999961,299999961,299999961,57545583792,64154468645209515,strict_less_than_leftmost,false,1024,$KSSD_RELEASE_HOST/KSSD-Array-formal-results/final-validation-20260731-162115/03_figure3_final/logs/run_Synthetic_300_Mb_k21_w20_threads2_repeat2.log
final_release_formal,Synthetic_300_Mb,$KSSD_RELEASE_HOST/AEEE.fasta,300000057,a7eca29bdfa06ff373048fffa7a90139afc98acfa938a8ec0a98459608045962,1,21,20,2,42,XXH3,2,2,2,2.355895114000,127340117.655000,127.340117655000,300000000,0,299999980,299999961,299999961,299999961,1435526153036178328,14116127324739616983,strict_less_than_leftmost,false,1024,$KSSD_RELEASE_HOST/KSSD-Array-formal-results/final-validation-20260731-162115/03_figure3_final/logs/run_Synthetic_300_Mb_k21_w20_threads2_repeat2.log
final_release_formal,Synthetic_300_Mb,$KSSD_RELEASE_HOST/AEEE.fasta,300000057,a7eca29bdfa06ff373048fffa7a90139afc98acfa938a8ec0a98459608045962,1,21,20,2,42,XXH64,2,2,2,2.822409836000,106292132.763000,106.292132763000,300000000,0,299999980,299999961,299999961,299999961,954401272726841663,2846794829647133757,strict_less_than_leftmost,false,1024,$KSSD_RELEASE_HOST/KSSD-Array-formal-results/final-validation-20260731-162115/03_figure3_final/logs/run_Synthetic_300_Mb_k21_w20_threads2_repeat2.log
final_release_formal,Synthetic_300_Mb,$KSSD_RELEASE_HOST/AEEE.fasta,300000057,a7eca29bdfa06ff373048fffa7a90139afc98acfa938a8ec0a98459608045962,1,21,20,2,42,MurmurHash3,2,2,2,1.859328046000,161348591.307000,161.348591307000,300000000,0,299999980,299999961,299999961,299999961,634459613686396130,5608880048156137022,strict_less_than_leftmost,false,1024,$KSSD_RELEASE_HOST/KSSD-Array-formal-results/final-validation-20260731-162115/03_figure3_final/logs/run_Synthetic_300_Mb_k21_w20_threads2_repeat2.log
final_release_formal,Synthetic_300_Mb,$KSSD_RELEASE_HOST/AEEE.fasta,300000057,a7eca29bdfa06ff373048fffa7a90139afc98acfa938a8ec0a98459608045962,1,21,20,2,42,wyhash,2,2,2,1.415836913000,211888783.408000,211.888783408000,300000000,0,299999980,299999961,299999961,299999961,1239117768617141704,12098017666451201306,strict_less_than_leftmost,false,1024,$KSSD_RELEASE_HOST/KSSD-Array-formal-results/final-validation-20260731-162115/03_figure3_final/logs/run_Synthetic_300_Mb_k21_w20_threads2_repeat2.log
final_release_formal,Synthetic_300_Mb,$KSSD_RELEASE_HOST/AEEE.fasta,300000057,a7eca29bdfa06ff373048fffa7a90139afc98acfa938a8ec0a98459608045962,1,21,20,3,42,KSSD-Array,2,2,2,1.106982712000,271006907.107000,271.006907107000,300000000,0,299999980,299999961,299999961,299999961,57545583792,64154468645209515,strict_less_than_leftmost,false,1024,$KSSD_RELEASE_HOST/KSSD-Array-formal-results/final-validation-20260731-162115/03_figure3_final/logs/run_Synthetic_300_Mb_k21_w20_threads2_repeat3.log
final_release_formal,Synthetic_300_Mb,$KSSD_RELEASE_HOST/AEEE.fasta,300000057,a7eca29bdfa06ff373048fffa7a90139afc98acfa938a8ec0a98459608045962,1,21,20,3,42,XXH3,2,2,2,2.358271636000,127211792.069000,127.211792069000,300000000,0,299999980,299999961,299999961,299999961,1435526153036178328,14116127324739616983,strict_less_than_leftmost,false,1024,$KSSD_RELEASE_HOST/KSSD-Array-formal-results/final-validation-20260731-162115/03_figure3_final/logs/run_Synthetic_300_Mb_k21_w20_threads2_repeat3.log
final_release_formal,Synthetic_300_Mb,$KSSD_RELEASE_HOST/AEEE.fasta,300000057,a7eca29bdfa06ff373048fffa7a90139afc98acfa938a8ec0a98459608045962,1,21,20,3,42,XXH64,2,2,2,2.818284562000,106447718.249000,106.447718249000,300000000,0,299999980,299999961,299999961,299999961,954401272726841663,2846794829647133757,strict_less_than_leftmost,false,1024,$KSSD_RELEASE_HOST/KSSD-Array-formal-results/final-validation-20260731-162115/03_figure3_final/logs/run_Synthetic_300_Mb_k21_w20_threads2_repeat3.log
final_release_formal,Synthetic_300_Mb,$KSSD_RELEASE_HOST/AEEE.fasta,300000057,a7eca29bdfa06ff373048fffa7a90139afc98acfa938a8ec0a98459608045962,1,21,20,3,42,MurmurHash3,2,2,2,1.860259618000,161267791.924000,161.267791924000,300000000,0,299999980,299999961,299999961,299999961,634459613686396130,5608880048156137022,strict_less_than_leftmost,false,1024,$KSSD_RELEASE_HOST/KSSD-Array-formal-results/final-validation-20260731-162115/03_figure3_final/logs/run_Synthetic_300_Mb_k21_w20_threads2_repeat3.log
final_release_formal,Synthetic_300_Mb,$KSSD_RELEASE_HOST/AEEE.fasta,300000057,a7eca29bdfa06ff373048fffa7a90139afc98acfa938a8ec0a98459608045962,1,21,20,3,42,wyhash,2,2,2,1.418384528000,211508201.815000,211.508201815000,300000000,0,299999980,299999961,299999961,299999961,1239117768617141704,12098017666451201306,strict_less_than_leftmost,false,1024,$KSSD_RELEASE_HOST/KSSD-Array-formal-results/final-validation-20260731-162115/03_figure3_final/logs/run_Synthetic_300_Mb_k21_w20_threads2_repeat3.log
final_release_formal,Synthetic_300_Mb,$KSSD_RELEASE_HOST/AEEE.fasta,300000057,a7eca29bdfa06ff373048fffa7a90139afc98acfa938a8ec0a98459608045962,1,21,20,4,42,KSSD-Array,2,2,2,1.108251701000,270696594.221000,270.696594221000,300000000,0,299999980,299999961,299999961,299999961,57545583792,64154468645209515,strict_less_than_leftmost,false,1024,$KSSD_RELEASE_HOST/KSSD-Array-formal-results/final-validation-20260731-162115/03_figure3_final/logs/run_Synthetic_300_Mb_k21_w20_threads2_repeat4.log
final_release_formal,Synthetic_300_Mb,$KSSD_RELEASE_HOST/AEEE.fasta,300000057,a7eca29bdfa06ff373048fffa7a90139afc98acfa938a8ec0a98459608045962,1,21,20,4,42,XXH3,2,2,2,2.357189776000,127270177.418000,127.270177418000,300000000,0,299999980,299999961,299999961,299999961,1435526153036178328,14116127324739616983,strict_less_than_leftmost,false,1024,$KSSD_RELEASE_HOST/KSSD-Array-formal-results/final-validation-20260731-162115/03_figure3_final/logs/run_Synthetic_300_Mb_k21_w20_threads2_repeat4.log
final_release_formal,Synthetic_300_Mb,$KSSD_RELEASE_HOST/AEEE.fasta,300000057,a7eca29bdfa06ff373048fffa7a90139afc98acfa938a8ec0a98459608045962,1,21,20,4,42,XXH64,2,2,2,2.823335614000,106257279.337000,106.257279337000,300000000,0,299999980,299999961,299999961,299999961,954401272726841663,2846794829647133757,strict_less_than_leftmost,false,1024,$KSSD_RELEASE_HOST/KSSD-Array-formal-results/final-validation-20260731-162115/03_figure3_final/logs/run_Synthetic_300_Mb_k21_w20_threads2_repeat4.log
final_release_formal,Synthetic_300_Mb,$KSSD_RELEASE_HOST/AEEE.fasta,300000057,a7eca29bdfa06ff373048fffa7a90139afc98acfa938a8ec0a98459608045962,1,21,20,4,42,MurmurHash3,2,2,2,1.859969959000,161292906.667000,161.292906667000,300000000,0,299999980,299999961,299999961,299999961,634459613686396130,5608880048156137022,strict_less_than_leftmost,false,1024,$KSSD_RELEASE_HOST/KSSD-Array-formal-results/final-validation-20260731-162115/03_figure3_final/logs/run_Synthetic_300_Mb_k21_w20_threads2_repeat4.log
final_release_formal,Synthetic_300_Mb,$KSSD_RELEASE_HOST/AEEE.fasta,300000057,a7eca29bdfa06ff373048fffa7a90139afc98acfa938a8ec0a98459608045962,1,21,20,4,42,wyhash,2,2,2,1.418070012000,211555112.555000,211.555112555000,300000000,0,299999980,299999961,299999961,299999961,1239117768617141704,12098017666451201306,strict_less_than_leftmost,false,1024,$KSSD_RELEASE_HOST/KSSD-Array-formal-results/final-validation-20260731-162115/03_figure3_final/logs/run_Synthetic_300_Mb_k21_w20_threads2_repeat4.log
final_release_formal,Synthetic_300_Mb,$KSSD_RELEASE_HOST/AEEE.fasta,300000057,a7eca29bdfa06ff373048fffa7a90139afc98acfa938a8ec0a98459608045962,1,21,20,5,42,KSSD-Array,2,2,2,1.109024815000,270507888.500000,270.507888500000,300000000,0,299999980,299999961,299999961,299999961,57545583792,64154468645209515,strict_less_than_leftmost,false,1024,$KSSD_RELEASE_HOST/KSSD-Array-formal-results/final-validation-20260731-162115/03_figure3_final/logs/run_Synthetic_300_Mb_k21_w20_threads2_repeat5.log
final_release_formal,Synthetic_300_Mb,$KSSD_RELEASE_HOST/AEEE.fasta,300000057,a7eca29bdfa06ff373048fffa7a90139afc98acfa938a8ec0a98459608045962,1,21,20,5,42,XXH3,2,2,2,2.354313722000,127425651.984000,127.425651984000,300000000,0,299999980,299999961,299999961,299999961,1435526153036178328,14116127324739616983,strict_less_than_leftmost,false,1024,$KSSD_RELEASE_HOST/KSSD-Array-formal-results/final-validation-20260731-162115/03_figure3_final/logs/run_Synthetic_300_Mb_k21_w20_threads2_repeat5.log
final_release_formal,Synthetic_300_Mb,$KSSD_RELEASE_HOST/AEEE.fasta,300000057,a7eca29bdfa06ff373048fffa7a90139afc98acfa938a8ec0a98459608045962,1,21,20,5,42,XXH64,2,2,2,2.816627142000,106510356.492000,106.510356492000,300000000,0,299999980,299999961,299999961,299999961,954401272726841663,2846794829647133757,strict_less_than_leftmost,false,1024,$KSSD_RELEASE_HOST/KSSD-Array-formal-results/final-validation-20260731-162115/03_figure3_final/logs/run_Synthetic_300_Mb_k21_w20_threads2_repeat5.log
final_release_formal,Synthetic_300_Mb,$KSSD_RELEASE_HOST/AEEE.fasta,300000057,a7eca29bdfa06ff373048fffa7a90139afc98acfa938a8ec0a98459608045962,1,21,20,5,42,MurmurHash3,2,2,2,1.859860026000,161302440.402000,161.302440402000,300000000,0,299999980,299999961,299999961,299999961,634459613686396130,5608880048156137022,strict_less_than_leftmost,false,1024,$KSSD_RELEASE_HOST/KSSD-Array-formal-results/final-validation-20260731-162115/03_figure3_final/logs/run_Synthetic_300_Mb_k21_w20_threads2_repeat5.log
final_release_formal,Synthetic_300_Mb,$KSSD_RELEASE_HOST/AEEE.fasta,300000057,a7eca29bdfa06ff373048fffa7a90139afc98acfa938a8ec0a98459608045962,1,21,20,5,42,wyhash,2,2,2,1.420146885000,211245726.881000,211.245726881000,300000000,0,299999980,299999961,299999961,299999961,1239117768617141704,12098017666451201306,strict_less_than_leftmost,false,1024,$KSSD_RELEASE_HOST/KSSD-Array-formal-results/final-validation-20260731-162115/03_figure3_final/logs/run_Synthetic_300_Mb_k21_w20_threads2_repeat5.log
final_release_formal,Synthetic_300_Mb,$KSSD_RELEASE_HOST/AEEE.fasta,300000057,a7eca29bdfa06ff373048fffa7a90139afc98acfa938a8ec0a98459608045962,1,21,20,1,42,KSSD-Array,4,4,4,0.560436700000,535296780.172000,535.296780172000,300000000,0,299999980,299999961,299999961,299999961,57545583792,64154468645209515,strict_less_than_leftmost,false,1024,$KSSD_RELEASE_HOST/KSSD-Array-formal-results/final-validation-20260731-162115/03_figure3_final/logs/run_Synthetic_300_Mb_k21_w20_threads4_repeat1.log
final_release_formal,Synthetic_300_Mb,$KSSD_RELEASE_HOST/AEEE.fasta,300000057,a7eca29bdfa06ff373048fffa7a90139afc98acfa938a8ec0a98459608045962,1,21,20,1,42,XXH3,4,4,4,1.180563080000,254115994.378000,254.115994378000,300000000,0,299999980,299999961,299999961,299999961,1435526153036178328,14116127324739616983,strict_less_than_leftmost,false,1024,$KSSD_RELEASE_HOST/KSSD-Array-formal-results/final-validation-20260731-162115/03_figure3_final/logs/run_Synthetic_300_Mb_k21_w20_threads4_repeat1.log
final_release_formal,Synthetic_300_Mb,$KSSD_RELEASE_HOST/AEEE.fasta,300000057,a7eca29bdfa06ff373048fffa7a90139afc98acfa938a8ec0a98459608045962,1,21,20,1,42,XXH64,4,4,4,1.409237597000,212881036.980000,212.881036980000,300000000,0,299999980,299999961,299999961,299999961,954401272726841663,2846794829647133757,strict_less_than_leftmost,false,1024,$KSSD_RELEASE_HOST/KSSD-Array-formal-results/final-validation-20260731-162115/03_figure3_final/logs/run_Synthetic_300_Mb_k21_w20_threads4_repeat1.log
final_release_formal,Synthetic_300_Mb,$KSSD_RELEASE_HOST/AEEE.fasta,300000057,a7eca29bdfa06ff373048fffa7a90139afc98acfa938a8ec0a98459608045962,1,21,20,1,42,MurmurHash3,4,4,4,0.930035740000,322568206.895000,322.568206895000,300000000,0,299999980,299999961,299999961,299999961,634459613686396130,5608880048156137022,strict_less_than_leftmost,false,1024,$KSSD_RELEASE_HOST/KSSD-Array-formal-results/final-validation-20260731-162115/03_figure3_final/logs/run_Synthetic_300_Mb_k21_w20_threads4_repeat1.log
final_release_formal,Synthetic_300_Mb,$KSSD_RELEASE_HOST/AEEE.fasta,300000057,a7eca29bdfa06ff373048fffa7a90139afc98acfa938a8ec0a98459608045962,1,21,20,1,42,wyhash,4,4,4,0.710013028000,422527403.258000,422.527403258000,300000000,0,299999980,299999961,299999961,299999961,1239117768617141704,12098017666451201306,strict_less_than_leftmost,false,1024,$KSSD_RELEASE_HOST/KSSD-Array-formal-results/final-validation-20260731-162115/03_figure3_final/logs/run_Synthetic_300_Mb_k21_w20_threads4_repeat1.log
final_release_formal,Synthetic_300_Mb,$KSSD_RELEASE_HOST/AEEE.fasta,300000057,a7eca29bdfa06ff373048fffa7a90139afc98acfa938a8ec0a98459608045962,1,21,20,2,42,KSSD-Array,4,4,4,0.560992495000,534766442.820000,534.766442820000,300000000,0,299999980,299999961,299999961,299999961,57545583792,64154468645209515,strict_less_than_leftmost,false,1024,$KSSD_RELEASE_HOST/KSSD-Array-formal-results/final-validation-20260731-162115/03_figure3_final/logs/run_Synthetic_300_Mb_k21_w20_threads4_repeat2.log
final_release_formal,Synthetic_300_Mb,$KSSD_RELEASE_HOST/AEEE.fasta,300000057,a7eca29bdfa06ff373048fffa7a90139afc98acfa938a8ec0a98459608045962,1,21,20,2,42,XXH3,4,4,4,1.179274803000,254393598.707000,254.393598707000,300000000,0,299999980,299999961,299999961,299999961,1435526153036178328,14116127324739616983,strict_less_than_leftmost,false,1024,$KSSD_RELEASE_HOST/KSSD-Array-formal-results/final-validation-20260731-162115/03_figure3_final/logs/run_Synthetic_300_Mb_k21_w20_threads4_repeat2.log
final_release_formal,Synthetic_300_Mb,$KSSD_RELEASE_HOST/AEEE.fasta,300000057,a7eca29bdfa06ff373048fffa7a90139afc98acfa938a8ec0a98459608045962,1,21,20,2,42,XXH64,4,4,4,1.408429132000,213003234.727000,213.003234727000,300000000,0,299999980,299999961,299999961,299999961,954401272726841663,2846794829647133757,strict_less_than_leftmost,false,1024,$KSSD_RELEASE_HOST/KSSD-Array-formal-results/final-validation-20260731-162115/03_figure3_final/logs/run_Synthetic_300_Mb_k21_w20_threads4_repeat2.log
final_release_formal,Synthetic_300_Mb,$KSSD_RELEASE_HOST/AEEE.fasta,300000057,a7eca29bdfa06ff373048fffa7a90139afc98acfa938a8ec0a98459608045962,1,21,20,2,42,MurmurHash3,4,4,4,0.930251595000,322493358.369000,322.493358369000,300000000,0,299999980,299999961,299999961,299999961,634459613686396130,5608880048156137022,strict_less_than_leftmost,false,1024,$KSSD_RELEASE_HOST/KSSD-Array-formal-results/final-validation-20260731-162115/03_figure3_final/logs/run_Synthetic_300_Mb_k21_w20_threads4_repeat2.log
final_release_formal,Synthetic_300_Mb,$KSSD_RELEASE_HOST/AEEE.fasta,300000057,a7eca29bdfa06ff373048fffa7a90139afc98acfa938a8ec0a98459608045962,1,21,20,2,42,wyhash,4,4,4,0.709518827000,422821706.181000,422.821706181000,300000000,0,299999980,299999961,299999961,299999961,1239117768617141704,12098017666451201306,strict_less_than_leftmost,false,1024,$KSSD_RELEASE_HOST/KSSD-Array-formal-results/final-validation-20260731-162115/03_figure3_final/logs/run_Synthetic_300_Mb_k21_w20_threads4_repeat2.log
final_release_formal,Synthetic_300_Mb,$KSSD_RELEASE_HOST/AEEE.fasta,300000057,a7eca29bdfa06ff373048fffa7a90139afc98acfa938a8ec0a98459608045962,1,21,20,3,42,KSSD-Array,4,4,4,0.558671098000,536988510.904000,536.988510904000,300000000,0,299999980,299999961,299999961,299999961,57545583792,64154468645209515,strict_less_than_leftmost,false,1024,$KSSD_RELEASE_HOST/KSSD-Array-formal-results/final-validation-20260731-162115/03_figure3_final/logs/run_Synthetic_300_Mb_k21_w20_threads4_repeat3.log
final_release_formal,Synthetic_300_Mb,$KSSD_RELEASE_HOST/AEEE.fasta,300000057,a7eca29bdfa06ff373048fffa7a90139afc98acfa938a8ec0a98459608045962,1,21,20,3,42,XXH3,4,4,4,1.181880431000,253832750.870000,253.832750870000,300000000,0,299999980,299999961,299999961,299999961,1435526153036178328,14116127324739616983,strict_less_than_leftmost,false,1024,$KSSD_RELEASE_HOST/KSSD-Array-formal-results/final-validation-20260731-162115/03_figure3_final/logs/run_Synthetic_300_Mb_k21_w20_threads4_repeat3.log
final_release_formal,Synthetic_300_Mb,$KSSD_RELEASE_HOST/AEEE.fasta,300000057,a7eca29bdfa06ff373048fffa7a90139afc98acfa938a8ec0a98459608045962,1,21,20,3,42,XXH64,4,4,4,1.409664612000,212816551.147000,212.816551147000,300000000,0,299999980,299999961,299999961,299999961,954401272726841663,2846794829647133757,strict_less_than_leftmost,false,1024,$KSSD_RELEASE_HOST/KSSD-Array-formal-results/final-validation-20260731-162115/03_figure3_final/logs/run_Synthetic_300_Mb_k21_w20_threads4_repeat3.log
final_release_formal,Synthetic_300_Mb,$KSSD_RELEASE_HOST/AEEE.fasta,300000057,a7eca29bdfa06ff373048fffa7a90139afc98acfa938a8ec0a98459608045962,1,21,20,3,42,MurmurHash3,4,4,4,0.932763014000,321625060.704000,321.625060704000,300000000,0,299999980,299999961,299999961,299999961,634459613686396130,5608880048156137022,strict_less_than_leftmost,false,1024,$KSSD_RELEASE_HOST/KSSD-Array-formal-results/final-validation-20260731-162115/03_figure3_final/logs/run_Synthetic_300_Mb_k21_w20_threads4_repeat3.log
final_release_formal,Synthetic_300_Mb,$KSSD_RELEASE_HOST/AEEE.fasta,300000057,a7eca29bdfa06ff373048fffa7a90139afc98acfa938a8ec0a98459608045962,1,21,20,3,42,wyhash,4,4,4,0.708516810000,423419680.050000,423.419680050000,300000000,0,299999980,299999961,299999961,299999961,1239117768617141704,12098017666451201306,strict_less_than_leftmost,false,1024,$KSSD_RELEASE_HOST/KSSD-Array-formal-results/final-validation-20260731-162115/03_figure3_final/logs/run_Synthetic_300_Mb_k21_w20_threads4_repeat3.log
final_release_formal,Synthetic_300_Mb,$KSSD_RELEASE_HOST/AEEE.fasta,300000057,a7eca29bdfa06ff373048fffa7a90139afc98acfa938a8ec0a98459608045962,1,21,20,4,42,KSSD-Array,4,4,4,0.559639585000,536059222.830000,536.059222830000,300000000,0,299999980,299999961,299999961,299999961,57545583792,64154468645209515,strict_less_than_leftmost,false,1024,$KSSD_RELEASE_HOST/KSSD-Array-formal-results/final-validation-20260731-162115/03_figure3_final/logs/run_Synthetic_300_Mb_k21_w20_threads4_repeat4.log
final_release_formal,Synthetic_300_Mb,$KSSD_RELEASE_HOST/AEEE.fasta,300000057,a7eca29bdfa06ff373048fffa7a90139afc98acfa938a8ec0a98459608045962,1,21,20,4,42,XXH3,4,4,4,1.177437687000,254790520.392000,254.790520392000,300000000,0,299999980,299999961,299999961,299999961,1435526153036178328,14116127324739616983,strict_less_than_leftmost,false,1024,$KSSD_RELEASE_HOST/KSSD-Array-formal-results/final-validation-20260731-162115/03_figure3_final/logs/run_Synthetic_300_Mb_k21_w20_threads4_repeat4.log
final_release_formal,Synthetic_300_Mb,$KSSD_RELEASE_HOST/AEEE.fasta,300000057,a7eca29bdfa06ff373048fffa7a90139afc98acfa938a8ec0a98459608045962,1,21,20,4,42,XXH64,4,4,4,1.414938690000,212023293.391000,212.023293391000,300000000,0,299999980,299999961,299999961,299999961,954401272726841663,2846794829647133757,strict_less_than_leftmost,false,1024,$KSSD_RELEASE_HOST/KSSD-Array-formal-results/final-validation-20260731-162115/03_figure3_final/logs/run_Synthetic_300_Mb_k21_w20_threads4_repeat4.log
final_release_formal,Synthetic_300_Mb,$KSSD_RELEASE_HOST/AEEE.fasta,300000057,a7eca29bdfa06ff373048fffa7a90139afc98acfa938a8ec0a98459608045962,1,21,20,4,42,MurmurHash3,4,4,4,0.966863900000,310281479.120000,310.281479120000,300000000,0,299999980,299999961,299999961,299999961,634459613686396130,5608880048156137022,strict_less_than_leftmost,false,1024,$KSSD_RELEASE_HOST/KSSD-Array-formal-results/final-validation-20260731-162115/03_figure3_final/logs/run_Synthetic_300_Mb_k21_w20_threads4_repeat4.log
final_release_formal,Synthetic_300_Mb,$KSSD_RELEASE_HOST/AEEE.fasta,300000057,a7eca29bdfa06ff373048fffa7a90139afc98acfa938a8ec0a98459608045962,1,21,20,4,42,wyhash,4,4,4,0.709621928000,422760274.398000,422.760274398000,300000000,0,299999980,299999961,299999961,299999961,1239117768617141704,12098017666451201306,strict_less_than_leftmost,false,1024,$KSSD_RELEASE_HOST/KSSD-Array-formal-results/final-validation-20260731-162115/03_figure3_final/logs/run_Synthetic_300_Mb_k21_w20_threads4_repeat4.log
final_release_formal,Synthetic_300_Mb,$KSSD_RELEASE_HOST/AEEE.fasta,300000057,a7eca29bdfa06ff373048fffa7a90139afc98acfa938a8ec0a98459608045962,1,21,20,5,42,KSSD-Array,4,4,4,0.558951846000,536718794.556000,536.718794556000,300000000,0,299999980,299999961,299999961,299999961,57545583792,64154468645209515,strict_less_than_leftmost,false,1024,$KSSD_RELEASE_HOST/KSSD-Array-formal-results/final-validation-20260731-162115/03_figure3_final/logs/run_Synthetic_300_Mb_k21_w20_threads4_repeat5.log
final_release_formal,Synthetic_300_Mb,$KSSD_RELEASE_HOST/AEEE.fasta,300000057,a7eca29bdfa06ff373048fffa7a90139afc98acfa938a8ec0a98459608045962,1,21,20,5,42,XXH3,4,4,4,1.176727447000,254944304.873000,254.944304873000,300000000,0,299999980,299999961,299999961,299999961,1435526153036178328,14116127324739616983,strict_less_than_leftmost,false,1024,$KSSD_RELEASE_HOST/KSSD-Array-formal-results/final-validation-20260731-162115/03_figure3_final/logs/run_Synthetic_300_Mb_k21_w20_threads4_repeat5.log
final_release_formal,Synthetic_300_Mb,$KSSD_RELEASE_HOST/AEEE.fasta,300000057,a7eca29bdfa06ff373048fffa7a90139afc98acfa938a8ec0a98459608045962,1,21,20,5,42,XXH64,4,4,4,1.410835837000,212639878.526000,212.639878526000,300000000,0,299999980,299999961,299999961,299999961,954401272726841663,2846794829647133757,strict_less_than_leftmost,false,1024,$KSSD_RELEASE_HOST/KSSD-Array-formal-results/final-validation-20260731-162115/03_figure3_final/logs/run_Synthetic_300_Mb_k21_w20_threads4_repeat5.log
final_release_formal,Synthetic_300_Mb,$KSSD_RELEASE_HOST/AEEE.fasta,300000057,a7eca29bdfa06ff373048fffa7a90139afc98acfa938a8ec0a98459608045962,1,21,20,5,42,MurmurHash3,4,4,4,0.930055333000,322561411.516000,322.561411516000,300000000,0,299999980,299999961,299999961,299999961,634459613686396130,5608880048156137022,strict_less_than_leftmost,false,1024,$KSSD_RELEASE_HOST/KSSD-Array-formal-results/final-validation-20260731-162115/03_figure3_final/logs/run_Synthetic_300_Mb_k21_w20_threads4_repeat5.log
final_release_formal,Synthetic_300_Mb,$KSSD_RELEASE_HOST/AEEE.fasta,300000057,a7eca29bdfa06ff373048fffa7a90139afc98acfa938a8ec0a98459608045962,1,21,20,5,42,wyhash,4,4,4,0.708614902000,423361066.996000,423.361066996000,300000000,0,299999980,299999961,299999961,299999961,1239117768617141704,12098017666451201306,strict_less_than_leftmost,false,1024,$KSSD_RELEASE_HOST/KSSD-Array-formal-results/final-validation-20260731-162115/03_figure3_final/logs/run_Synthetic_300_Mb_k21_w20_threads4_repeat5.log
final_release_formal,Synthetic_300_Mb,$KSSD_RELEASE_HOST/AEEE.fasta,300000057,a7eca29bdfa06ff373048fffa7a90139afc98acfa938a8ec0a98459608045962,1,21,20,1,42,KSSD-Array,8,8,8,0.284420581000,1054775853.228000,1054.775853228000,300000000,0,299999980,299999961,299999961,299999961,57545583792,64154468645209515,strict_less_than_leftmost,false,1024,$KSSD_RELEASE_HOST/KSSD-Array-formal-results/final-validation-20260731-162115/03_figure3_final/logs/run_Synthetic_300_Mb_k21_w20_threads8_repeat1.log
final_release_formal,Synthetic_300_Mb,$KSSD_RELEASE_HOST/AEEE.fasta,300000057,a7eca29bdfa06ff373048fffa7a90139afc98acfa938a8ec0a98459608045962,1,21,20,1,42,XXH3,8,8,8,0.588779717000,509528355.577000,509.528355577000,300000000,0,299999980,299999961,299999961,299999961,1435526153036178328,14116127324739616983,strict_less_than_leftmost,false,1024,$KSSD_RELEASE_HOST/KSSD-Array-formal-results/final-validation-20260731-162115/03_figure3_final/logs/run_Synthetic_300_Mb_k21_w20_threads8_repeat1.log
final_release_formal,Synthetic_300_Mb,$KSSD_RELEASE_HOST/AEEE.fasta,300000057,a7eca29bdfa06ff373048fffa7a90139afc98acfa938a8ec0a98459608045962,1,21,20,1,42,XXH64,8,8,8,0.704929366000,425574497.914000,425.574497914000,300000000,0,299999980,299999961,299999961,299999961,954401272726841663,2846794829647133757,strict_less_than_leftmost,false,1024,$KSSD_RELEASE_HOST/KSSD-Array-formal-results/final-validation-20260731-162115/03_figure3_final/logs/run_Synthetic_300_Mb_k21_w20_threads8_repeat1.log
final_release_formal,Synthetic_300_Mb,$KSSD_RELEASE_HOST/AEEE.fasta,300000057,a7eca29bdfa06ff373048fffa7a90139afc98acfa938a8ec0a98459608045962,1,21,20,1,42,MurmurHash3,8,8,8,0.465326910000,644707955.962000,644.707955962000,300000000,0,299999980,299999961,299999961,299999961,634459613686396130,5608880048156137022,strict_less_than_leftmost,false,1024,$KSSD_RELEASE_HOST/KSSD-Array-formal-results/final-validation-20260731-162115/03_figure3_final/logs/run_Synthetic_300_Mb_k21_w20_threads8_repeat1.log
final_release_formal,Synthetic_300_Mb,$KSSD_RELEASE_HOST/AEEE.fasta,300000057,a7eca29bdfa06ff373048fffa7a90139afc98acfa938a8ec0a98459608045962,1,21,20,1,42,wyhash,8,8,8,0.356010625000,842671369.710000,842.671369710000,300000000,0,299999980,299999961,299999961,299999961,1239117768617141704,12098017666451201306,strict_less_than_leftmost,false,1024,$KSSD_RELEASE_HOST/KSSD-Array-formal-results/final-validation-20260731-162115/03_figure3_final/logs/run_Synthetic_300_Mb_k21_w20_threads8_repeat1.log
final_release_formal,Synthetic_300_Mb,$KSSD_RELEASE_HOST/AEEE.fasta,300000057,a7eca29bdfa06ff373048fffa7a90139afc98acfa938a8ec0a98459608045962,1,21,20,2,42,KSSD-Array,8,8,8,0.292668042000,1025051997.307000,1025.051997307000,300000000,0,299999980,299999961,299999961,299999961,57545583792,64154468645209515,strict_less_than_leftmost,false,1024,$KSSD_RELEASE_HOST/KSSD-Array-formal-results/final-validation-20260731-162115/03_figure3_final/logs/run_Synthetic_300_Mb_k21_w20_threads8_repeat2.log
final_release_formal,Synthetic_300_Mb,$KSSD_RELEASE_HOST/AEEE.fasta,300000057,a7eca29bdfa06ff373048fffa7a90139afc98acfa938a8ec0a98459608045962,1,21,20,2,42,XXH3,8,8,8,0.595654409000,503647679.707000,503.647679707000,300000000,0,299999980,299999961,299999961,299999961,1435526153036178328,14116127324739616983,strict_less_than_leftmost,false,1024,$KSSD_RELEASE_HOST/KSSD-Array-formal-results/final-validation-20260731-162115/03_figure3_final/logs/run_Synthetic_300_Mb_k21_w20_threads8_repeat2.log
final_release_formal,Synthetic_300_Mb,$KSSD_RELEASE_HOST/AEEE.fasta,300000057,a7eca29bdfa06ff373048fffa7a90139afc98acfa938a8ec0a98459608045962,1,21,20,2,42,XXH64,8,8,8,0.706937538000,424365583.767000,424.365583767000,300000000,0,299999980,299999961,299999961,299999961,954401272726841663,2846794829647133757,strict_less_than_leftmost,false,1024,$KSSD_RELEASE_HOST/KSSD-Array-formal-results/final-validation-20260731-162115/03_figure3_final/logs/run_Synthetic_300_Mb_k21_w20_threads8_repeat2.log
final_release_formal,Synthetic_300_Mb,$KSSD_RELEASE_HOST/AEEE.fasta,300000057,a7eca29bdfa06ff373048fffa7a90139afc98acfa938a8ec0a98459608045962,1,21,20,2,42,MurmurHash3,8,8,8,0.465463933000,644518167.211000,644.518167211000,300000000,0,299999980,299999961,299999961,299999961,634459613686396130,5608880048156137022,strict_less_than_leftmost,false,1024,$KSSD_RELEASE_HOST/KSSD-Array-formal-results/final-validation-20260731-162115/03_figure3_final/logs/run_Synthetic_300_Mb_k21_w20_threads8_repeat2.log
final_release_formal,Synthetic_300_Mb,$KSSD_RELEASE_HOST/AEEE.fasta,300000057,a7eca29bdfa06ff373048fffa7a90139afc98acfa938a8ec0a98459608045962,1,21,20,2,42,wyhash,8,8,8,0.355024274000,845012532.861000,845.012532861000,300000000,0,299999980,299999961,299999961,299999961,1239117768617141704,12098017666451201306,strict_less_than_leftmost,false,1024,$KSSD_RELEASE_HOST/KSSD-Array-formal-results/final-validation-20260731-162115/03_figure3_final/logs/run_Synthetic_300_Mb_k21_w20_threads8_repeat2.log
final_release_formal,Synthetic_300_Mb,$KSSD_RELEASE_HOST/AEEE.fasta,300000057,a7eca29bdfa06ff373048fffa7a90139afc98acfa938a8ec0a98459608045962,1,21,20,3,42,KSSD-Array,8,8,8,0.285870664000,1049425487.744000,1049.425487744000,300000000,0,299999980,299999961,299999961,299999961,57545583792,64154468645209515,strict_less_than_leftmost,false,1024,$KSSD_RELEASE_HOST/KSSD-Array-formal-results/final-validation-20260731-162115/03_figure3_final/logs/run_Synthetic_300_Mb_k21_w20_threads8_repeat3.log
final_release_formal,Synthetic_300_Mb,$KSSD_RELEASE_HOST/AEEE.fasta,300000057,a7eca29bdfa06ff373048fffa7a90139afc98acfa938a8ec0a98459608045962,1,21,20,3,42,XXH3,8,8,8,0.588859364000,509459438.604000,509.459438604000,300000000,0,299999980,299999961,299999961,299999961,1435526153036178328,14116127324739616983,strict_less_than_leftmost,false,1024,$KSSD_RELEASE_HOST/KSSD-Array-formal-results/final-validation-20260731-162115/03_figure3_final/logs/run_Synthetic_300_Mb_k21_w20_threads8_repeat3.log
final_release_formal,Synthetic_300_Mb,$KSSD_RELEASE_HOST/AEEE.fasta,300000057,a7eca29bdfa06ff373048fffa7a90139afc98acfa938a8ec0a98459608045962,1,21,20,3,42,XXH64,8,8,8,0.704865314000,425613170.405000,425.613170405000,300000000,0,299999980,299999961,299999961,299999961,954401272726841663,2846794829647133757,strict_less_than_leftmost,false,1024,$KSSD_RELEASE_HOST/KSSD-Array-formal-results/final-validation-20260731-162115/03_figure3_final/logs/run_Synthetic_300_Mb_k21_w20_threads8_repeat3.log
final_release_formal,Synthetic_300_Mb,$KSSD_RELEASE_HOST/AEEE.fasta,300000057,a7eca29bdfa06ff373048fffa7a90139afc98acfa938a8ec0a98459608045962,1,21,20,3,42,MurmurHash3,8,8,8,0.465124834000,644988052.820000,644.988052820000,300000000,0,299999980,299999961,299999961,299999961,634459613686396130,5608880048156137022,strict_less_than_leftmost,false,1024,$KSSD_RELEASE_HOST/KSSD-Array-formal-results/final-validation-20260731-162115/03_figure3_final/logs/run_Synthetic_300_Mb_k21_w20_threads8_repeat3.log
final_release_formal,Synthetic_300_Mb,$KSSD_RELEASE_HOST/AEEE.fasta,300000057,a7eca29bdfa06ff373048fffa7a90139afc98acfa938a8ec0a98459608045962,1,21,20,3,42,wyhash,8,8,8,0.355042570000,844968987.803000,844.968987803000,300000000,0,299999980,299999961,299999961,299999961,1239117768617141704,12098017666451201306,strict_less_than_leftmost,false,1024,$KSSD_RELEASE_HOST/KSSD-Array-formal-results/final-validation-20260731-162115/03_figure3_final/logs/run_Synthetic_300_Mb_k21_w20_threads8_repeat3.log
final_release_formal,Synthetic_300_Mb,$KSSD_RELEASE_HOST/AEEE.fasta,300000057,a7eca29bdfa06ff373048fffa7a90139afc98acfa938a8ec0a98459608045962,1,21,20,4,42,KSSD-Array,8,8,8,0.284974114000,1052727059.272000,1052.727059272000,300000000,0,299999980,299999961,299999961,299999961,57545583792,64154468645209515,strict_less_than_leftmost,false,1024,$KSSD_RELEASE_HOST/KSSD-Array-formal-results/final-validation-20260731-162115/03_figure3_final/logs/run_Synthetic_300_Mb_k21_w20_threads8_repeat4.log
final_release_formal,Synthetic_300_Mb,$KSSD_RELEASE_HOST/AEEE.fasta,300000057,a7eca29bdfa06ff373048fffa7a90139afc98acfa938a8ec0a98459608045962,1,21,20,4,42,XXH3,8,8,8,0.588998688000,509338929.122000,509.338929122000,300000000,0,299999980,299999961,299999961,299999961,1435526153036178328,14116127324739616983,strict_less_than_leftmost,false,1024,$KSSD_RELEASE_HOST/KSSD-Array-formal-results/final-validation-20260731-162115/03_figure3_final/logs/run_Synthetic_300_Mb_k21_w20_threads8_repeat4.log
final_release_formal,Synthetic_300_Mb,$KSSD_RELEASE_HOST/AEEE.fasta,300000057,a7eca29bdfa06ff373048fffa7a90139afc98acfa938a8ec0a98459608045962,1,21,20,4,42,XXH64,8,8,8,0.704599338000,425773833.185000,425.773833185000,300000000,0,299999980,299999961,299999961,299999961,954401272726841663,2846794829647133757,strict_less_than_leftmost,false,1024,$KSSD_RELEASE_HOST/KSSD-Array-formal-results/final-validation-20260731-162115/03_figure3_final/logs/run_Synthetic_300_Mb_k21_w20_threads8_repeat4.log
final_release_formal,Synthetic_300_Mb,$KSSD_RELEASE_HOST/AEEE.fasta,300000057,a7eca29bdfa06ff373048fffa7a90139afc98acfa938a8ec0a98459608045962,1,21,20,4,42,MurmurHash3,8,8,8,0.465306457000,644736294.730000,644.736294730000,300000000,0,299999980,299999961,299999961,299999961,634459613686396130,5608880048156137022,strict_less_than_leftmost,false,1024,$KSSD_RELEASE_HOST/KSSD-Array-formal-results/final-validation-20260731-162115/03_figure3_final/logs/run_Synthetic_300_Mb_k21_w20_threads8_repeat4.log
final_release_formal,Synthetic_300_Mb,$KSSD_RELEASE_HOST/AEEE.fasta,300000057,a7eca29bdfa06ff373048fffa7a90139afc98acfa938a8ec0a98459608045962,1,21,20,4,42,wyhash,8,8,8,0.355230104000,844522909.579000,844.522909579000,300000000,0,299999980,299999961,299999961,299999961,1239117768617141704,12098017666451201306,strict_less_than_leftmost,false,1024,$KSSD_RELEASE_HOST/KSSD-Array-formal-results/final-validation-20260731-162115/03_figure3_final/logs/run_Synthetic_300_Mb_k21_w20_threads8_repeat4.log
final_release_formal,Synthetic_300_Mb,$KSSD_RELEASE_HOST/AEEE.fasta,300000057,a7eca29bdfa06ff373048fffa7a90139afc98acfa938a8ec0a98459608045962,1,21,20,5,42,KSSD-Array,8,8,8,0.284180257000,1055667850.283000,1055.667850283000,300000000,0,299999980,299999961,299999961,299999961,57545583792,64154468645209515,strict_less_than_leftmost,false,1024,$KSSD_RELEASE_HOST/KSSD-Array-formal-results/final-validation-20260731-162115/03_figure3_final/logs/run_Synthetic_300_Mb_k21_w20_threads8_repeat5.log
final_release_formal,Synthetic_300_Mb,$KSSD_RELEASE_HOST/AEEE.fasta,300000057,a7eca29bdfa06ff373048fffa7a90139afc98acfa938a8ec0a98459608045962,1,21,20,5,42,XXH3,8,8,8,0.590226787000,508279135.423000,508.279135423000,300000000,0,299999980,299999961,299999961,299999961,1435526153036178328,14116127324739616983,strict_less_than_leftmost,false,1024,$KSSD_RELEASE_HOST/KSSD-Array-formal-results/final-validation-20260731-162115/03_figure3_final/logs/run_Synthetic_300_Mb_k21_w20_threads8_repeat5.log
final_release_formal,Synthetic_300_Mb,$KSSD_RELEASE_HOST/AEEE.fasta,300000057,a7eca29bdfa06ff373048fffa7a90139afc98acfa938a8ec0a98459608045962,1,21,20,5,42,XXH64,8,8,8,0.704558683000,425798401.522000,425.798401522000,300000000,0,299999980,299999961,299999961,299999961,954401272726841663,2846794829647133757,strict_less_than_leftmost,false,1024,$KSSD_RELEASE_HOST/KSSD-Array-formal-results/final-validation-20260731-162115/03_figure3_final/logs/run_Synthetic_300_Mb_k21_w20_threads8_repeat5.log
final_release_formal,Synthetic_300_Mb,$KSSD_RELEASE_HOST/AEEE.fasta,300000057,a7eca29bdfa06ff373048fffa7a90139afc98acfa938a8ec0a98459608045962,1,21,20,5,42,MurmurHash3,8,8,8,0.465298987000,644746645.451000,644.746645451000,300000000,0,299999980,299999961,299999961,299999961,634459613686396130,5608880048156137022,strict_less_than_leftmost,false,1024,$KSSD_RELEASE_HOST/KSSD-Array-formal-results/final-validation-20260731-162115/03_figure3_final/logs/run_Synthetic_300_Mb_k21_w20_threads8_repeat5.log
final_release_formal,Synthetic_300_Mb,$KSSD_RELEASE_HOST/AEEE.fasta,300000057,a7eca29bdfa06ff373048fffa7a90139afc98acfa938a8ec0a98459608045962,1,21,20,5,42,wyhash,8,8,8,0.354961426000,845162147.281000,845.162147281000,300000000,0,299999980,299999961,299999961,299999961,1239117768617141704,12098017666451201306,strict_less_than_leftmost,false,1024,$KSSD_RELEASE_HOST/KSSD-Array-formal-results/final-validation-20260731-162115/03_figure3_final/logs/run_Synthetic_300_Mb_k21_w20_threads8_repeat5.log
final_release_formal,Synthetic_300_Mb,$KSSD_RELEASE_HOST/AEEE.fasta,300000057,a7eca29bdfa06ff373048fffa7a90139afc98acfa938a8ec0a98459608045962,1,21,20,1,42,KSSD-Array,16,16,16,0.146895505000,2042267807.990000,2042.267807990000,300000000,0,299999980,299999961,299999961,299999961,57545583792,64154468645209515,strict_less_than_leftmost,false,1024,$KSSD_RELEASE_HOST/KSSD-Array-formal-results/final-validation-20260731-162115/03_figure3_final/logs/run_Synthetic_300_Mb_k21_w20_threads16_repeat1.log
final_release_formal,Synthetic_300_Mb,$KSSD_RELEASE_HOST/AEEE.fasta,300000057,a7eca29bdfa06ff373048fffa7a90139afc98acfa938a8ec0a98459608045962,1,21,20,1,42,XXH3,16,16,16,0.295912437000,1013813288.963000,1013.813288963000,300000000,0,299999980,299999961,299999961,299999961,1435526153036178328,14116127324739616983,strict_less_than_leftmost,false,1024,$KSSD_RELEASE_HOST/KSSD-Array-formal-results/final-validation-20260731-162115/03_figure3_final/logs/run_Synthetic_300_Mb_k21_w20_threads16_repeat1.log
final_release_formal,Synthetic_300_Mb,$KSSD_RELEASE_HOST/AEEE.fasta,300000057,a7eca29bdfa06ff373048fffa7a90139afc98acfa938a8ec0a98459608045962,1,21,20,1,42,XXH64,16,16,16,0.353191916000,849396453.910000,849.396453910000,300000000,0,299999980,299999961,299999961,299999961,954401272726841663,2846794829647133757,strict_less_than_leftmost,false,1024,$KSSD_RELEASE_HOST/KSSD-Array-formal-results/final-validation-20260731-162115/03_figure3_final/logs/run_Synthetic_300_Mb_k21_w20_threads16_repeat1.log
final_release_formal,Synthetic_300_Mb,$KSSD_RELEASE_HOST/AEEE.fasta,300000057,a7eca29bdfa06ff373048fffa7a90139afc98acfa938a8ec0a98459608045962,1,21,20,1,42,MurmurHash3,16,16,16,0.233350469000,1285619704.497000,1285.619704497000,300000000,0,299999980,299999961,299999961,299999961,634459613686396130,5608880048156137022,strict_less_than_leftmost,false,1024,$KSSD_RELEASE_HOST/KSSD-Array-formal-results/final-validation-20260731-162115/03_figure3_final/logs/run_Synthetic_300_Mb_k21_w20_threads16_repeat1.log
final_release_formal,Synthetic_300_Mb,$KSSD_RELEASE_HOST/AEEE.fasta,300000057,a7eca29bdfa06ff373048fffa7a90139afc98acfa938a8ec0a98459608045962,1,21,20,1,42,wyhash,16,16,16,0.184738886000,1623913446.138000,1623.913446138000,300000000,0,299999980,299999961,299999961,299999961,1239117768617141704,12098017666451201306,strict_less_than_leftmost,false,1024,$KSSD_RELEASE_HOST/KSSD-Array-formal-results/final-validation-20260731-162115/03_figure3_final/logs/run_Synthetic_300_Mb_k21_w20_threads16_repeat1.log
final_release_formal,Synthetic_300_Mb,$KSSD_RELEASE_HOST/AEEE.fasta,300000057,a7eca29bdfa06ff373048fffa7a90139afc98acfa938a8ec0a98459608045962,1,21,20,2,42,KSSD-Array,16,16,16,0.148640990000,2018285541.559000,2018.285541559000,300000000,0,299999980,299999961,299999961,299999961,57545583792,64154468645209515,strict_less_than_leftmost,false,1024,$KSSD_RELEASE_HOST/KSSD-Array-formal-results/final-validation-20260731-162115/03_figure3_final/logs/run_Synthetic_300_Mb_k21_w20_threads16_repeat2.log
final_release_formal,Synthetic_300_Mb,$KSSD_RELEASE_HOST/AEEE.fasta,300000057,a7eca29bdfa06ff373048fffa7a90139afc98acfa938a8ec0a98459608045962,1,21,20,2,42,XXH3,16,16,16,0.302512064000,991695858.450000,991.695858450000,300000000,0,299999980,299999961,299999961,299999961,1435526153036178328,14116127324739616983,strict_less_than_leftmost,false,1024,$KSSD_RELEASE_HOST/KSSD-Array-formal-results/final-validation-20260731-162115/03_figure3_final/logs/run_Synthetic_300_Mb_k21_w20_threads16_repeat2.log
final_release_formal,Synthetic_300_Mb,$KSSD_RELEASE_HOST/AEEE.fasta,300000057,a7eca29bdfa06ff373048fffa7a90139afc98acfa938a8ec0a98459608045962,1,21,20,2,42,XXH64,16,16,16,0.355358537000,844217683.731000,844.217683731000,300000000,0,299999980,299999961,299999961,299999961,954401272726841663,2846794829647133757,strict_less_than_leftmost,false,1024,$KSSD_RELEASE_HOST/KSSD-Array-formal-results/final-validation-20260731-162115/03_figure3_final/logs/run_Synthetic_300_Mb_k21_w20_threads16_repeat2.log
final_release_formal,Synthetic_300_Mb,$KSSD_RELEASE_HOST/AEEE.fasta,300000057,a7eca29bdfa06ff373048fffa7a90139afc98acfa938a8ec0a98459608045962,1,21,20,2,42,MurmurHash3,16,16,16,0.236483871000,1268585293.921000,1268.585293921000,300000000,0,299999980,299999961,299999961,299999961,634459613686396130,5608880048156137022,strict_less_than_leftmost,false,1024,$KSSD_RELEASE_HOST/KSSD-Array-formal-results/final-validation-20260731-162115/03_figure3_final/logs/run_Synthetic_300_Mb_k21_w20_threads16_repeat2.log
final_release_formal,Synthetic_300_Mb,$KSSD_RELEASE_HOST/AEEE.fasta,300000057,a7eca29bdfa06ff373048fffa7a90139afc98acfa938a8ec0a98459608045962,1,21,20,2,42,wyhash,16,16,16,0.208988571000,1435485010.326000,1435.485010326000,300000000,0,299999980,299999961,299999961,299999961,1239117768617141704,12098017666451201306,strict_less_than_leftmost,false,1024,$KSSD_RELEASE_HOST/KSSD-Array-formal-results/final-validation-20260731-162115/03_figure3_final/logs/run_Synthetic_300_Mb_k21_w20_threads16_repeat2.log
final_release_formal,Synthetic_300_Mb,$KSSD_RELEASE_HOST/AEEE.fasta,300000057,a7eca29bdfa06ff373048fffa7a90139afc98acfa938a8ec0a98459608045962,1,21,20,3,42,KSSD-Array,16,16,16,0.147638510000,2031989898.841000,2031.989898841000,300000000,0,299999980,299999961,299999961,299999961,57545583792,64154468645209515,strict_less_than_leftmost,false,1024,$KSSD_RELEASE_HOST/KSSD-Array-formal-results/final-validation-20260731-162115/03_figure3_final/logs/run_Synthetic_300_Mb_k21_w20_threads16_repeat3.log
final_release_formal,Synthetic_300_Mb,$KSSD_RELEASE_HOST/AEEE.fasta,300000057,a7eca29bdfa06ff373048fffa7a90139afc98acfa938a8ec0a98459608045962,1,21,20,3,42,XXH3,16,16,16,0.297672222000,1007819805.907000,1007.819805907000,300000000,0,299999980,299999961,299999961,299999961,1435526153036178328,14116127324739616983,strict_less_than_leftmost,false,1024,$KSSD_RELEASE_HOST/KSSD-Array-formal-results/final-validation-20260731-162115/03_figure3_final/logs/run_Synthetic_300_Mb_k21_w20_threads16_repeat3.log
final_release_formal,Synthetic_300_Mb,$KSSD_RELEASE_HOST/AEEE.fasta,300000057,a7eca29bdfa06ff373048fffa7a90139afc98acfa938a8ec0a98459608045962,1,21,20,3,42,XXH64,16,16,16,0.353706929000,848159694.943000,848.159694943000,300000000,0,299999980,299999961,299999961,299999961,954401272726841663,2846794829647133757,strict_less_than_leftmost,false,1024,$KSSD_RELEASE_HOST/KSSD-Array-formal-results/final-validation-20260731-162115/03_figure3_final/logs/run_Synthetic_300_Mb_k21_w20_threads16_repeat3.log
final_release_formal,Synthetic_300_Mb,$KSSD_RELEASE_HOST/AEEE.fasta,300000057,a7eca29bdfa06ff373048fffa7a90139afc98acfa938a8ec0a98459608045962,1,21,20,3,42,MurmurHash3,16,16,16,0.233282874000,1285992219.900000,1285.992219900000,300000000,0,299999980,299999961,299999961,299999961,634459613686396130,5608880048156137022,strict_less_than_leftmost,false,1024,$KSSD_RELEASE_HOST/KSSD-Array-formal-results/final-validation-20260731-162115/03_figure3_final/logs/run_Synthetic_300_Mb_k21_w20_threads16_repeat3.log
final_release_formal,Synthetic_300_Mb,$KSSD_RELEASE_HOST/AEEE.fasta,300000057,a7eca29bdfa06ff373048fffa7a90139afc98acfa938a8ec0a98459608045962,1,21,20,3,42,wyhash,16,16,16,0.187995916000,1595779139.160000,1595.779139160000,300000000,0,299999980,299999961,299999961,299999961,1239117768617141704,12098017666451201306,strict_less_than_leftmost,false,1024,$KSSD_RELEASE_HOST/KSSD-Array-formal-results/final-validation-20260731-162115/03_figure3_final/logs/run_Synthetic_300_Mb_k21_w20_threads16_repeat3.log
final_release_formal,Synthetic_300_Mb,$KSSD_RELEASE_HOST/AEEE.fasta,300000057,a7eca29bdfa06ff373048fffa7a90139afc98acfa938a8ec0a98459608045962,1,21,20,4,42,KSSD-Array,16,16,16,0.149766708000,2003115144.923000,2003.115144923000,300000000,0,299999980,299999961,299999961,299999961,57545583792,64154468645209515,strict_less_than_leftmost,false,1024,$KSSD_RELEASE_HOST/KSSD-Array-formal-results/final-validation-20260731-162115/03_figure3_final/logs/run_Synthetic_300_Mb_k21_w20_threads16_repeat4.log
final_release_formal,Synthetic_300_Mb,$KSSD_RELEASE_HOST/AEEE.fasta,300000057,a7eca29bdfa06ff373048fffa7a90139afc98acfa938a8ec0a98459608045962,1,21,20,4,42,XXH3,16,16,16,0.297886013000,1007096499.694000,1007.096499694000,300000000,0,299999980,299999961,299999961,299999961,1435526153036178328,14116127324739616983,strict_less_than_leftmost,false,1024,$KSSD_RELEASE_HOST/KSSD-Array-formal-results/final-validation-20260731-162115/03_figure3_final/logs/run_Synthetic_300_Mb_k21_w20_threads16_repeat4.log
final_release_formal,Synthetic_300_Mb,$KSSD_RELEASE_HOST/AEEE.fasta,300000057,a7eca29bdfa06ff373048fffa7a90139afc98acfa938a8ec0a98459608045962,1,21,20,4,42,XXH64,16,16,16,0.359341825000,834859568.602000,834.859568602000,300000000,0,299999980,299999961,299999961,299999961,954401272726841663,2846794829647133757,strict_less_than_leftmost,false,1024,$KSSD_RELEASE_HOST/KSSD-Array-formal-results/final-validation-20260731-162115/03_figure3_final/logs/run_Synthetic_300_Mb_k21_w20_threads16_repeat4.log
final_release_formal,Synthetic_300_Mb,$KSSD_RELEASE_HOST/AEEE.fasta,300000057,a7eca29bdfa06ff373048fffa7a90139afc98acfa938a8ec0a98459608045962,1,21,20,4,42,MurmurHash3,16,16,16,0.234513281000,1279245080.367000,1279.245080367000,300000000,0,299999980,299999961,299999961,299999961,634459613686396130,5608880048156137022,strict_less_than_leftmost,false,1024,$KSSD_RELEASE_HOST/KSSD-Array-formal-results/final-validation-20260731-162115/03_figure3_final/logs/run_Synthetic_300_Mb_k21_w20_threads16_repeat4.log
final_release_formal,Synthetic_300_Mb,$KSSD_RELEASE_HOST/AEEE.fasta,300000057,a7eca29bdfa06ff373048fffa7a90139afc98acfa938a8ec0a98459608045962,1,21,20,4,42,wyhash,16,16,16,0.178826255000,1677605791.163000,1677.605791163000,300000000,0,299999980,299999961,299999961,299999961,1239117768617141704,12098017666451201306,strict_less_than_leftmost,false,1024,$KSSD_RELEASE_HOST/KSSD-Array-formal-results/final-validation-20260731-162115/03_figure3_final/logs/run_Synthetic_300_Mb_k21_w20_threads16_repeat4.log
final_release_formal,Synthetic_300_Mb,$KSSD_RELEASE_HOST/AEEE.fasta,300000057,a7eca29bdfa06ff373048fffa7a90139afc98acfa938a8ec0a98459608045962,1,21,20,5,42,KSSD-Array,16,16,16,0.148371365000,2021953232.013000,2021.953232013000,300000000,0,299999980,299999961,299999961,299999961,57545583792,64154468645209515,strict_less_than_leftmost,false,1024,$KSSD_RELEASE_HOST/KSSD-Array-formal-results/final-validation-20260731-162115/03_figure3_final/logs/run_Synthetic_300_Mb_k21_w20_threads16_repeat5.log
final_release_formal,Synthetic_300_Mb,$KSSD_RELEASE_HOST/AEEE.fasta,300000057,a7eca29bdfa06ff373048fffa7a90139afc98acfa938a8ec0a98459608045962,1,21,20,5,42,XXH3,16,16,16,0.306565864000,978582406.683000,978.582406683000,300000000,0,299999980,299999961,299999961,299999961,1435526153036178328,14116127324739616983,strict_less_than_leftmost,false,1024,$KSSD_RELEASE_HOST/KSSD-Array-formal-results/final-validation-20260731-162115/03_figure3_final/logs/run_Synthetic_300_Mb_k21_w20_threads16_repeat5.log
final_release_formal,Synthetic_300_Mb,$KSSD_RELEASE_HOST/AEEE.fasta,300000057,a7eca29bdfa06ff373048fffa7a90139afc98acfa938a8ec0a98459608045962,1,21,20,5,42,XXH64,16,16,16,0.357330984000,839557649.442000,839.557649442000,300000000,0,299999980,299999961,299999961,299999961,954401272726841663,2846794829647133757,strict_less_than_leftmost,false,1024,$KSSD_RELEASE_HOST/KSSD-Array-formal-results/final-validation-20260731-162115/03_figure3_final/logs/run_Synthetic_300_Mb_k21_w20_threads16_repeat5.log
final_release_formal,Synthetic_300_Mb,$KSSD_RELEASE_HOST/AEEE.fasta,300000057,a7eca29bdfa06ff373048fffa7a90139afc98acfa938a8ec0a98459608045962,1,21,20,5,42,MurmurHash3,16,16,16,0.233203455000,1286430173.172000,1286.430173172000,300000000,0,299999980,299999961,299999961,299999961,634459613686396130,5608880048156137022,strict_less_than_leftmost,false,1024,$KSSD_RELEASE_HOST/KSSD-Array-formal-results/final-validation-20260731-162115/03_figure3_final/logs/run_Synthetic_300_Mb_k21_w20_threads16_repeat5.log
final_release_formal,Synthetic_300_Mb,$KSSD_RELEASE_HOST/AEEE.fasta,300000057,a7eca29bdfa06ff373048fffa7a90139afc98acfa938a8ec0a98459608045962,1,21,20,5,42,wyhash,16,16,16,0.178899419000,1676919705.368000,1676.919705368000,300000000,0,299999980,299999961,299999961,299999961,1239117768617141704,12098017666451201306,strict_less_than_leftmost,false,1024,$KSSD_RELEASE_HOST/KSSD-Array-formal-results/final-validation-20260731-162115/03_figure3_final/logs/run_Synthetic_300_Mb_k21_w20_threads16_repeat5.log
final_release_formal,GRCh38.p14_chr1,$KSSD_RELEASE_HOST/seq/human/GCF_000001405.40_GRCh38.p14_genomic.fna,3339739109,df6e4918316e05a9cc1fd29c352841d3678b607d7a436819cd43371b52c814c0,705,21,20,1,42,KSSD-Array,1,1,1,1.689953665000,136383013.199000,136.383013199000,230481012,18475410,230480992,230480973,230480973,230480973,188661062253,346676762911807984,strict_less_than_leftmost,false,1024,$KSSD_RELEASE_HOST/KSSD-Array-formal-results/final-validation-20260731-162115/03_figure3_final/logs/run_GRCh38.p14_chr1_k21_w20_threads1_repeat1.log
final_release_formal,GRCh38.p14_chr1,$KSSD_RELEASE_HOST/seq/human/GCF_000001405.40_GRCh38.p14_genomic.fna,3339739109,df6e4918316e05a9cc1fd29c352841d3678b607d7a436819cd43371b52c814c0,705,21,20,1,42,XXH3,1,1,1,3.624110383000,63596565.403000,63.596565403000,230481012,18475410,230480992,230480973,230480973,230480973,775743263796053414,4797102690108892229,strict_less_than_leftmost,false,1024,$KSSD_RELEASE_HOST/KSSD-Array-formal-results/final-validation-20260731-162115/03_figure3_final/logs/run_GRCh38.p14_chr1_k21_w20_threads1_repeat1.log
final_release_formal,GRCh38.p14_chr1,$KSSD_RELEASE_HOST/seq/human/GCF_000001405.40_GRCh38.p14_genomic.fna,3339739109,df6e4918316e05a9cc1fd29c352841d3678b607d7a436819cd43371b52c814c0,705,21,20,1,42,XXH64,1,1,1,4.344742968000,53048241.219000,53.048241219000,230481012,18475410,230480992,230480973,230480973,230480973,1359048515777232336,3322526569974776645,strict_less_than_leftmost,false,1024,$KSSD_RELEASE_HOST/KSSD-Array-formal-results/final-validation-20260731-162115/03_figure3_final/logs/run_GRCh38.p14_chr1_k21_w20_threads1_repeat1.log
final_release_formal,GRCh38.p14_chr1,$KSSD_RELEASE_HOST/seq/human/GCF_000001405.40_GRCh38.p14_genomic.fna,3339739109,df6e4918316e05a9cc1fd29c352841d3678b607d7a436819cd43371b52c814c0,705,21,20,1,42,MurmurHash3,1,1,1,2.857394406000,80661238.965000,80.661238965000,230481012,18475410,230480992,230480973,230480973,230480973,363051744283573300,13465651050537902499,strict_less_than_leftmost,false,1024,$KSSD_RELEASE_HOST/KSSD-Array-formal-results/final-validation-20260731-162115/03_figure3_final/logs/run_GRCh38.p14_chr1_k21_w20_threads1_repeat1.log
final_release_formal,GRCh38.p14_chr1,$KSSD_RELEASE_HOST/seq/human/GCF_000001405.40_GRCh38.p14_genomic.fna,3339739109,df6e4918316e05a9cc1fd29c352841d3678b607d7a436819cd43371b52c814c0,705,21,20,1,42,wyhash,1,1,1,2.174778535000,105979054.552000,105.979054552000,230481012,18475410,230480992,230480973,230480973,230480973,786380710371532391,9875309383873026278,strict_less_than_leftmost,false,1024,$KSSD_RELEASE_HOST/KSSD-Array-formal-results/final-validation-20260731-162115/03_figure3_final/logs/run_GRCh38.p14_chr1_k21_w20_threads1_repeat1.log
final_release_formal,GRCh38.p14_chr1,$KSSD_RELEASE_HOST/seq/human/GCF_000001405.40_GRCh38.p14_genomic.fna,3339739109,df6e4918316e05a9cc1fd29c352841d3678b607d7a436819cd43371b52c814c0,705,21,20,2,42,KSSD-Array,1,1,1,1.689271730000,136438069.084000,136.438069084000,230481012,18475410,230480992,230480973,230480973,230480973,188661062253,346676762911807984,strict_less_than_leftmost,false,1024,$KSSD_RELEASE_HOST/KSSD-Array-formal-results/final-validation-20260731-162115/03_figure3_final/logs/run_GRCh38.p14_chr1_k21_w20_threads1_repeat2.log
final_release_formal,GRCh38.p14_chr1,$KSSD_RELEASE_HOST/seq/human/GCF_000001405.40_GRCh38.p14_genomic.fna,3339739109,df6e4918316e05a9cc1fd29c352841d3678b607d7a436819cd43371b52c814c0,705,21,20,2,42,XXH3,1,1,1,3.622348579000,63627496.905000,63.627496905000,230481012,18475410,230480992,230480973,230480973,230480973,775743263796053414,4797102690108892229,strict_less_than_leftmost,false,1024,$KSSD_RELEASE_HOST/KSSD-Array-formal-results/final-validation-20260731-162115/03_figure3_final/logs/run_GRCh38.p14_chr1_k21_w20_threads1_repeat2.log
final_release_formal,GRCh38.p14_chr1,$KSSD_RELEASE_HOST/seq/human/GCF_000001405.40_GRCh38.p14_genomic.fna,3339739109,df6e4918316e05a9cc1fd29c352841d3678b607d7a436819cd43371b52c814c0,705,21,20,2,42,XXH64,1,1,1,4.346081026000,53031908.890000,53.031908890000,230481012,18475410,230480992,230480973,230480973,230480973,1359048515777232336,3322526569974776645,strict_less_than_leftmost,false,1024,$KSSD_RELEASE_HOST/KSSD-Array-formal-results/final-validation-20260731-162115/03_figure3_final/logs/run_GRCh38.p14_chr1_k21_w20_threads1_repeat2.log
final_release_formal,GRCh38.p14_chr1,$KSSD_RELEASE_HOST/seq/human/GCF_000001405.40_GRCh38.p14_genomic.fna,3339739109,df6e4918316e05a9cc1fd29c352841d3678b607d7a436819cd43371b52c814c0,705,21,20,2,42,MurmurHash3,1,1,1,2.856902366000,80675131.129000,80.675131129000,230481012,18475410,230480992,230480973,230480973,230480973,363051744283573300,13465651050537902499,strict_less_than_leftmost,false,1024,$KSSD_RELEASE_HOST/KSSD-Array-formal-results/final-validation-20260731-162115/03_figure3_final/logs/run_GRCh38.p14_chr1_k21_w20_threads1_repeat2.log
final_release_formal,GRCh38.p14_chr1,$KSSD_RELEASE_HOST/seq/human/GCF_000001405.40_GRCh38.p14_genomic.fna,3339739109,df6e4918316e05a9cc1fd29c352841d3678b607d7a436819cd43371b52c814c0,705,21,20,2,42,wyhash,1,1,1,2.175193992000,105958812.799000,105.958812799000,230481012,18475410,230480992,230480973,230480973,230480973,786380710371532391,9875309383873026278,strict_less_than_leftmost,false,1024,$KSSD_RELEASE_HOST/KSSD-Array-formal-results/final-validation-20260731-162115/03_figure3_final/logs/run_GRCh38.p14_chr1_k21_w20_threads1_repeat2.log
final_release_formal,GRCh38.p14_chr1,$KSSD_RELEASE_HOST/seq/human/GCF_000001405.40_GRCh38.p14_genomic.fna,3339739109,df6e4918316e05a9cc1fd29c352841d3678b607d7a436819cd43371b52c814c0,705,21,20,3,42,KSSD-Array,1,1,1,1.688409724000,136507726.604000,136.507726604000,230481012,18475410,230480992,230480973,230480973,230480973,188661062253,346676762911807984,strict_less_than_leftmost,false,1024,$KSSD_RELEASE_HOST/KSSD-Array-formal-results/final-validation-20260731-162115/03_figure3_final/logs/run_GRCh38.p14_chr1_k21_w20_threads1_repeat3.log
final_release_formal,GRCh38.p14_chr1,$KSSD_RELEASE_HOST/seq/human/GCF_000001405.40_GRCh38.p14_genomic.fna,3339739109,df6e4918316e05a9cc1fd29c352841d3678b607d7a436819cd43371b52c814c0,705,21,20,3,42,XXH3,1,1,1,3.623281345000,63611116.845000,63.611116845000,230481012,18475410,230480992,230480973,230480973,230480973,775743263796053414,4797102690108892229,strict_less_than_leftmost,false,1024,$KSSD_RELEASE_HOST/KSSD-Array-formal-results/final-validation-20260731-162115/03_figure3_final/logs/run_GRCh38.p14_chr1_k21_w20_threads1_repeat3.log
final_release_formal,GRCh38.p14_chr1,$KSSD_RELEASE_HOST/seq/human/GCF_000001405.40_GRCh38.p14_genomic.fna,3339739109,df6e4918316e05a9cc1fd29c352841d3678b607d7a436819cd43371b52c814c0,705,21,20,3,42,XXH64,1,1,1,4.345461038000,53039475.210000,53.039475210000,230481012,18475410,230480992,230480973,230480973,230480973,1359048515777232336,3322526569974776645,strict_less_than_leftmost,false,1024,$KSSD_RELEASE_HOST/KSSD-Array-formal-results/final-validation-20260731-162115/03_figure3_final/logs/run_GRCh38.p14_chr1_k21_w20_threads1_repeat3.log
final_release_formal,GRCh38.p14_chr1,$KSSD_RELEASE_HOST/seq/human/GCF_000001405.40_GRCh38.p14_genomic.fna,3339739109,df6e4918316e05a9cc1fd29c352841d3678b607d7a436819cd43371b52c814c0,705,21,20,3,42,MurmurHash3,1,1,1,2.857177637000,80667358.590000,80.667358590000,230481012,18475410,230480992,230480973,230480973,230480973,363051744283573300,13465651050537902499,strict_less_than_leftmost,false,1024,$KSSD_RELEASE_HOST/KSSD-Array-formal-results/final-validation-20260731-162115/03_figure3_final/logs/run_GRCh38.p14_chr1_k21_w20_threads1_repeat3.log
final_release_formal,GRCh38.p14_chr1,$KSSD_RELEASE_HOST/seq/human/GCF_000001405.40_GRCh38.p14_genomic.fna,3339739109,df6e4918316e05a9cc1fd29c352841d3678b607d7a436819cd43371b52c814c0,705,21,20,3,42,wyhash,1,1,1,2.175078515000,105964438.254000,105.964438254000,230481012,18475410,230480992,230480973,230480973,230480973,786380710371532391,9875309383873026278,strict_less_than_leftmost,false,1024,$KSSD_RELEASE_HOST/KSSD-Array-formal-results/final-validation-20260731-162115/03_figure3_final/logs/run_GRCh38.p14_chr1_k21_w20_threads1_repeat3.log
final_release_formal,GRCh38.p14_chr1,$KSSD_RELEASE_HOST/seq/human/GCF_000001405.40_GRCh38.p14_genomic.fna,3339739109,df6e4918316e05a9cc1fd29c352841d3678b607d7a436819cd43371b52c814c0,705,21,20,4,42,KSSD-Array,1,1,1,1.687748983000,136561168.350000,136.561168350000,230481012,18475410,230480992,230480973,230480973,230480973,188661062253,346676762911807984,strict_less_than_leftmost,false,1024,$KSSD_RELEASE_HOST/KSSD-Array-formal-results/final-validation-20260731-162115/03_figure3_final/logs/run_GRCh38.p14_chr1_k21_w20_threads1_repeat4.log
final_release_formal,GRCh38.p14_chr1,$KSSD_RELEASE_HOST/seq/human/GCF_000001405.40_GRCh38.p14_genomic.fna,3339739109,df6e4918316e05a9cc1fd29c352841d3678b607d7a436819cd43371b52c814c0,705,21,20,4,42,XXH3,1,1,1,3.622121688000,63631482.554000,63.631482554000,230481012,18475410,230480992,230480973,230480973,230480973,775743263796053414,4797102690108892229,strict_less_than_leftmost,false,1024,$KSSD_RELEASE_HOST/KSSD-Array-formal-results/final-validation-20260731-162115/03_figure3_final/logs/run_GRCh38.p14_chr1_k21_w20_threads1_repeat4.log
final_release_formal,GRCh38.p14_chr1,$KSSD_RELEASE_HOST/seq/human/GCF_000001405.40_GRCh38.p14_genomic.fna,3339739109,df6e4918316e05a9cc1fd29c352841d3678b607d7a436819cd43371b52c814c0,705,21,20,4,42,XXH64,1,1,1,4.343651311000,53061573.432000,53.061573432000,230481012,18475410,230480992,230480973,230480973,230480973,1359048515777232336,3322526569974776645,strict_less_than_leftmost,false,1024,$KSSD_RELEASE_HOST/KSSD-Array-formal-results/final-validation-20260731-162115/03_figure3_final/logs/run_GRCh38.p14_chr1_k21_w20_threads1_repeat4.log
final_release_formal,GRCh38.p14_chr1,$KSSD_RELEASE_HOST/seq/human/GCF_000001405.40_GRCh38.p14_genomic.fna,3339739109,df6e4918316e05a9cc1fd29c352841d3678b607d7a436819cd43371b52c814c0,705,21,20,4,42,MurmurHash3,1,1,1,2.857052420000,80670894.026000,80.670894026000,230481012,18475410,230480992,230480973,230480973,230480973,363051744283573300,13465651050537902499,strict_less_than_leftmost,false,1024,$KSSD_RELEASE_HOST/KSSD-Array-formal-results/final-validation-20260731-162115/03_figure3_final/logs/run_GRCh38.p14_chr1_k21_w20_threads1_repeat4.log
final_release_formal,GRCh38.p14_chr1,$KSSD_RELEASE_HOST/seq/human/GCF_000001405.40_GRCh38.p14_genomic.fna,3339739109,df6e4918316e05a9cc1fd29c352841d3678b607d7a436819cd43371b52c814c0,705,21,20,4,42,wyhash,1,1,1,2.175864636000,105926154.222000,105.926154222000,230481012,18475410,230480992,230480973,230480973,230480973,786380710371532391,9875309383873026278,strict_less_than_leftmost,false,1024,$KSSD_RELEASE_HOST/KSSD-Array-formal-results/final-validation-20260731-162115/03_figure3_final/logs/run_GRCh38.p14_chr1_k21_w20_threads1_repeat4.log
final_release_formal,GRCh38.p14_chr1,$KSSD_RELEASE_HOST/seq/human/GCF_000001405.40_GRCh38.p14_genomic.fna,3339739109,df6e4918316e05a9cc1fd29c352841d3678b607d7a436819cd43371b52c814c0,705,21,20,5,42,KSSD-Array,1,1,1,1.690279040000,136356759.769000,136.356759769000,230481012,18475410,230480992,230480973,230480973,230480973,188661062253,346676762911807984,strict_less_than_leftmost,false,1024,$KSSD_RELEASE_HOST/KSSD-Array-formal-results/final-validation-20260731-162115/03_figure3_final/logs/run_GRCh38.p14_chr1_k21_w20_threads1_repeat5.log
final_release_formal,GRCh38.p14_chr1,$KSSD_RELEASE_HOST/seq/human/GCF_000001405.40_GRCh38.p14_genomic.fna,3339739109,df6e4918316e05a9cc1fd29c352841d3678b607d7a436819cd43371b52c814c0,705,21,20,5,42,XXH3,1,1,1,3.623305390000,63610694.709000,63.610694709000,230481012,18475410,230480992,230480973,230480973,230480973,775743263796053414,4797102690108892229,strict_less_than_leftmost,false,1024,$KSSD_RELEASE_HOST/KSSD-Array-formal-results/final-validation-20260731-162115/03_figure3_final/logs/run_GRCh38.p14_chr1_k21_w20_threads1_repeat5.log
final_release_formal,GRCh38.p14_chr1,$KSSD_RELEASE_HOST/seq/human/GCF_000001405.40_GRCh38.p14_genomic.fna,3339739109,df6e4918316e05a9cc1fd29c352841d3678b607d7a436819cd43371b52c814c0,705,21,20,5,42,XXH64,1,1,1,4.336911160000,53144038.348000,53.144038348000,230481012,18475410,230480992,230480973,230480973,230480973,1359048515777232336,3322526569974776645,strict_less_than_leftmost,false,1024,$KSSD_RELEASE_HOST/KSSD-Array-formal-results/final-validation-20260731-162115/03_figure3_final/logs/run_GRCh38.p14_chr1_k21_w20_threads1_repeat5.log
final_release_formal,GRCh38.p14_chr1,$KSSD_RELEASE_HOST/seq/human/GCF_000001405.40_GRCh38.p14_genomic.fna,3339739109,df6e4918316e05a9cc1fd29c352841d3678b607d7a436819cd43371b52c814c0,705,21,20,5,42,MurmurHash3,1,1,1,2.863341349000,80493711.684000,80.493711684000,230481012,18475410,230480992,230480973,230480973,230480973,363051744283573300,13465651050537902499,strict_less_than_leftmost,false,1024,$KSSD_RELEASE_HOST/KSSD-Array-formal-results/final-validation-20260731-162115/03_figure3_final/logs/run_GRCh38.p14_chr1_k21_w20_threads1_repeat5.log
final_release_formal,GRCh38.p14_chr1,$KSSD_RELEASE_HOST/seq/human/GCF_000001405.40_GRCh38.p14_genomic.fna,3339739109,df6e4918316e05a9cc1fd29c352841d3678b607d7a436819cd43371b52c814c0,705,21,20,5,42,wyhash,1,1,1,2.174729678000,105981435.455000,105.981435455000,230481012,18475410,230480992,230480973,230480973,230480973,786380710371532391,9875309383873026278,strict_less_than_leftmost,false,1024,$KSSD_RELEASE_HOST/KSSD-Array-formal-results/final-validation-20260731-162115/03_figure3_final/logs/run_GRCh38.p14_chr1_k21_w20_threads1_repeat5.log
final_release_formal,GRCh38.p14_chr1,$KSSD_RELEASE_HOST/seq/human/GCF_000001405.40_GRCh38.p14_genomic.fna,3339739109,df6e4918316e05a9cc1fd29c352841d3678b607d7a436819cd43371b52c814c0,705,21,20,1,42,KSSD-Array,2,2,2,0.849189489000,271412889.568000,271.412889568000,230481012,18475410,230480992,230480973,230480973,230480973,188661062253,346676762911807984,strict_less_than_leftmost,false,1024,$KSSD_RELEASE_HOST/KSSD-Array-formal-results/final-validation-20260731-162115/03_figure3_final/logs/run_GRCh38.p14_chr1_k21_w20_threads2_repeat1.log
final_release_formal,GRCh38.p14_chr1,$KSSD_RELEASE_HOST/seq/human/GCF_000001405.40_GRCh38.p14_genomic.fna,3339739109,df6e4918316e05a9cc1fd29c352841d3678b607d7a436819cd43371b52c814c0,705,21,20,1,42,XXH3,2,2,2,1.811442672000,127236139.770000,127.236139770000,230481012,18475410,230480992,230480973,230480973,230480973,775743263796053414,4797102690108892229,strict_less_than_leftmost,false,1024,$KSSD_RELEASE_HOST/KSSD-Array-formal-results/final-validation-20260731-162115/03_figure3_final/logs/run_GRCh38.p14_chr1_k21_w20_threads2_repeat1.log
final_release_formal,GRCh38.p14_chr1,$KSSD_RELEASE_HOST/seq/human/GCF_000001405.40_GRCh38.p14_genomic.fna,3339739109,df6e4918316e05a9cc1fd29c352841d3678b607d7a436819cd43371b52c814c0,705,21,20,1,42,XXH64,2,2,2,2.167470560000,106336379.951000,106.336379951000,230481012,18475410,230480992,230480973,230480973,230480973,1359048515777232336,3322526569974776645,strict_less_than_leftmost,false,1024,$KSSD_RELEASE_HOST/KSSD-Array-formal-results/final-validation-20260731-162115/03_figure3_final/logs/run_GRCh38.p14_chr1_k21_w20_threads2_repeat1.log
final_release_formal,GRCh38.p14_chr1,$KSSD_RELEASE_HOST/seq/human/GCF_000001405.40_GRCh38.p14_genomic.fna,3339739109,df6e4918316e05a9cc1fd29c352841d3678b607d7a436819cd43371b52c814c0,705,21,20,1,42,MurmurHash3,2,2,2,1.429631669000,161217030.930000,161.217030930000,230481012,18475410,230480992,230480973,230480973,230480973,363051744283573300,13465651050537902499,strict_less_than_leftmost,false,1024,$KSSD_RELEASE_HOST/KSSD-Array-formal-results/final-validation-20260731-162115/03_figure3_final/logs/run_GRCh38.p14_chr1_k21_w20_threads2_repeat1.log
final_release_formal,GRCh38.p14_chr1,$KSSD_RELEASE_HOST/seq/human/GCF_000001405.40_GRCh38.p14_genomic.fna,3339739109,df6e4918316e05a9cc1fd29c352841d3678b607d7a436819cd43371b52c814c0,705,21,20,1,42,wyhash,2,2,2,1.088692526000,211704377.035000,211.704377035000,230481012,18475410,230480992,230480973,230480973,230480973,786380710371532391,9875309383873026278,strict_less_than_leftmost,false,1024,$KSSD_RELEASE_HOST/KSSD-Array-formal-results/final-validation-20260731-162115/03_figure3_final/logs/run_GRCh38.p14_chr1_k21_w20_threads2_repeat1.log
final_release_formal,GRCh38.p14_chr1,$KSSD_RELEASE_HOST/seq/human/GCF_000001405.40_GRCh38.p14_genomic.fna,3339739109,df6e4918316e05a9cc1fd29c352841d3678b607d7a436819cd43371b52c814c0,705,21,20,2,42,KSSD-Array,2,2,2,0.850655310000,270945199.884000,270.945199884000,230481012,18475410,230480992,230480973,230480973,230480973,188661062253,346676762911807984,strict_less_than_leftmost,false,1024,$KSSD_RELEASE_HOST/KSSD-Array-formal-results/final-validation-20260731-162115/03_figure3_final/logs/run_GRCh38.p14_chr1_k21_w20_threads2_repeat2.log
final_release_formal,GRCh38.p14_chr1,$KSSD_RELEASE_HOST/seq/human/GCF_000001405.40_GRCh38.p14_genomic.fna,3339739109,df6e4918316e05a9cc1fd29c352841d3678b607d7a436819cd43371b52c814c0,705,21,20,2,42,XXH3,2,2,2,1.812458071000,127164857.873000,127.164857873000,230481012,18475410,230480992,230480973,230480973,230480973,775743263796053414,4797102690108892229,strict_less_than_leftmost,false,1024,$KSSD_RELEASE_HOST/KSSD-Array-formal-results/final-validation-20260731-162115/03_figure3_final/logs/run_GRCh38.p14_chr1_k21_w20_threads2_repeat2.log
final_release_formal,GRCh38.p14_chr1,$KSSD_RELEASE_HOST/seq/human/GCF_000001405.40_GRCh38.p14_genomic.fna,3339739109,df6e4918316e05a9cc1fd29c352841d3678b607d7a436819cd43371b52c814c0,705,21,20,2,42,XXH64,2,2,2,2.169834723000,106220520.188000,106.220520188000,230481012,18475410,230480992,230480973,230480973,230480973,1359048515777232336,3322526569974776645,strict_less_than_leftmost,false,1024,$KSSD_RELEASE_HOST/KSSD-Array-formal-results/final-validation-20260731-162115/03_figure3_final/logs/run_GRCh38.p14_chr1_k21_w20_threads2_repeat2.log
final_release_formal,GRCh38.p14_chr1,$KSSD_RELEASE_HOST/seq/human/GCF_000001405.40_GRCh38.p14_genomic.fna,3339739109,df6e4918316e05a9cc1fd29c352841d3678b607d7a436819cd43371b52c814c0,705,21,20,2,42,MurmurHash3,2,2,2,1.429925228000,161183933.598000,161.183933598000,230481012,18475410,230480992,230480973,230480973,230480973,363051744283573300,13465651050537902499,strict_less_than_leftmost,false,1024,$KSSD_RELEASE_HOST/KSSD-Array-formal-results/final-validation-20260731-162115/03_figure3_final/logs/run_GRCh38.p14_chr1_k21_w20_threads2_repeat2.log
final_release_formal,GRCh38.p14_chr1,$KSSD_RELEASE_HOST/seq/human/GCF_000001405.40_GRCh38.p14_genomic.fna,3339739109,df6e4918316e05a9cc1fd29c352841d3678b607d7a436819cd43371b52c814c0,705,21,20,2,42,wyhash,2,2,2,1.088251375000,211790196.911000,211.790196911000,230481012,18475410,230480992,230480973,230480973,230480973,786380710371532391,9875309383873026278,strict_less_than_leftmost,false,1024,$KSSD_RELEASE_HOST/KSSD-Array-formal-results/final-validation-20260731-162115/03_figure3_final/logs/run_GRCh38.p14_chr1_k21_w20_threads2_repeat2.log
final_release_formal,GRCh38.p14_chr1,$KSSD_RELEASE_HOST/seq/human/GCF_000001405.40_GRCh38.p14_genomic.fna,3339739109,df6e4918316e05a9cc1fd29c352841d3678b607d7a436819cd43371b52c814c0,705,21,20,3,42,KSSD-Array,2,2,2,0.849599646000,271281860.915000,271.281860915000,230481012,18475410,230480992,230480973,230480973,230480973,188661062253,346676762911807984,strict_less_than_leftmost,false,1024,$KSSD_RELEASE_HOST/KSSD-Array-formal-results/final-validation-20260731-162115/03_figure3_final/logs/run_GRCh38.p14_chr1_k21_w20_threads2_repeat3.log
final_release_formal,GRCh38.p14_chr1,$KSSD_RELEASE_HOST/seq/human/GCF_000001405.40_GRCh38.p14_genomic.fna,3339739109,df6e4918316e05a9cc1fd29c352841d3678b607d7a436819cd43371b52c814c0,705,21,20,3,42,XXH3,2,2,2,1.812441697000,127166006.709000,127.166006709000,230481012,18475410,230480992,230480973,230480973,230480973,775743263796053414,4797102690108892229,strict_less_than_leftmost,false,1024,$KSSD_RELEASE_HOST/KSSD-Array-formal-results/final-validation-20260731-162115/03_figure3_final/logs/run_GRCh38.p14_chr1_k21_w20_threads2_repeat3.log
final_release_formal,GRCh38.p14_chr1,$KSSD_RELEASE_HOST/seq/human/GCF_000001405.40_GRCh38.p14_genomic.fna,3339739109,df6e4918316e05a9cc1fd29c352841d3678b607d7a436819cd43371b52c814c0,705,21,20,3,42,XXH64,2,2,2,2.169286353000,106247371.483000,106.247371483000,230481012,18475410,230480992,230480973,230480973,230480973,1359048515777232336,3322526569974776645,strict_less_than_leftmost,false,1024,$KSSD_RELEASE_HOST/KSSD-Array-formal-results/final-validation-20260731-162115/03_figure3_final/logs/run_GRCh38.p14_chr1_k21_w20_threads2_repeat3.log
final_release_formal,GRCh38.p14_chr1,$KSSD_RELEASE_HOST/seq/human/GCF_000001405.40_GRCh38.p14_genomic.fna,3339739109,df6e4918316e05a9cc1fd29c352841d3678b607d7a436819cd43371b52c814c0,705,21,20,3,42,MurmurHash3,2,2,2,1.430018322000,161173440.546000,161.173440546000,230481012,18475410,230480992,230480973,230480973,230480973,363051744283573300,13465651050537902499,strict_less_than_leftmost,false,1024,$KSSD_RELEASE_HOST/KSSD-Array-formal-results/final-validation-20260731-162115/03_figure3_final/logs/run_GRCh38.p14_chr1_k21_w20_threads2_repeat3.log
final_release_formal,GRCh38.p14_chr1,$KSSD_RELEASE_HOST/seq/human/GCF_000001405.40_GRCh38.p14_genomic.fna,3339739109,df6e4918316e05a9cc1fd29c352841d3678b607d7a436819cd43371b52c814c0,705,21,20,3,42,wyhash,2,2,2,1.090715838000,211311658.793000,211.311658793000,230481012,18475410,230480992,230480973,230480973,230480973,786380710371532391,9875309383873026278,strict_less_than_leftmost,false,1024,$KSSD_RELEASE_HOST/KSSD-Array-formal-results/final-validation-20260731-162115/03_figure3_final/logs/run_GRCh38.p14_chr1_k21_w20_threads2_repeat3.log
final_release_formal,GRCh38.p14_chr1,$KSSD_RELEASE_HOST/seq/human/GCF_000001405.40_GRCh38.p14_genomic.fna,3339739109,df6e4918316e05a9cc1fd29c352841d3678b607d7a436819cd43371b52c814c0,705,21,20,4,42,KSSD-Array,2,2,2,0.850425389000,271018452.625000,271.018452625000,230481012,18475410,230480992,230480973,230480973,230480973,188661062253,346676762911807984,strict_less_than_leftmost,false,1024,$KSSD_RELEASE_HOST/KSSD-Array-formal-results/final-validation-20260731-162115/03_figure3_final/logs/run_GRCh38.p14_chr1_k21_w20_threads2_repeat4.log
final_release_formal,GRCh38.p14_chr1,$KSSD_RELEASE_HOST/seq/human/GCF_000001405.40_GRCh38.p14_genomic.fna,3339739109,df6e4918316e05a9cc1fd29c352841d3678b607d7a436819cd43371b52c814c0,705,21,20,4,42,XXH3,2,2,2,1.811893978000,127204447.831000,127.204447831000,230481012,18475410,230480992,230480973,230480973,230480973,775743263796053414,4797102690108892229,strict_less_than_leftmost,false,1024,$KSSD_RELEASE_HOST/KSSD-Array-formal-results/final-validation-20260731-162115/03_figure3_final/logs/run_GRCh38.p14_chr1_k21_w20_threads2_repeat4.log
final_release_formal,GRCh38.p14_chr1,$KSSD_RELEASE_HOST/seq/human/GCF_000001405.40_GRCh38.p14_genomic.fna,3339739109,df6e4918316e05a9cc1fd29c352841d3678b607d7a436819cd43371b52c814c0,705,21,20,4,42,XXH64,2,2,2,2.169761055000,106224126.601000,106.224126601000,230481012,18475410,230480992,230480973,230480973,230480973,1359048515777232336,3322526569974776645,strict_less_than_leftmost,false,1024,$KSSD_RELEASE_HOST/KSSD-Array-formal-results/final-validation-20260731-162115/03_figure3_final/logs/run_GRCh38.p14_chr1_k21_w20_threads2_repeat4.log
final_release_formal,GRCh38.p14_chr1,$KSSD_RELEASE_HOST/seq/human/GCF_000001405.40_GRCh38.p14_genomic.fna,3339739109,df6e4918316e05a9cc1fd29c352841d3678b607d7a436819cd43371b52c814c0,705,21,20,4,42,MurmurHash3,2,2,2,1.430137314000,161160030.400000,161.160030400000,230481012,18475410,230480992,230480973,230480973,230480973,363051744283573300,13465651050537902499,strict_less_than_leftmost,false,1024,$KSSD_RELEASE_HOST/KSSD-Array-formal-results/final-validation-20260731-162115/03_figure3_final/logs/run_GRCh38.p14_chr1_k21_w20_threads2_repeat4.log
final_release_formal,GRCh38.p14_chr1,$KSSD_RELEASE_HOST/seq/human/GCF_000001405.40_GRCh38.p14_genomic.fna,3339739109,df6e4918316e05a9cc1fd29c352841d3678b607d7a436819cd43371b52c814c0,705,21,20,4,42,wyhash,2,2,2,1.089465850000,211554105.161000,211.554105161000,230481012,18475410,230480992,230480973,230480973,230480973,786380710371532391,9875309383873026278,strict_less_than_leftmost,false,1024,$KSSD_RELEASE_HOST/KSSD-Array-formal-results/final-validation-20260731-162115/03_figure3_final/logs/run_GRCh38.p14_chr1_k21_w20_threads2_repeat4.log
final_release_formal,GRCh38.p14_chr1,$KSSD_RELEASE_HOST/seq/human/GCF_000001405.40_GRCh38.p14_genomic.fna,3339739109,df6e4918316e05a9cc1fd29c352841d3678b607d7a436819cd43371b52c814c0,705,21,20,5,42,KSSD-Array,2,2,2,0.849924665000,271178120.240000,271.178120240000,230481012,18475410,230480992,230480973,230480973,230480973,188661062253,346676762911807984,strict_less_than_leftmost,false,1024,$KSSD_RELEASE_HOST/KSSD-Array-formal-results/final-validation-20260731-162115/03_figure3_final/logs/run_GRCh38.p14_chr1_k21_w20_threads2_repeat5.log
final_release_formal,GRCh38.p14_chr1,$KSSD_RELEASE_HOST/seq/human/GCF_000001405.40_GRCh38.p14_genomic.fna,3339739109,df6e4918316e05a9cc1fd29c352841d3678b607d7a436819cd43371b52c814c0,705,21,20,5,42,XXH3,2,2,2,1.812408092000,127168364.574000,127.168364574000,230481012,18475410,230480992,230480973,230480973,230480973,775743263796053414,4797102690108892229,strict_less_than_leftmost,false,1024,$KSSD_RELEASE_HOST/KSSD-Array-formal-results/final-validation-20260731-162115/03_figure3_final/logs/run_GRCh38.p14_chr1_k21_w20_threads2_repeat5.log
final_release_formal,GRCh38.p14_chr1,$KSSD_RELEASE_HOST/seq/human/GCF_000001405.40_GRCh38.p14_genomic.fna,3339739109,df6e4918316e05a9cc1fd29c352841d3678b607d7a436819cd43371b52c814c0,705,21,20,5,42,XXH64,2,2,2,2.169704559000,106226892.525000,106.226892525000,230481012,18475410,230480992,230480973,230480973,230480973,1359048515777232336,3322526569974776645,strict_less_than_leftmost,false,1024,$KSSD_RELEASE_HOST/KSSD-Array-formal-results/final-validation-20260731-162115/03_figure3_final/logs/run_GRCh38.p14_chr1_k21_w20_threads2_repeat5.log
final_release_formal,GRCh38.p14_chr1,$KSSD_RELEASE_HOST/seq/human/GCF_000001405.40_GRCh38.p14_genomic.fna,3339739109,df6e4918316e05a9cc1fd29c352841d3678b607d7a436819cd43371b52c814c0,705,21,20,5,42,MurmurHash3,2,2,2,1.430462053000,161123444.356000,161.123444356000,230481012,18475410,230480992,230480973,230480973,230480973,363051744283573300,13465651050537902499,strict_less_than_leftmost,false,1024,$KSSD_RELEASE_HOST/KSSD-Array-formal-results/final-validation-20260731-162115/03_figure3_final/logs/run_GRCh38.p14_chr1_k21_w20_threads2_repeat5.log
final_release_formal,GRCh38.p14_chr1,$KSSD_RELEASE_HOST/seq/human/GCF_000001405.40_GRCh38.p14_genomic.fna,3339739109,df6e4918316e05a9cc1fd29c352841d3678b607d7a436819cd43371b52c814c0,705,21,20,5,42,wyhash,2,2,2,1.096705502000,210157578.839000,210.157578839000,230481012,18475410,230480992,230480973,230480973,230480973,786380710371532391,9875309383873026278,strict_less_than_leftmost,false,1024,$KSSD_RELEASE_HOST/KSSD-Array-formal-results/final-validation-20260731-162115/03_figure3_final/logs/run_GRCh38.p14_chr1_k21_w20_threads2_repeat5.log
final_release_formal,GRCh38.p14_chr1,$KSSD_RELEASE_HOST/seq/human/GCF_000001405.40_GRCh38.p14_genomic.fna,3339739109,df6e4918316e05a9cc1fd29c352841d3678b607d7a436819cd43371b52c814c0,705,21,20,1,42,KSSD-Array,4,4,4,0.431524659000,534108464.471000,534.108464471000,230481012,18475410,230480992,230480973,230480973,230480973,188661062253,346676762911807984,strict_less_than_leftmost,false,1024,$KSSD_RELEASE_HOST/KSSD-Array-formal-results/final-validation-20260731-162115/03_figure3_final/logs/run_GRCh38.p14_chr1_k21_w20_threads4_repeat1.log
final_release_formal,GRCh38.p14_chr1,$KSSD_RELEASE_HOST/seq/human/GCF_000001405.40_GRCh38.p14_genomic.fna,3339739109,df6e4918316e05a9cc1fd29c352841d3678b607d7a436819cd43371b52c814c0,705,21,20,1,42,XXH3,4,4,4,0.907344681000,254016999.081000,254.016999081000,230481012,18475410,230480992,230480973,230480973,230480973,775743263796053414,4797102690108892229,strict_less_than_leftmost,false,1024,$KSSD_RELEASE_HOST/KSSD-Array-formal-results/final-validation-20260731-162115/03_figure3_final/logs/run_GRCh38.p14_chr1_k21_w20_threads4_repeat1.log
final_release_formal,GRCh38.p14_chr1,$KSSD_RELEASE_HOST/seq/human/GCF_000001405.40_GRCh38.p14_genomic.fna,3339739109,df6e4918316e05a9cc1fd29c352841d3678b607d7a436819cd43371b52c814c0,705,21,20,1,42,XXH64,4,4,4,1.085010181000,212422866.657000,212.422866657000,230481012,18475410,230480992,230480973,230480973,230480973,1359048515777232336,3322526569974776645,strict_less_than_leftmost,false,1024,$KSSD_RELEASE_HOST/KSSD-Array-formal-results/final-validation-20260731-162115/03_figure3_final/logs/run_GRCh38.p14_chr1_k21_w20_threads4_repeat1.log
final_release_formal,GRCh38.p14_chr1,$KSSD_RELEASE_HOST/seq/human/GCF_000001405.40_GRCh38.p14_genomic.fna,3339739109,df6e4918316e05a9cc1fd29c352841d3678b607d7a436819cd43371b52c814c0,705,21,20,1,42,MurmurHash3,4,4,4,0.715307845000,322212281.902000,322.212281902000,230481012,18475410,230480992,230480973,230480973,230480973,363051744283573300,13465651050537902499,strict_less_than_leftmost,false,1024,$KSSD_RELEASE_HOST/KSSD-Array-formal-results/final-validation-20260731-162115/03_figure3_final/logs/run_GRCh38.p14_chr1_k21_w20_threads4_repeat1.log
final_release_formal,GRCh38.p14_chr1,$KSSD_RELEASE_HOST/seq/human/GCF_000001405.40_GRCh38.p14_genomic.fna,3339739109,df6e4918316e05a9cc1fd29c352841d3678b607d7a436819cd43371b52c814c0,705,21,20,1,42,wyhash,4,4,4,0.545606454000,422430803.944000,422.430803944000,230481012,18475410,230480992,230480973,230480973,230480973,786380710371532391,9875309383873026278,strict_less_than_leftmost,false,1024,$KSSD_RELEASE_HOST/KSSD-Array-formal-results/final-validation-20260731-162115/03_figure3_final/logs/run_GRCh38.p14_chr1_k21_w20_threads4_repeat1.log
final_release_formal,GRCh38.p14_chr1,$KSSD_RELEASE_HOST/seq/human/GCF_000001405.40_GRCh38.p14_genomic.fna,3339739109,df6e4918316e05a9cc1fd29c352841d3678b607d7a436819cd43371b52c814c0,705,21,20,2,42,KSSD-Array,4,4,4,0.432740223000,532608157.851000,532.608157851000,230481012,18475410,230480992,230480973,230480973,230480973,188661062253,346676762911807984,strict_less_than_leftmost,false,1024,$KSSD_RELEASE_HOST/KSSD-Array-formal-results/final-validation-20260731-162115/03_figure3_final/logs/run_GRCh38.p14_chr1_k21_w20_threads4_repeat2.log
final_release_formal,GRCh38.p14_chr1,$KSSD_RELEASE_HOST/seq/human/GCF_000001405.40_GRCh38.p14_genomic.fna,3339739109,df6e4918316e05a9cc1fd29c352841d3678b607d7a436819cd43371b52c814c0,705,21,20,2,42,XXH3,4,4,4,0.908555917000,253678357.807000,253.678357807000,230481012,18475410,230480992,230480973,230480973,230480973,775743263796053414,4797102690108892229,strict_less_than_leftmost,false,1024,$KSSD_RELEASE_HOST/KSSD-Array-formal-results/final-validation-20260731-162115/03_figure3_final/logs/run_GRCh38.p14_chr1_k21_w20_threads4_repeat2.log
final_release_formal,GRCh38.p14_chr1,$KSSD_RELEASE_HOST/seq/human/GCF_000001405.40_GRCh38.p14_genomic.fna,3339739109,df6e4918316e05a9cc1fd29c352841d3678b607d7a436819cd43371b52c814c0,705,21,20,2,42,XXH64,4,4,4,1.086448010000,212141741.601000,212.141741601000,230481012,18475410,230480992,230480973,230480973,230480973,1359048515777232336,3322526569974776645,strict_less_than_leftmost,false,1024,$KSSD_RELEASE_HOST/KSSD-Array-formal-results/final-validation-20260731-162115/03_figure3_final/logs/run_GRCh38.p14_chr1_k21_w20_threads4_repeat2.log
final_release_formal,GRCh38.p14_chr1,$KSSD_RELEASE_HOST/seq/human/GCF_000001405.40_GRCh38.p14_genomic.fna,3339739109,df6e4918316e05a9cc1fd29c352841d3678b607d7a436819cd43371b52c814c0,705,21,20,2,42,MurmurHash3,4,4,4,0.715124953000,322294687.150000,322.294687150000,230481012,18475410,230480992,230480973,230480973,230480973,363051744283573300,13465651050537902499,strict_less_than_leftmost,false,1024,$KSSD_RELEASE_HOST/KSSD-Array-formal-results/final-validation-20260731-162115/03_figure3_final/logs/run_GRCh38.p14_chr1_k21_w20_threads4_repeat2.log
final_release_formal,GRCh38.p14_chr1,$KSSD_RELEASE_HOST/seq/human/GCF_000001405.40_GRCh38.p14_genomic.fna,3339739109,df6e4918316e05a9cc1fd29c352841d3678b607d7a436819cd43371b52c814c0,705,21,20,2,42,wyhash,4,4,4,0.545072517000,422844604.730000,422.844604730000,230481012,18475410,230480992,230480973,230480973,230480973,786380710371532391,9875309383873026278,strict_less_than_leftmost,false,1024,$KSSD_RELEASE_HOST/KSSD-Array-formal-results/final-validation-20260731-162115/03_figure3_final/logs/run_GRCh38.p14_chr1_k21_w20_threads4_repeat2.log
final_release_formal,GRCh38.p14_chr1,$KSSD_RELEASE_HOST/seq/human/GCF_000001405.40_GRCh38.p14_genomic.fna,3339739109,df6e4918316e05a9cc1fd29c352841d3678b607d7a436819cd43371b52c814c0,705,21,20,3,42,KSSD-Array,4,4,4,0.433869221000,531222225.141000,531.222225141000,230481012,18475410,230480992,230480973,230480973,230480973,188661062253,346676762911807984,strict_less_than_leftmost,false,1024,$KSSD_RELEASE_HOST/KSSD-Array-formal-results/final-validation-20260731-162115/03_figure3_final/logs/run_GRCh38.p14_chr1_k21_w20_threads4_repeat3.log
final_release_formal,GRCh38.p14_chr1,$KSSD_RELEASE_HOST/seq/human/GCF_000001405.40_GRCh38.p14_genomic.fna,3339739109,df6e4918316e05a9cc1fd29c352841d3678b607d7a436819cd43371b52c814c0,705,21,20,3,42,XXH3,4,4,4,0.908301048000,253749539.877000,253.749539877000,230481012,18475410,230480992,230480973,230480973,230480973,775743263796053414,4797102690108892229,strict_less_than_leftmost,false,1024,$KSSD_RELEASE_HOST/KSSD-Array-formal-results/final-validation-20260731-162115/03_figure3_final/logs/run_GRCh38.p14_chr1_k21_w20_threads4_repeat3.log
final_release_formal,GRCh38.p14_chr1,$KSSD_RELEASE_HOST/seq/human/GCF_000001405.40_GRCh38.p14_genomic.fna,3339739109,df6e4918316e05a9cc1fd29c352841d3678b607d7a436819cd43371b52c814c0,705,21,20,3,42,XXH64,4,4,4,1.084668157000,212489849.096000,212.489849096000,230481012,18475410,230480992,230480973,230480973,230480973,1359048515777232336,3322526569974776645,strict_less_than_leftmost,false,1024,$KSSD_RELEASE_HOST/KSSD-Array-formal-results/final-validation-20260731-162115/03_figure3_final/logs/run_GRCh38.p14_chr1_k21_w20_threads4_repeat3.log
final_release_formal,GRCh38.p14_chr1,$KSSD_RELEASE_HOST/seq/human/GCF_000001405.40_GRCh38.p14_genomic.fna,3339739109,df6e4918316e05a9cc1fd29c352841d3678b607d7a436819cd43371b52c814c0,705,21,20,3,42,MurmurHash3,4,4,4,0.715232266000,322246330.257000,322.246330257000,230481012,18475410,230480992,230480973,230480973,230480973,363051744283573300,13465651050537902499,strict_less_than_leftmost,false,1024,$KSSD_RELEASE_HOST/KSSD-Array-formal-results/final-validation-20260731-162115/03_figure3_final/logs/run_GRCh38.p14_chr1_k21_w20_threads4_repeat3.log
final_release_formal,GRCh38.p14_chr1,$KSSD_RELEASE_HOST/seq/human/GCF_000001405.40_GRCh38.p14_genomic.fna,3339739109,df6e4918316e05a9cc1fd29c352841d3678b607d7a436819cd43371b52c814c0,705,21,20,3,42,wyhash,4,4,4,0.545721906000,422341435.200000,422.341435200000,230481012,18475410,230480992,230480973,230480973,230480973,786380710371532391,9875309383873026278,strict_less_than_leftmost,false,1024,$KSSD_RELEASE_HOST/KSSD-Array-formal-results/final-validation-20260731-162115/03_figure3_final/logs/run_GRCh38.p14_chr1_k21_w20_threads4_repeat3.log
final_release_formal,GRCh38.p14_chr1,$KSSD_RELEASE_HOST/seq/human/GCF_000001405.40_GRCh38.p14_genomic.fna,3339739109,df6e4918316e05a9cc1fd29c352841d3678b607d7a436819cd43371b52c814c0,705,21,20,4,42,KSSD-Array,4,4,4,0.429970624000,536038882.973000,536.038882973000,230481012,18475410,230480992,230480973,230480973,230480973,188661062253,346676762911807984,strict_less_than_leftmost,false,1024,$KSSD_RELEASE_HOST/KSSD-Array-formal-results/final-validation-20260731-162115/03_figure3_final/logs/run_GRCh38.p14_chr1_k21_w20_threads4_repeat4.log
final_release_formal,GRCh38.p14_chr1,$KSSD_RELEASE_HOST/seq/human/GCF_000001405.40_GRCh38.p14_genomic.fna,3339739109,df6e4918316e05a9cc1fd29c352841d3678b607d7a436819cd43371b52c814c0,705,21,20,4,42,XXH3,4,4,4,0.906265776000,254319405.084000,254.319405084000,230481012,18475410,230480992,230480973,230480973,230480973,775743263796053414,4797102690108892229,strict_less_than_leftmost,false,1024,$KSSD_RELEASE_HOST/KSSD-Array-formal-results/final-validation-20260731-162115/03_figure3_final/logs/run_GRCh38.p14_chr1_k21_w20_threads4_repeat4.log
final_release_formal,GRCh38.p14_chr1,$KSSD_RELEASE_HOST/seq/human/GCF_000001405.40_GRCh38.p14_genomic.fna,3339739109,df6e4918316e05a9cc1fd29c352841d3678b607d7a436819cd43371b52c814c0,705,21,20,4,42,XXH64,4,4,4,1.084396090000,212543161.235000,212.543161235000,230481012,18475410,230480992,230480973,230480973,230480973,1359048515777232336,3322526569974776645,strict_less_than_leftmost,false,1024,$KSSD_RELEASE_HOST/KSSD-Array-formal-results/final-validation-20260731-162115/03_figure3_final/logs/run_GRCh38.p14_chr1_k21_w20_threads4_repeat4.log
final_release_formal,GRCh38.p14_chr1,$KSSD_RELEASE_HOST/seq/human/GCF_000001405.40_GRCh38.p14_genomic.fna,3339739109,df6e4918316e05a9cc1fd29c352841d3678b607d7a436819cd43371b52c814c0,705,21,20,4,42,MurmurHash3,4,4,4,0.715014509000,322344470.076000,322.344470076000,230481012,18475410,230480992,230480973,230480973,230480973,363051744283573300,13465651050537902499,strict_less_than_leftmost,false,1024,$KSSD_RELEASE_HOST/KSSD-Array-formal-results/final-validation-20260731-162115/03_figure3_final/logs/run_GRCh38.p14_chr1_k21_w20_threads4_repeat4.log
final_release_formal,GRCh38.p14_chr1,$KSSD_RELEASE_HOST/seq/human/GCF_000001405.40_GRCh38.p14_genomic.fna,3339739109,df6e4918316e05a9cc1fd29c352841d3678b607d7a436819cd43371b52c814c0,705,21,20,4,42,wyhash,4,4,4,0.545463861000,422541234.130000,422.541234130000,230481012,18475410,230480992,230480973,230480973,230480973,786380710371532391,9875309383873026278,strict_less_than_leftmost,false,1024,$KSSD_RELEASE_HOST/KSSD-Array-formal-results/final-validation-20260731-162115/03_figure3_final/logs/run_GRCh38.p14_chr1_k21_w20_threads4_repeat4.log
final_release_formal,GRCh38.p14_chr1,$KSSD_RELEASE_HOST/seq/human/GCF_000001405.40_GRCh38.p14_genomic.fna,3339739109,df6e4918316e05a9cc1fd29c352841d3678b607d7a436819cd43371b52c814c0,705,21,20,5,42,KSSD-Array,4,4,4,0.433705357000,531422933.289000,531.422933289000,230481012,18475410,230480992,230480973,230480973,230480973,188661062253,346676762911807984,strict_less_than_leftmost,false,1024,$KSSD_RELEASE_HOST/KSSD-Array-formal-results/final-validation-20260731-162115/03_figure3_final/logs/run_GRCh38.p14_chr1_k21_w20_threads4_repeat5.log
final_release_formal,GRCh38.p14_chr1,$KSSD_RELEASE_HOST/seq/human/GCF_000001405.40_GRCh38.p14_genomic.fna,3339739109,df6e4918316e05a9cc1fd29c352841d3678b607d7a436819cd43371b52c814c0,705,21,20,5,42,XXH3,4,4,4,0.910820131000,253047737.040000,253.047737040000,230481012,18475410,230480992,230480973,230480973,230480973,775743263796053414,4797102690108892229,strict_less_than_leftmost,false,1024,$KSSD_RELEASE_HOST/KSSD-Array-formal-results/final-validation-20260731-162115/03_figure3_final/logs/run_GRCh38.p14_chr1_k21_w20_threads4_repeat5.log
final_release_formal,GRCh38.p14_chr1,$KSSD_RELEASE_HOST/seq/human/GCF_000001405.40_GRCh38.p14_genomic.fna,3339739109,df6e4918316e05a9cc1fd29c352841d3678b607d7a436819cd43371b52c814c0,705,21,20,5,42,XXH64,4,4,4,1.085807626000,212266857.849000,212.266857849000,230481012,18475410,230480992,230480973,230480973,230480973,1359048515777232336,3322526569974776645,strict_less_than_leftmost,false,1024,$KSSD_RELEASE_HOST/KSSD-Array-formal-results/final-validation-20260731-162115/03_figure3_final/logs/run_GRCh38.p14_chr1_k21_w20_threads4_repeat5.log
final_release_formal,GRCh38.p14_chr1,$KSSD_RELEASE_HOST/seq/human/GCF_000001405.40_GRCh38.p14_genomic.fna,3339739109,df6e4918316e05a9cc1fd29c352841d3678b607d7a436819cd43371b52c814c0,705,21,20,5,42,MurmurHash3,4,4,4,0.715259326000,322234138.895000,322.234138895000,230481012,18475410,230480992,230480973,230480973,230480973,363051744283573300,13465651050537902499,strict_less_than_leftmost,false,1024,$KSSD_RELEASE_HOST/KSSD-Array-formal-results/final-validation-20260731-162115/03_figure3_final/logs/run_GRCh38.p14_chr1_k21_w20_threads4_repeat5.log
final_release_formal,GRCh38.p14_chr1,$KSSD_RELEASE_HOST/seq/human/GCF_000001405.40_GRCh38.p14_genomic.fna,3339739109,df6e4918316e05a9cc1fd29c352841d3678b607d7a436819cd43371b52c814c0,705,21,20,5,42,wyhash,4,4,4,0.546060216000,422079774.806000,422.079774806000,230481012,18475410,230480992,230480973,230480973,230480973,786380710371532391,9875309383873026278,strict_less_than_leftmost,false,1024,$KSSD_RELEASE_HOST/KSSD-Array-formal-results/final-validation-20260731-162115/03_figure3_final/logs/run_GRCh38.p14_chr1_k21_w20_threads4_repeat5.log
final_release_formal,GRCh38.p14_chr1,$KSSD_RELEASE_HOST/seq/human/GCF_000001405.40_GRCh38.p14_genomic.fna,3339739109,df6e4918316e05a9cc1fd29c352841d3678b607d7a436819cd43371b52c814c0,705,21,20,1,42,KSSD-Array,8,8,8,0.217598602000,1059202452.964000,1059.202452964000,230481012,18475410,230480992,230480973,230480973,230480973,188661062253,346676762911807984,strict_less_than_leftmost,false,1024,$KSSD_RELEASE_HOST/KSSD-Array-formal-results/final-validation-20260731-162115/03_figure3_final/logs/run_GRCh38.p14_chr1_k21_w20_threads8_repeat1.log
final_release_formal,GRCh38.p14_chr1,$KSSD_RELEASE_HOST/seq/human/GCF_000001405.40_GRCh38.p14_genomic.fna,3339739109,df6e4918316e05a9cc1fd29c352841d3678b607d7a436819cd43371b52c814c0,705,21,20,1,42,XXH3,8,8,8,0.454024658000,507639770.085000,507.639770085000,230481012,18475410,230480992,230480973,230480973,230480973,775743263796053414,4797102690108892229,strict_less_than_leftmost,false,1024,$KSSD_RELEASE_HOST/KSSD-Array-formal-results/final-validation-20260731-162115/03_figure3_final/logs/run_GRCh38.p14_chr1_k21_w20_threads8_repeat1.log
final_release_formal,GRCh38.p14_chr1,$KSSD_RELEASE_HOST/seq/human/GCF_000001405.40_GRCh38.p14_genomic.fna,3339739109,df6e4918316e05a9cc1fd29c352841d3678b607d7a436819cd43371b52c814c0,705,21,20,1,42,XXH64,8,8,8,0.544815112000,423044383.174000,423.044383174000,230481012,18475410,230480992,230480973,230480973,230480973,1359048515777232336,3322526569974776645,strict_less_than_leftmost,false,1024,$KSSD_RELEASE_HOST/KSSD-Array-formal-results/final-validation-20260731-162115/03_figure3_final/logs/run_GRCh38.p14_chr1_k21_w20_threads8_repeat1.log
final_release_formal,GRCh38.p14_chr1,$KSSD_RELEASE_HOST/seq/human/GCF_000001405.40_GRCh38.p14_genomic.fna,3339739109,df6e4918316e05a9cc1fd29c352841d3678b607d7a436819cd43371b52c814c0,705,21,20,1,42,MurmurHash3,8,8,8,0.357769903000,644215656.676000,644.215656676000,230481012,18475410,230480992,230480973,230480973,230480973,363051744283573300,13465651050537902499,strict_less_than_leftmost,false,1024,$KSSD_RELEASE_HOST/KSSD-Array-formal-results/final-validation-20260731-162115/03_figure3_final/logs/run_GRCh38.p14_chr1_k21_w20_threads8_repeat1.log
final_release_formal,GRCh38.p14_chr1,$KSSD_RELEASE_HOST/seq/human/GCF_000001405.40_GRCh38.p14_genomic.fna,3339739109,df6e4918316e05a9cc1fd29c352841d3678b607d7a436819cd43371b52c814c0,705,21,20,1,42,wyhash,8,8,8,0.275937562000,835264946.640000,835.264946640000,230481012,18475410,230480992,230480973,230480973,230480973,786380710371532391,9875309383873026278,strict_less_than_leftmost,false,1024,$KSSD_RELEASE_HOST/KSSD-Array-formal-results/final-validation-20260731-162115/03_figure3_final/logs/run_GRCh38.p14_chr1_k21_w20_threads8_repeat1.log
final_release_formal,GRCh38.p14_chr1,$KSSD_RELEASE_HOST/seq/human/GCF_000001405.40_GRCh38.p14_genomic.fna,3339739109,df6e4918316e05a9cc1fd29c352841d3678b607d7a436819cd43371b52c814c0,705,21,20,2,42,KSSD-Array,8,8,8,0.223162384000,1032794904.181000,1032.794904181000,230481012,18475410,230480992,230480973,230480973,230480973,188661062253,346676762911807984,strict_less_than_leftmost,false,1024,$KSSD_RELEASE_HOST/KSSD-Array-formal-results/final-validation-20260731-162115/03_figure3_final/logs/run_GRCh38.p14_chr1_k21_w20_threads8_repeat2.log
final_release_formal,GRCh38.p14_chr1,$KSSD_RELEASE_HOST/seq/human/GCF_000001405.40_GRCh38.p14_genomic.fna,3339739109,df6e4918316e05a9cc1fd29c352841d3678b607d7a436819cd43371b52c814c0,705,21,20,2,42,XXH3,8,8,8,0.455013094000,506537011.878000,506.537011878000,230481012,18475410,230480992,230480973,230480973,230480973,775743263796053414,4797102690108892229,strict_less_than_leftmost,false,1024,$KSSD_RELEASE_HOST/KSSD-Array-formal-results/final-validation-20260731-162115/03_figure3_final/logs/run_GRCh38.p14_chr1_k21_w20_threads8_repeat2.log
final_release_formal,GRCh38.p14_chr1,$KSSD_RELEASE_HOST/seq/human/GCF_000001405.40_GRCh38.p14_genomic.fna,3339739109,df6e4918316e05a9cc1fd29c352841d3678b607d7a436819cd43371b52c814c0,705,21,20,2,42,XXH64,8,8,8,0.542472711000,424871091.811000,424.871091811000,230481012,18475410,230480992,230480973,230480973,230480973,1359048515777232336,3322526569974776645,strict_less_than_leftmost,false,1024,$KSSD_RELEASE_HOST/KSSD-Array-formal-results/final-validation-20260731-162115/03_figure3_final/logs/run_GRCh38.p14_chr1_k21_w20_threads8_repeat2.log
final_release_formal,GRCh38.p14_chr1,$KSSD_RELEASE_HOST/seq/human/GCF_000001405.40_GRCh38.p14_genomic.fna,3339739109,df6e4918316e05a9cc1fd29c352841d3678b607d7a436819cd43371b52c814c0,705,21,20,2,42,MurmurHash3,8,8,8,0.357735580000,644277466.055000,644.277466055000,230481012,18475410,230480992,230480973,230480973,230480973,363051744283573300,13465651050537902499,strict_less_than_leftmost,false,1024,$KSSD_RELEASE_HOST/KSSD-Array-formal-results/final-validation-20260731-162115/03_figure3_final/logs/run_GRCh38.p14_chr1_k21_w20_threads8_repeat2.log
final_release_formal,GRCh38.p14_chr1,$KSSD_RELEASE_HOST/seq/human/GCF_000001405.40_GRCh38.p14_genomic.fna,3339739109,df6e4918316e05a9cc1fd29c352841d3678b607d7a436819cd43371b52c814c0,705,21,20,2,42,wyhash,8,8,8,0.274007316000,841148975.015000,841.148975015000,230481012,18475410,230480992,230480973,230480973,230480973,786380710371532391,9875309383873026278,strict_less_than_leftmost,false,1024,$KSSD_RELEASE_HOST/KSSD-Array-formal-results/final-validation-20260731-162115/03_figure3_final/logs/run_GRCh38.p14_chr1_k21_w20_threads8_repeat2.log
final_release_formal,GRCh38.p14_chr1,$KSSD_RELEASE_HOST/seq/human/GCF_000001405.40_GRCh38.p14_genomic.fna,3339739109,df6e4918316e05a9cc1fd29c352841d3678b607d7a436819cd43371b52c814c0,705,21,20,3,42,KSSD-Array,8,8,8,0.221895851000,1038689871.673000,1038.689871673000,230481012,18475410,230480992,230480973,230480973,230480973,188661062253,346676762911807984,strict_less_than_leftmost,false,1024,$KSSD_RELEASE_HOST/KSSD-Array-formal-results/final-validation-20260731-162115/03_figure3_final/logs/run_GRCh38.p14_chr1_k21_w20_threads8_repeat3.log
final_release_formal,GRCh38.p14_chr1,$KSSD_RELEASE_HOST/seq/human/GCF_000001405.40_GRCh38.p14_genomic.fna,3339739109,df6e4918316e05a9cc1fd29c352841d3678b607d7a436819cd43371b52c814c0,705,21,20,3,42,XXH3,8,8,8,0.456745586000,504615654.895000,504.615654895000,230481012,18475410,230480992,230480973,230480973,230480973,775743263796053414,4797102690108892229,strict_less_than_leftmost,false,1024,$KSSD_RELEASE_HOST/KSSD-Array-formal-results/final-validation-20260731-162115/03_figure3_final/logs/run_GRCh38.p14_chr1_k21_w20_threads8_repeat3.log
final_release_formal,GRCh38.p14_chr1,$KSSD_RELEASE_HOST/seq/human/GCF_000001405.40_GRCh38.p14_genomic.fna,3339739109,df6e4918316e05a9cc1fd29c352841d3678b607d7a436819cd43371b52c814c0,705,21,20,3,42,XXH64,8,8,8,0.543507572000,424062119.598000,424.062119598000,230481012,18475410,230480992,230480973,230480973,230480973,1359048515777232336,3322526569974776645,strict_less_than_leftmost,false,1024,$KSSD_RELEASE_HOST/KSSD-Array-formal-results/final-validation-20260731-162115/03_figure3_final/logs/run_GRCh38.p14_chr1_k21_w20_threads8_repeat3.log
final_release_formal,GRCh38.p14_chr1,$KSSD_RELEASE_HOST/seq/human/GCF_000001405.40_GRCh38.p14_genomic.fna,3339739109,df6e4918316e05a9cc1fd29c352841d3678b607d7a436819cd43371b52c814c0,705,21,20,3,42,MurmurHash3,8,8,8,0.357687497000,644364074.599000,644.364074599000,230481012,18475410,230480992,230480973,230480973,230480973,363051744283573300,13465651050537902499,strict_less_than_leftmost,false,1024,$KSSD_RELEASE_HOST/KSSD-Array-formal-results/final-validation-20260731-162115/03_figure3_final/logs/run_GRCh38.p14_chr1_k21_w20_threads8_repeat3.log
final_release_formal,GRCh38.p14_chr1,$KSSD_RELEASE_HOST/seq/human/GCF_000001405.40_GRCh38.p14_genomic.fna,3339739109,df6e4918316e05a9cc1fd29c352841d3678b607d7a436819cd43371b52c814c0,705,21,20,3,42,wyhash,8,8,8,0.273555696000,842537649.079000,842.537649079000,230481012,18475410,230480992,230480973,230480973,230480973,786380710371532391,9875309383873026278,strict_less_than_leftmost,false,1024,$KSSD_RELEASE_HOST/KSSD-Array-formal-results/final-validation-20260731-162115/03_figure3_final/logs/run_GRCh38.p14_chr1_k21_w20_threads8_repeat3.log
final_release_formal,GRCh38.p14_chr1,$KSSD_RELEASE_HOST/seq/human/GCF_000001405.40_GRCh38.p14_genomic.fna,3339739109,df6e4918316e05a9cc1fd29c352841d3678b607d7a436819cd43371b52c814c0,705,21,20,4,42,KSSD-Array,8,8,8,0.223455638000,1031439506.574000,1031.439506574000,230481012,18475410,230480992,230480973,230480973,230480973,188661062253,346676762911807984,strict_less_than_leftmost,false,1024,$KSSD_RELEASE_HOST/KSSD-Array-formal-results/final-validation-20260731-162115/03_figure3_final/logs/run_GRCh38.p14_chr1_k21_w20_threads8_repeat4.log
final_release_formal,GRCh38.p14_chr1,$KSSD_RELEASE_HOST/seq/human/GCF_000001405.40_GRCh38.p14_genomic.fna,3339739109,df6e4918316e05a9cc1fd29c352841d3678b607d7a436819cd43371b52c814c0,705,21,20,4,42,XXH3,8,8,8,0.455248365000,506275235.058000,506.275235058000,230481012,18475410,230480992,230480973,230480973,230480973,775743263796053414,4797102690108892229,strict_less_than_leftmost,false,1024,$KSSD_RELEASE_HOST/KSSD-Array-formal-results/final-validation-20260731-162115/03_figure3_final/logs/run_GRCh38.p14_chr1_k21_w20_threads8_repeat4.log
final_release_formal,GRCh38.p14_chr1,$KSSD_RELEASE_HOST/seq/human/GCF_000001405.40_GRCh38.p14_genomic.fna,3339739109,df6e4918316e05a9cc1fd29c352841d3678b607d7a436819cd43371b52c814c0,705,21,20,4,42,XXH64,8,8,8,0.542628098000,424749425.711000,424.749425711000,230481012,18475410,230480992,230480973,230480973,230480973,1359048515777232336,3322526569974776645,strict_less_than_leftmost,false,1024,$KSSD_RELEASE_HOST/KSSD-Array-formal-results/final-validation-20260731-162115/03_figure3_final/logs/run_GRCh38.p14_chr1_k21_w20_threads8_repeat4.log
final_release_formal,GRCh38.p14_chr1,$KSSD_RELEASE_HOST/seq/human/GCF_000001405.40_GRCh38.p14_genomic.fna,3339739109,df6e4918316e05a9cc1fd29c352841d3678b607d7a436819cd43371b52c814c0,705,21,20,4,42,MurmurHash3,8,8,8,0.358307017000,643249956.224000,643.249956224000,230481012,18475410,230480992,230480973,230480973,230480973,363051744283573300,13465651050537902499,strict_less_than_leftmost,false,1024,$KSSD_RELEASE_HOST/KSSD-Array-formal-results/final-validation-20260731-162115/03_figure3_final/logs/run_GRCh38.p14_chr1_k21_w20_threads8_repeat4.log
final_release_formal,GRCh38.p14_chr1,$KSSD_RELEASE_HOST/seq/human/GCF_000001405.40_GRCh38.p14_genomic.fna,3339739109,df6e4918316e05a9cc1fd29c352841d3678b607d7a436819cd43371b52c814c0,705,21,20,4,42,wyhash,8,8,8,0.273217720000,843579885.668000,843.579885668000,230481012,18475410,230480992,230480973,230480973,230480973,786380710371532391,9875309383873026278,strict_less_than_leftmost,false,1024,$KSSD_RELEASE_HOST/KSSD-Array-formal-results/final-validation-20260731-162115/03_figure3_final/logs/run_GRCh38.p14_chr1_k21_w20_threads8_repeat4.log
final_release_formal,GRCh38.p14_chr1,$KSSD_RELEASE_HOST/seq/human/GCF_000001405.40_GRCh38.p14_genomic.fna,3339739109,df6e4918316e05a9cc1fd29c352841d3678b607d7a436819cd43371b52c814c0,705,21,20,5,42,KSSD-Array,8,8,8,0.222395014000,1036358544.441000,1036.358544441000,230481012,18475410,230480992,230480973,230480973,230480973,188661062253,346676762911807984,strict_less_than_leftmost,false,1024,$KSSD_RELEASE_HOST/KSSD-Array-formal-results/final-validation-20260731-162115/03_figure3_final/logs/run_GRCh38.p14_chr1_k21_w20_threads8_repeat5.log
final_release_formal,GRCh38.p14_chr1,$KSSD_RELEASE_HOST/seq/human/GCF_000001405.40_GRCh38.p14_genomic.fna,3339739109,df6e4918316e05a9cc1fd29c352841d3678b607d7a436819cd43371b52c814c0,705,21,20,5,42,XXH3,8,8,8,0.457498785000,503784885.461000,503.784885461000,230481012,18475410,230480992,230480973,230480973,230480973,775743263796053414,4797102690108892229,strict_less_than_leftmost,false,1024,$KSSD_RELEASE_HOST/KSSD-Array-formal-results/final-validation-20260731-162115/03_figure3_final/logs/run_GRCh38.p14_chr1_k21_w20_threads8_repeat5.log
final_release_formal,GRCh38.p14_chr1,$KSSD_RELEASE_HOST/seq/human/GCF_000001405.40_GRCh38.p14_genomic.fna,3339739109,df6e4918316e05a9cc1fd29c352841d3678b607d7a436819cd43371b52c814c0,705,21,20,5,42,XXH64,8,8,8,0.542907342000,424530956.150000,424.530956150000,230481012,18475410,230480992,230480973,230480973,230480973,1359048515777232336,3322526569974776645,strict_less_than_leftmost,false,1024,$KSSD_RELEASE_HOST/KSSD-Array-formal-results/final-validation-20260731-162115/03_figure3_final/logs/run_GRCh38.p14_chr1_k21_w20_threads8_repeat5.log
final_release_formal,GRCh38.p14_chr1,$KSSD_RELEASE_HOST/seq/human/GCF_000001405.40_GRCh38.p14_genomic.fna,3339739109,df6e4918316e05a9cc1fd29c352841d3678b607d7a436819cd43371b52c814c0,705,21,20,5,42,MurmurHash3,8,8,8,0.357684834000,644368871.955000,644.368871955000,230481012,18475410,230480992,230480973,230480973,230480973,363051744283573300,13465651050537902499,strict_less_than_leftmost,false,1024,$KSSD_RELEASE_HOST/KSSD-Array-formal-results/final-validation-20260731-162115/03_figure3_final/logs/run_GRCh38.p14_chr1_k21_w20_threads8_repeat5.log
final_release_formal,GRCh38.p14_chr1,$KSSD_RELEASE_HOST/seq/human/GCF_000001405.40_GRCh38.p14_genomic.fna,3339739109,df6e4918316e05a9cc1fd29c352841d3678b607d7a436819cd43371b52c814c0,705,21,20,5,42,wyhash,8,8,8,0.273514288000,842665202.924000,842.665202924000,230481012,18475410,230480992,230480973,230480973,230480973,786380710371532391,9875309383873026278,strict_less_than_leftmost,false,1024,$KSSD_RELEASE_HOST/KSSD-Array-formal-results/final-validation-20260731-162115/03_figure3_final/logs/run_GRCh38.p14_chr1_k21_w20_threads8_repeat5.log
final_release_formal,GRCh38.p14_chr1,$KSSD_RELEASE_HOST/seq/human/GCF_000001405.40_GRCh38.p14_genomic.fna,3339739109,df6e4918316e05a9cc1fd29c352841d3678b607d7a436819cd43371b52c814c0,705,21,20,1,42,KSSD-Array,16,16,16,0.116790824000,1973451039.270000,1973.451039270000,230481012,18475410,230480992,230480973,230480973,230480973,188661062253,346676762911807984,strict_less_than_leftmost,false,1024,$KSSD_RELEASE_HOST/KSSD-Array-formal-results/final-validation-20260731-162115/03_figure3_final/logs/run_GRCh38.p14_chr1_k21_w20_threads16_repeat1.log
final_release_formal,GRCh38.p14_chr1,$KSSD_RELEASE_HOST/seq/human/GCF_000001405.40_GRCh38.p14_genomic.fna,3339739109,df6e4918316e05a9cc1fd29c352841d3678b607d7a436819cd43371b52c814c0,705,21,20,1,42,XXH3,16,16,16,0.229393245000,1004741761.249000,1004.741761249000,230481012,18475410,230480992,230480973,230480973,230480973,775743263796053414,4797102690108892229,strict_less_than_leftmost,false,1024,$KSSD_RELEASE_HOST/KSSD-Array-formal-results/final-validation-20260731-162115/03_figure3_final/logs/run_GRCh38.p14_chr1_k21_w20_threads16_repeat1.log
final_release_formal,GRCh38.p14_chr1,$KSSD_RELEASE_HOST/seq/human/GCF_000001405.40_GRCh38.p14_genomic.fna,3339739109,df6e4918316e05a9cc1fd29c352841d3678b607d7a436819cd43371b52c814c0,705,21,20,1,42,XXH64,16,16,16,0.273471446000,842797214.741000,842.797214741000,230481012,18475410,230480992,230480973,230480973,230480973,1359048515777232336,3322526569974776645,strict_less_than_leftmost,false,1024,$KSSD_RELEASE_HOST/KSSD-Array-formal-results/final-validation-20260731-162115/03_figure3_final/logs/run_GRCh38.p14_chr1_k21_w20_threads16_repeat1.log
final_release_formal,GRCh38.p14_chr1,$KSSD_RELEASE_HOST/seq/human/GCF_000001405.40_GRCh38.p14_genomic.fna,3339739109,df6e4918316e05a9cc1fd29c352841d3678b607d7a436819cd43371b52c814c0,705,21,20,1,42,MurmurHash3,16,16,16,0.181556842000,1269470048.394000,1269.470048394000,230481012,18475410,230480992,230480973,230480973,230480973,363051744283573300,13465651050537902499,strict_less_than_leftmost,false,1024,$KSSD_RELEASE_HOST/KSSD-Array-formal-results/final-validation-20260731-162115/03_figure3_final/logs/run_GRCh38.p14_chr1_k21_w20_threads16_repeat1.log
final_release_formal,GRCh38.p14_chr1,$KSSD_RELEASE_HOST/seq/human/GCF_000001405.40_GRCh38.p14_genomic.fna,3339739109,df6e4918316e05a9cc1fd29c352841d3678b607d7a436819cd43371b52c814c0,705,21,20,1,42,wyhash,16,16,16,0.137139084000,1680636666.641000,1680.636666641000,230481012,18475410,230480992,230480973,230480973,230480973,786380710371532391,9875309383873026278,strict_less_than_leftmost,false,1024,$KSSD_RELEASE_HOST/KSSD-Array-formal-results/final-validation-20260731-162115/03_figure3_final/logs/run_GRCh38.p14_chr1_k21_w20_threads16_repeat1.log
final_release_formal,GRCh38.p14_chr1,$KSSD_RELEASE_HOST/seq/human/GCF_000001405.40_GRCh38.p14_genomic.fna,3339739109,df6e4918316e05a9cc1fd29c352841d3678b607d7a436819cd43371b52c814c0,705,21,20,2,42,KSSD-Array,16,16,16,0.115543844000,1994749049.547000,1994.749049547000,230481012,18475410,230480992,230480973,230480973,230480973,188661062253,346676762911807984,strict_less_than_leftmost,false,1024,$KSSD_RELEASE_HOST/KSSD-Array-formal-results/final-validation-20260731-162115/03_figure3_final/logs/run_GRCh38.p14_chr1_k21_w20_threads16_repeat2.log
final_release_formal,GRCh38.p14_chr1,$KSSD_RELEASE_HOST/seq/human/GCF_000001405.40_GRCh38.p14_genomic.fna,3339739109,df6e4918316e05a9cc1fd29c352841d3678b607d7a436819cd43371b52c814c0,705,21,20,2,42,XXH3,16,16,16,0.230070800000,1001782812.074000,1001.782812074000,230481012,18475410,230480992,230480973,230480973,230480973,775743263796053414,4797102690108892229,strict_less_than_leftmost,false,1024,$KSSD_RELEASE_HOST/KSSD-Array-formal-results/final-validation-20260731-162115/03_figure3_final/logs/run_GRCh38.p14_chr1_k21_w20_threads16_repeat2.log
final_release_formal,GRCh38.p14_chr1,$KSSD_RELEASE_HOST/seq/human/GCF_000001405.40_GRCh38.p14_genomic.fna,3339739109,df6e4918316e05a9cc1fd29c352841d3678b607d7a436819cd43371b52c814c0,705,21,20,2,42,XXH64,16,16,16,0.272905327000,844545526.222000,844.545526222000,230481012,18475410,230480992,230480973,230480973,230480973,1359048515777232336,3322526569974776645,strict_less_than_leftmost,false,1024,$KSSD_RELEASE_HOST/KSSD-Array-formal-results/final-validation-20260731-162115/03_figure3_final/logs/run_GRCh38.p14_chr1_k21_w20_threads16_repeat2.log
final_release_formal,GRCh38.p14_chr1,$KSSD_RELEASE_HOST/seq/human/GCF_000001405.40_GRCh38.p14_genomic.fna,3339739109,df6e4918316e05a9cc1fd29c352841d3678b607d7a436819cd43371b52c814c0,705,21,20,2,42,MurmurHash3,16,16,16,0.179210328000,1286092021.438000,1286.092021438000,230481012,18475410,230480992,230480973,230480973,230480973,363051744283573300,13465651050537902499,strict_less_than_leftmost,false,1024,$KSSD_RELEASE_HOST/KSSD-Array-formal-results/final-validation-20260731-162115/03_figure3_final/logs/run_GRCh38.p14_chr1_k21_w20_threads16_repeat2.log
final_release_formal,GRCh38.p14_chr1,$KSSD_RELEASE_HOST/seq/human/GCF_000001405.40_GRCh38.p14_genomic.fna,3339739109,df6e4918316e05a9cc1fd29c352841d3678b607d7a436819cd43371b52c814c0,705,21,20,2,42,wyhash,16,16,16,0.137752650000,1673150919.420000,1673.150919420000,230481012,18475410,230480992,230480973,230480973,230480973,786380710371532391,9875309383873026278,strict_less_than_leftmost,false,1024,$KSSD_RELEASE_HOST/KSSD-Array-formal-results/final-validation-20260731-162115/03_figure3_final/logs/run_GRCh38.p14_chr1_k21_w20_threads16_repeat2.log
final_release_formal,GRCh38.p14_chr1,$KSSD_RELEASE_HOST/seq/human/GCF_000001405.40_GRCh38.p14_genomic.fna,3339739109,df6e4918316e05a9cc1fd29c352841d3678b607d7a436819cd43371b52c814c0,705,21,20,3,42,KSSD-Array,16,16,16,0.115471468000,1995999332.060000,1995.999332060000,230481012,18475410,230480992,230480973,230480973,230480973,188661062253,346676762911807984,strict_less_than_leftmost,false,1024,$KSSD_RELEASE_HOST/KSSD-Array-formal-results/final-validation-20260731-162115/03_figure3_final/logs/run_GRCh38.p14_chr1_k21_w20_threads16_repeat3.log
final_release_formal,GRCh38.p14_chr1,$KSSD_RELEASE_HOST/seq/human/GCF_000001405.40_GRCh38.p14_genomic.fna,3339739109,df6e4918316e05a9cc1fd29c352841d3678b607d7a436819cd43371b52c814c0,705,21,20,3,42,XXH3,16,16,16,0.227654204000,1012416941.793000,1012.416941793000,230481012,18475410,230480992,230480973,230480973,230480973,775743263796053414,4797102690108892229,strict_less_than_leftmost,false,1024,$KSSD_RELEASE_HOST/KSSD-Array-formal-results/final-validation-20260731-162115/03_figure3_final/logs/run_GRCh38.p14_chr1_k21_w20_threads16_repeat3.log
final_release_formal,GRCh38.p14_chr1,$KSSD_RELEASE_HOST/seq/human/GCF_000001405.40_GRCh38.p14_genomic.fna,3339739109,df6e4918316e05a9cc1fd29c352841d3678b607d7a436819cd43371b52c814c0,705,21,20,3,42,XXH64,16,16,16,0.272580425000,845552181.526000,845.552181526000,230481012,18475410,230480992,230480973,230480973,230480973,1359048515777232336,3322526569974776645,strict_less_than_leftmost,false,1024,$KSSD_RELEASE_HOST/KSSD-Array-formal-results/final-validation-20260731-162115/03_figure3_final/logs/run_GRCh38.p14_chr1_k21_w20_threads16_repeat3.log
final_release_formal,GRCh38.p14_chr1,$KSSD_RELEASE_HOST/seq/human/GCF_000001405.40_GRCh38.p14_genomic.fna,3339739109,df6e4918316e05a9cc1fd29c352841d3678b607d7a436819cd43371b52c814c0,705,21,20,3,42,MurmurHash3,16,16,16,0.188756412000,1221049767.570000,1221.049767570000,230481012,18475410,230480992,230480973,230480973,230480973,363051744283573300,13465651050537902499,strict_less_than_leftmost,false,1024,$KSSD_RELEASE_HOST/KSSD-Array-formal-results/final-validation-20260731-162115/03_figure3_final/logs/run_GRCh38.p14_chr1_k21_w20_threads16_repeat3.log
final_release_formal,GRCh38.p14_chr1,$KSSD_RELEASE_HOST/seq/human/GCF_000001405.40_GRCh38.p14_genomic.fna,3339739109,df6e4918316e05a9cc1fd29c352841d3678b607d7a436819cd43371b52c814c0,705,21,20,3,42,wyhash,16,16,16,0.140379261000,1641844894.738000,1641.844894738000,230481012,18475410,230480992,230480973,230480973,230480973,786380710371532391,9875309383873026278,strict_less_than_leftmost,false,1024,$KSSD_RELEASE_HOST/KSSD-Array-formal-results/final-validation-20260731-162115/03_figure3_final/logs/run_GRCh38.p14_chr1_k21_w20_threads16_repeat3.log
final_release_formal,GRCh38.p14_chr1,$KSSD_RELEASE_HOST/seq/human/GCF_000001405.40_GRCh38.p14_genomic.fna,3339739109,df6e4918316e05a9cc1fd29c352841d3678b607d7a436819cd43371b52c814c0,705,21,20,4,42,KSSD-Array,16,16,16,0.117747670000,1957414299.578000,1957.414299578000,230481012,18475410,230480992,230480973,230480973,230480973,188661062253,346676762911807984,strict_less_than_leftmost,false,1024,$KSSD_RELEASE_HOST/KSSD-Array-formal-results/final-validation-20260731-162115/03_figure3_final/logs/run_GRCh38.p14_chr1_k21_w20_threads16_repeat4.log
final_release_formal,GRCh38.p14_chr1,$KSSD_RELEASE_HOST/seq/human/GCF_000001405.40_GRCh38.p14_genomic.fna,3339739109,df6e4918316e05a9cc1fd29c352841d3678b607d7a436819cd43371b52c814c0,705,21,20,4,42,XXH3,16,16,16,0.231640583000,994993925.568000,994.993925568000,230481012,18475410,230480992,230480973,230480973,230480973,775743263796053414,4797102690108892229,strict_less_than_leftmost,false,1024,$KSSD_RELEASE_HOST/KSSD-Array-formal-results/final-validation-20260731-162115/03_figure3_final/logs/run_GRCh38.p14_chr1_k21_w20_threads16_repeat4.log
final_release_formal,GRCh38.p14_chr1,$KSSD_RELEASE_HOST/seq/human/GCF_000001405.40_GRCh38.p14_genomic.fna,3339739109,df6e4918316e05a9cc1fd29c352841d3678b607d7a436819cd43371b52c814c0,705,21,20,4,42,XXH64,16,16,16,0.273845575000,841645781.569000,841.645781569000,230481012,18475410,230480992,230480973,230480973,230480973,1359048515777232336,3322526569974776645,strict_less_than_leftmost,false,1024,$KSSD_RELEASE_HOST/KSSD-Array-formal-results/final-validation-20260731-162115/03_figure3_final/logs/run_GRCh38.p14_chr1_k21_w20_threads16_repeat4.log
final_release_formal,GRCh38.p14_chr1,$KSSD_RELEASE_HOST/seq/human/GCF_000001405.40_GRCh38.p14_genomic.fna,3339739109,df6e4918316e05a9cc1fd29c352841d3678b607d7a436819cd43371b52c814c0,705,21,20,4,42,MurmurHash3,16,16,16,0.179148541000,1286535585.015000,1286.535585015000,230481012,18475410,230480992,230480973,230480973,230480973,363051744283573300,13465651050537902499,strict_less_than_leftmost,false,1024,$KSSD_RELEASE_HOST/KSSD-Array-formal-results/final-validation-20260731-162115/03_figure3_final/logs/run_GRCh38.p14_chr1_k21_w20_threads16_repeat4.log
final_release_formal,GRCh38.p14_chr1,$KSSD_RELEASE_HOST/seq/human/GCF_000001405.40_GRCh38.p14_genomic.fna,3339739109,df6e4918316e05a9cc1fd29c352841d3678b607d7a436819cd43371b52c814c0,705,21,20,4,42,wyhash,16,16,16,0.136889528000,1683700545.742000,1683.700545742000,230481012,18475410,230480992,230480973,230480973,230480973,786380710371532391,9875309383873026278,strict_less_than_leftmost,false,1024,$KSSD_RELEASE_HOST/KSSD-Array-formal-results/final-validation-20260731-162115/03_figure3_final/logs/run_GRCh38.p14_chr1_k21_w20_threads16_repeat4.log
final_release_formal,GRCh38.p14_chr1,$KSSD_RELEASE_HOST/seq/human/GCF_000001405.40_GRCh38.p14_genomic.fna,3339739109,df6e4918316e05a9cc1fd29c352841d3678b607d7a436819cd43371b52c814c0,705,21,20,5,42,KSSD-Array,16,16,16,0.119610925000,1926922419.503000,1926.922419503000,230481012,18475410,230480992,230480973,230480973,230480973,188661062253,346676762911807984,strict_less_than_leftmost,false,1024,$KSSD_RELEASE_HOST/KSSD-Array-formal-results/final-validation-20260731-162115/03_figure3_final/logs/run_GRCh38.p14_chr1_k21_w20_threads16_repeat5.log
final_release_formal,GRCh38.p14_chr1,$KSSD_RELEASE_HOST/seq/human/GCF_000001405.40_GRCh38.p14_genomic.fna,3339739109,df6e4918316e05a9cc1fd29c352841d3678b607d7a436819cd43371b52c814c0,705,21,20,5,42,XXH3,16,16,16,0.232694157000,990488871.622000,990.488871622000,230481012,18475410,230480992,230480973,230480973,230480973,775743263796053414,4797102690108892229,strict_less_than_leftmost,false,1024,$KSSD_RELEASE_HOST/KSSD-Array-formal-results/final-validation-20260731-162115/03_figure3_final/logs/run_GRCh38.p14_chr1_k21_w20_threads16_repeat5.log
final_release_formal,GRCh38.p14_chr1,$KSSD_RELEASE_HOST/seq/human/GCF_000001405.40_GRCh38.p14_genomic.fna,3339739109,df6e4918316e05a9cc1fd29c352841d3678b607d7a436819cd43371b52c814c0,705,21,20,5,42,XXH64,16,16,16,0.272465277000,845909524.831000,845.909524831000,230481012,18475410,230480992,230480973,230480973,230480973,1359048515777232336,3322526569974776645,strict_less_than_leftmost,false,1024,$KSSD_RELEASE_HOST/KSSD-Array-formal-results/final-validation-20260731-162115/03_figure3_final/logs/run_GRCh38.p14_chr1_k21_w20_threads16_repeat5.log
final_release_formal,GRCh38.p14_chr1,$KSSD_RELEASE_HOST/seq/human/GCF_000001405.40_GRCh38.p14_genomic.fna,3339739109,df6e4918316e05a9cc1fd29c352841d3678b607d7a436819cd43371b52c814c0,705,21,20,5,42,MurmurHash3,16,16,16,0.180905450000,1274041069.520000,1274.041069520000,230481012,18475410,230480992,230480973,230480973,230480973,363051744283573300,13465651050537902499,strict_less_than_leftmost,false,1024,$KSSD_RELEASE_HOST/KSSD-Array-formal-results/final-validation-20260731-162115/03_figure3_final/logs/run_GRCh38.p14_chr1_k21_w20_threads16_repeat5.log
final_release_formal,GRCh38.p14_chr1,$KSSD_RELEASE_HOST/seq/human/GCF_000001405.40_GRCh38.p14_genomic.fna,3339739109,df6e4918316e05a9cc1fd29c352841d3678b607d7a436819cd43371b52c814c0,705,21,20,5,42,wyhash,16,16,16,0.138806539000,1660447516.813000,1660.447516813000,230481012,18475410,230480992,230480973,230480973,230480973,786380710371532391,9875309383873026278,strict_less_than_leftmost,false,1024,$KSSD_RELEASE_HOST/KSSD-Array-formal-results/final-validation-20260731-162115/03_figure3_final/logs/run_GRCh38.p14_chr1_k21_w20_threads16_repeat5.log
final_release_formal,Synthetic_300_Mb,$KSSD_RELEASE_HOST/AEEE.fasta,300000057,a7eca29bdfa06ff373048fffa7a90139afc98acfa938a8ec0a98459608045962,1,21,50,1,42,KSSD-Array,1,1,1,1.813752472000,165402906.753000,165.402906753000,300000000,0,299999980,299999931,299999931,299999931,57545583792,499764457165866869,strict_less_than_leftmost,false,1024,$KSSD_RELEASE_HOST/KSSD-Array-formal-results/final-validation-20260731-162115/03_figure3_final/logs/run_Synthetic_300_Mb_k21_w50_threads1_repeat1.log
final_release_formal,Synthetic_300_Mb,$KSSD_RELEASE_HOST/AEEE.fasta,300000057,a7eca29bdfa06ff373048fffa7a90139afc98acfa938a8ec0a98459608045962,1,21,50,1,42,XXH3,1,1,1,4.078538792000,73555738.047000,73.555738047000,300000000,0,299999980,299999931,299999931,299999931,321455543804147354,329018299338216163,strict_less_than_leftmost,false,1024,$KSSD_RELEASE_HOST/KSSD-Array-formal-results/final-validation-20260731-162115/03_figure3_final/logs/run_Synthetic_300_Mb_k21_w50_threads1_repeat1.log
final_release_formal,Synthetic_300_Mb,$KSSD_RELEASE_HOST/AEEE.fasta,300000057,a7eca29bdfa06ff373048fffa7a90139afc98acfa938a8ec0a98459608045962,1,21,50,1,42,XXH64,1,1,1,4.767023516000,62932337.127000,62.932337127000,300000000,0,299999980,299999931,299999931,299999931,493443549087490184,414711873768231967,strict_less_than_leftmost,false,1024,$KSSD_RELEASE_HOST/KSSD-Array-formal-results/final-validation-20260731-162115/03_figure3_final/logs/run_Synthetic_300_Mb_k21_w50_threads1_repeat1.log
final_release_formal,Synthetic_300_Mb,$KSSD_RELEASE_HOST/AEEE.fasta,300000057,a7eca29bdfa06ff373048fffa7a90139afc98acfa938a8ec0a98459608045962,1,21,50,1,42,MurmurHash3,1,1,1,3.075439824000,97547000.809000,97.547000809000,300000000,0,299999980,299999931,299999931,299999931,188356848912102758,1016285632706511991,strict_less_than_leftmost,false,1024,$KSSD_RELEASE_HOST/KSSD-Array-formal-results/final-validation-20260731-162115/03_figure3_final/logs/run_Synthetic_300_Mb_k21_w50_threads1_repeat1.log
final_release_formal,Synthetic_300_Mb,$KSSD_RELEASE_HOST/AEEE.fasta,300000057,a7eca29bdfa06ff373048fffa7a90139afc98acfa938a8ec0a98459608045962,1,21,50,1,42,wyhash,1,1,1,2.362853744000,126965086.926000,126.965086926000,300000000,0,299999980,299999931,299999931,299999931,458482641909991552,8073552655120799147,strict_less_than_leftmost,false,1024,$KSSD_RELEASE_HOST/KSSD-Array-formal-results/final-validation-20260731-162115/03_figure3_final/logs/run_Synthetic_300_Mb_k21_w50_threads1_repeat1.log
final_release_formal,Synthetic_300_Mb,$KSSD_RELEASE_HOST/AEEE.fasta,300000057,a7eca29bdfa06ff373048fffa7a90139afc98acfa938a8ec0a98459608045962,1,21,50,2,42,KSSD-Array,1,1,1,1.814261496000,165356499.965000,165.356499965000,300000000,0,299999980,299999931,299999931,299999931,57545583792,499764457165866869,strict_less_than_leftmost,false,1024,$KSSD_RELEASE_HOST/KSSD-Array-formal-results/final-validation-20260731-162115/03_figure3_final/logs/run_Synthetic_300_Mb_k21_w50_threads1_repeat2.log
final_release_formal,Synthetic_300_Mb,$KSSD_RELEASE_HOST/AEEE.fasta,300000057,a7eca29bdfa06ff373048fffa7a90139afc98acfa938a8ec0a98459608045962,1,21,50,2,42,XXH3,1,1,1,4.082264111000,73488613.878000,73.488613878000,300000000,0,299999980,299999931,299999931,299999931,321455543804147354,329018299338216163,strict_less_than_leftmost,false,1024,$KSSD_RELEASE_HOST/KSSD-Array-formal-results/final-validation-20260731-162115/03_figure3_final/logs/run_Synthetic_300_Mb_k21_w50_threads1_repeat2.log
final_release_formal,Synthetic_300_Mb,$KSSD_RELEASE_HOST/AEEE.fasta,300000057,a7eca29bdfa06ff373048fffa7a90139afc98acfa938a8ec0a98459608045962,1,21,50,2,42,XXH64,1,1,1,4.762465526000,62992567.476000,62.992567476000,300000000,0,299999980,299999931,299999931,299999931,493443549087490184,414711873768231967,strict_less_than_leftmost,false,1024,$KSSD_RELEASE_HOST/KSSD-Array-formal-results/final-validation-20260731-162115/03_figure3_final/logs/run_Synthetic_300_Mb_k21_w50_threads1_repeat2.log
final_release_formal,Synthetic_300_Mb,$KSSD_RELEASE_HOST/AEEE.fasta,300000057,a7eca29bdfa06ff373048fffa7a90139afc98acfa938a8ec0a98459608045962,1,21,50,2,42,MurmurHash3,1,1,1,3.078449849000,97451621.990000,97.451621990000,300000000,0,299999980,299999931,299999931,299999931,188356848912102758,1016285632706511991,strict_less_than_leftmost,false,1024,$KSSD_RELEASE_HOST/KSSD-Array-formal-results/final-validation-20260731-162115/03_figure3_final/logs/run_Synthetic_300_Mb_k21_w50_threads1_repeat2.log
final_release_formal,Synthetic_300_Mb,$KSSD_RELEASE_HOST/AEEE.fasta,300000057,a7eca29bdfa06ff373048fffa7a90139afc98acfa938a8ec0a98459608045962,1,21,50,2,42,wyhash,1,1,1,2.355494009000,127361789.015000,127.361789015000,300000000,0,299999980,299999931,299999931,299999931,458482641909991552,8073552655120799147,strict_less_than_leftmost,false,1024,$KSSD_RELEASE_HOST/KSSD-Array-formal-results/final-validation-20260731-162115/03_figure3_final/logs/run_Synthetic_300_Mb_k21_w50_threads1_repeat2.log
final_release_formal,Synthetic_300_Mb,$KSSD_RELEASE_HOST/AEEE.fasta,300000057,a7eca29bdfa06ff373048fffa7a90139afc98acfa938a8ec0a98459608045962,1,21,50,3,42,KSSD-Array,1,1,1,1.813871459000,165392056.593000,165.392056593000,300000000,0,299999980,299999931,299999931,299999931,57545583792,499764457165866869,strict_less_than_leftmost,false,1024,$KSSD_RELEASE_HOST/KSSD-Array-formal-results/final-validation-20260731-162115/03_figure3_final/logs/run_Synthetic_300_Mb_k21_w50_threads1_repeat3.log
final_release_formal,Synthetic_300_Mb,$KSSD_RELEASE_HOST/AEEE.fasta,300000057,a7eca29bdfa06ff373048fffa7a90139afc98acfa938a8ec0a98459608045962,1,21,50,3,42,XXH3,1,1,1,4.073411892000,73648317.173000,73.648317173000,300000000,0,299999980,299999931,299999931,299999931,321455543804147354,329018299338216163,strict_less_than_leftmost,false,1024,$KSSD_RELEASE_HOST/KSSD-Array-formal-results/final-validation-20260731-162115/03_figure3_final/logs/run_Synthetic_300_Mb_k21_w50_threads1_repeat3.log
final_release_formal,Synthetic_300_Mb,$KSSD_RELEASE_HOST/AEEE.fasta,300000057,a7eca29bdfa06ff373048fffa7a90139afc98acfa938a8ec0a98459608045962,1,21,50,3,42,XXH64,1,1,1,4.763391523000,62980321.805000,62.980321805000,300000000,0,299999980,299999931,299999931,299999931,493443549087490184,414711873768231967,strict_less_than_leftmost,false,1024,$KSSD_RELEASE_HOST/KSSD-Array-formal-results/final-validation-20260731-162115/03_figure3_final/logs/run_Synthetic_300_Mb_k21_w50_threads1_repeat3.log
final_release_formal,Synthetic_300_Mb,$KSSD_RELEASE_HOST/AEEE.fasta,300000057,a7eca29bdfa06ff373048fffa7a90139afc98acfa938a8ec0a98459608045962,1,21,50,3,42,MurmurHash3,1,1,1,3.073465229000,97609671.380000,97.609671380000,300000000,0,299999980,299999931,299999931,299999931,188356848912102758,1016285632706511991,strict_less_than_leftmost,false,1024,$KSSD_RELEASE_HOST/KSSD-Array-formal-results/final-validation-20260731-162115/03_figure3_final/logs/run_Synthetic_300_Mb_k21_w50_threads1_repeat3.log
final_release_formal,Synthetic_300_Mb,$KSSD_RELEASE_HOST/AEEE.fasta,300000057,a7eca29bdfa06ff373048fffa7a90139afc98acfa938a8ec0a98459608045962,1,21,50,3,42,wyhash,1,1,1,2.356194296000,127323935.683000,127.323935683000,300000000,0,299999980,299999931,299999931,299999931,458482641909991552,8073552655120799147,strict_less_than_leftmost,false,1024,$KSSD_RELEASE_HOST/KSSD-Array-formal-results/final-validation-20260731-162115/03_figure3_final/logs/run_Synthetic_300_Mb_k21_w50_threads1_repeat3.log
final_release_formal,Synthetic_300_Mb,$KSSD_RELEASE_HOST/AEEE.fasta,300000057,a7eca29bdfa06ff373048fffa7a90139afc98acfa938a8ec0a98459608045962,1,21,50,4,42,KSSD-Array,1,1,1,1.814073897000,165373599.993000,165.373599993000,300000000,0,299999980,299999931,299999931,299999931,57545583792,499764457165866869,strict_less_than_leftmost,false,1024,$KSSD_RELEASE_HOST/KSSD-Array-formal-results/final-validation-20260731-162115/03_figure3_final/logs/run_Synthetic_300_Mb_k21_w50_threads1_repeat4.log
final_release_formal,Synthetic_300_Mb,$KSSD_RELEASE_HOST/AEEE.fasta,300000057,a7eca29bdfa06ff373048fffa7a90139afc98acfa938a8ec0a98459608045962,1,21,50,4,42,XXH3,1,1,1,4.072916312000,73657278.475000,73.657278475000,300000000,0,299999980,299999931,299999931,299999931,321455543804147354,329018299338216163,strict_less_than_leftmost,false,1024,$KSSD_RELEASE_HOST/KSSD-Array-formal-results/final-validation-20260731-162115/03_figure3_final/logs/run_Synthetic_300_Mb_k21_w50_threads1_repeat4.log
final_release_formal,Synthetic_300_Mb,$KSSD_RELEASE_HOST/AEEE.fasta,300000057,a7eca29bdfa06ff373048fffa7a90139afc98acfa938a8ec0a98459608045962,1,21,50,4,42,XXH64,1,1,1,4.763688538000,62976394.995000,62.976394995000,300000000,0,299999980,299999931,299999931,299999931,493443549087490184,414711873768231967,strict_less_than_leftmost,false,1024,$KSSD_RELEASE_HOST/KSSD-Array-formal-results/final-validation-20260731-162115/03_figure3_final/logs/run_Synthetic_300_Mb_k21_w50_threads1_repeat4.log
final_release_formal,Synthetic_300_Mb,$KSSD_RELEASE_HOST/AEEE.fasta,300000057,a7eca29bdfa06ff373048fffa7a90139afc98acfa938a8ec0a98459608045962,1,21,50,4,42,MurmurHash3,1,1,1,3.085812297000,97219111.899000,97.219111899000,300000000,0,299999980,299999931,299999931,299999931,188356848912102758,1016285632706511991,strict_less_than_leftmost,false,1024,$KSSD_RELEASE_HOST/KSSD-Array-formal-results/final-validation-20260731-162115/03_figure3_final/logs/run_Synthetic_300_Mb_k21_w50_threads1_repeat4.log
final_release_formal,Synthetic_300_Mb,$KSSD_RELEASE_HOST/AEEE.fasta,300000057,a7eca29bdfa06ff373048fffa7a90139afc98acfa938a8ec0a98459608045962,1,21,50,4,42,wyhash,1,1,1,2.356741676000,127294363.254000,127.294363254000,300000000,0,299999980,299999931,299999931,299999931,458482641909991552,8073552655120799147,strict_less_than_leftmost,false,1024,$KSSD_RELEASE_HOST/KSSD-Array-formal-results/final-validation-20260731-162115/03_figure3_final/logs/run_Synthetic_300_Mb_k21_w50_threads1_repeat4.log
final_release_formal,Synthetic_300_Mb,$KSSD_RELEASE_HOST/AEEE.fasta,300000057,a7eca29bdfa06ff373048fffa7a90139afc98acfa938a8ec0a98459608045962,1,21,50,5,42,KSSD-Array,1,1,1,1.813961080000,165383885.193000,165.383885193000,300000000,0,299999980,299999931,299999931,299999931,57545583792,499764457165866869,strict_less_than_leftmost,false,1024,$KSSD_RELEASE_HOST/KSSD-Array-formal-results/final-validation-20260731-162115/03_figure3_final/logs/run_Synthetic_300_Mb_k21_w50_threads1_repeat5.log
final_release_formal,Synthetic_300_Mb,$KSSD_RELEASE_HOST/AEEE.fasta,300000057,a7eca29bdfa06ff373048fffa7a90139afc98acfa938a8ec0a98459608045962,1,21,50,5,42,XXH3,1,1,1,4.086017546000,73421106.890000,73.421106890000,300000000,0,299999980,299999931,299999931,299999931,321455543804147354,329018299338216163,strict_less_than_leftmost,false,1024,$KSSD_RELEASE_HOST/KSSD-Array-formal-results/final-validation-20260731-162115/03_figure3_final/logs/run_Synthetic_300_Mb_k21_w50_threads1_repeat5.log
final_release_formal,Synthetic_300_Mb,$KSSD_RELEASE_HOST/AEEE.fasta,300000057,a7eca29bdfa06ff373048fffa7a90139afc98acfa938a8ec0a98459608045962,1,21,50,5,42,XXH64,1,1,1,4.772400990000,62861425.859000,62.861425859000,300000000,0,299999980,299999931,299999931,299999931,493443549087490184,414711873768231967,strict_less_than_leftmost,false,1024,$KSSD_RELEASE_HOST/KSSD-Array-formal-results/final-validation-20260731-162115/03_figure3_final/logs/run_Synthetic_300_Mb_k21_w50_threads1_repeat5.log
final_release_formal,Synthetic_300_Mb,$KSSD_RELEASE_HOST/AEEE.fasta,300000057,a7eca29bdfa06ff373048fffa7a90139afc98acfa938a8ec0a98459608045962,1,21,50,5,42,MurmurHash3,1,1,1,3.074119402000,97588900.029000,97.588900029000,300000000,0,299999980,299999931,299999931,299999931,188356848912102758,1016285632706511991,strict_less_than_leftmost,false,1024,$KSSD_RELEASE_HOST/KSSD-Array-formal-results/final-validation-20260731-162115/03_figure3_final/logs/run_Synthetic_300_Mb_k21_w50_threads1_repeat5.log
final_release_formal,Synthetic_300_Mb,$KSSD_RELEASE_HOST/AEEE.fasta,300000057,a7eca29bdfa06ff373048fffa7a90139afc98acfa938a8ec0a98459608045962,1,21,50,5,42,wyhash,1,1,1,2.359222600000,127160502.362000,127.160502362000,300000000,0,299999980,299999931,299999931,299999931,458482641909991552,8073552655120799147,strict_less_than_leftmost,false,1024,$KSSD_RELEASE_HOST/KSSD-Array-formal-results/final-validation-20260731-162115/03_figure3_final/logs/run_Synthetic_300_Mb_k21_w50_threads1_repeat5.log
final_release_formal,Synthetic_300_Mb,$KSSD_RELEASE_HOST/AEEE.fasta,300000057,a7eca29bdfa06ff373048fffa7a90139afc98acfa938a8ec0a98459608045962,1,21,50,1,42,KSSD-Array,2,2,2,0.916880307000,327196394.894000,327.196394894000,300000000,0,299999980,299999931,299999931,299999931,57545583792,499764457165866869,strict_less_than_leftmost,false,1024,$KSSD_RELEASE_HOST/KSSD-Array-formal-results/final-validation-20260731-162115/03_figure3_final/logs/run_Synthetic_300_Mb_k21_w50_threads2_repeat1.log
final_release_formal,Synthetic_300_Mb,$KSSD_RELEASE_HOST/AEEE.fasta,300000057,a7eca29bdfa06ff373048fffa7a90139afc98acfa938a8ec0a98459608045962,1,21,50,1,42,XXH3,2,2,2,2.044356477000,146745410.781000,146.745410781000,300000000,0,299999980,299999931,299999931,299999931,321455543804147354,329018299338216163,strict_less_than_leftmost,false,1024,$KSSD_RELEASE_HOST/KSSD-Array-formal-results/final-validation-20260731-162115/03_figure3_final/logs/run_Synthetic_300_Mb_k21_w50_threads2_repeat1.log
final_release_formal,Synthetic_300_Mb,$KSSD_RELEASE_HOST/AEEE.fasta,300000057,a7eca29bdfa06ff373048fffa7a90139afc98acfa938a8ec0a98459608045962,1,21,50,1,42,XXH64,2,2,2,2.382860857000,125899055.381000,125.899055381000,300000000,0,299999980,299999931,299999931,299999931,493443549087490184,414711873768231967,strict_less_than_leftmost,false,1024,$KSSD_RELEASE_HOST/KSSD-Array-formal-results/final-validation-20260731-162115/03_figure3_final/logs/run_Synthetic_300_Mb_k21_w50_threads2_repeat1.log
final_release_formal,Synthetic_300_Mb,$KSSD_RELEASE_HOST/AEEE.fasta,300000057,a7eca29bdfa06ff373048fffa7a90139afc98acfa938a8ec0a98459608045962,1,21,50,1,42,MurmurHash3,2,2,2,1.540380729000,194757000.884000,194.757000884000,300000000,0,299999980,299999931,299999931,299999931,188356848912102758,1016285632706511991,strict_less_than_leftmost,false,1024,$KSSD_RELEASE_HOST/KSSD-Array-formal-results/final-validation-20260731-162115/03_figure3_final/logs/run_Synthetic_300_Mb_k21_w50_threads2_repeat1.log
final_release_formal,Synthetic_300_Mb,$KSSD_RELEASE_HOST/AEEE.fasta,300000057,a7eca29bdfa06ff373048fffa7a90139afc98acfa938a8ec0a98459608045962,1,21,50,1,42,wyhash,2,2,2,1.179026351000,254447180.714000,254.447180714000,300000000,0,299999980,299999931,299999931,299999931,458482641909991552,8073552655120799147,strict_less_than_leftmost,false,1024,$KSSD_RELEASE_HOST/KSSD-Array-formal-results/final-validation-20260731-162115/03_figure3_final/logs/run_Synthetic_300_Mb_k21_w50_threads2_repeat1.log
final_release_formal,Synthetic_300_Mb,$KSSD_RELEASE_HOST/AEEE.fasta,300000057,a7eca29bdfa06ff373048fffa7a90139afc98acfa938a8ec0a98459608045962,1,21,50,2,42,KSSD-Array,2,2,2,0.916765113000,327237508.001000,327.237508001000,300000000,0,299999980,299999931,299999931,299999931,57545583792,499764457165866869,strict_less_than_leftmost,false,1024,$KSSD_RELEASE_HOST/KSSD-Array-formal-results/final-validation-20260731-162115/03_figure3_final/logs/run_Synthetic_300_Mb_k21_w50_threads2_repeat2.log
final_release_formal,Synthetic_300_Mb,$KSSD_RELEASE_HOST/AEEE.fasta,300000057,a7eca29bdfa06ff373048fffa7a90139afc98acfa938a8ec0a98459608045962,1,21,50,2,42,XXH3,2,2,2,2.040885591000,146994977.241000,146.994977241000,300000000,0,299999980,299999931,299999931,299999931,321455543804147354,329018299338216163,strict_less_than_leftmost,false,1024,$KSSD_RELEASE_HOST/KSSD-Array-formal-results/final-validation-20260731-162115/03_figure3_final/logs/run_Synthetic_300_Mb_k21_w50_threads2_repeat2.log
final_release_formal,Synthetic_300_Mb,$KSSD_RELEASE_HOST/AEEE.fasta,300000057,a7eca29bdfa06ff373048fffa7a90139afc98acfa938a8ec0a98459608045962,1,21,50,2,42,XXH64,2,2,2,2.382149572000,125936647.525000,125.936647525000,300000000,0,299999980,299999931,299999931,299999931,493443549087490184,414711873768231967,strict_less_than_leftmost,false,1024,$KSSD_RELEASE_HOST/KSSD-Array-formal-results/final-validation-20260731-162115/03_figure3_final/logs/run_Synthetic_300_Mb_k21_w50_threads2_repeat2.log
final_release_formal,Synthetic_300_Mb,$KSSD_RELEASE_HOST/AEEE.fasta,300000057,a7eca29bdfa06ff373048fffa7a90139afc98acfa938a8ec0a98459608045962,1,21,50,2,42,MurmurHash3,2,2,2,1.539353092000,194887016.214000,194.887016214000,300000000,0,299999980,299999931,299999931,299999931,188356848912102758,1016285632706511991,strict_less_than_leftmost,false,1024,$KSSD_RELEASE_HOST/KSSD-Array-formal-results/final-validation-20260731-162115/03_figure3_final/logs/run_Synthetic_300_Mb_k21_w50_threads2_repeat2.log
final_release_formal,Synthetic_300_Mb,$KSSD_RELEASE_HOST/AEEE.fasta,300000057,a7eca29bdfa06ff373048fffa7a90139afc98acfa938a8ec0a98459608045962,1,21,50,2,42,wyhash,2,2,2,1.179078044000,254436025.271000,254.436025271000,300000000,0,299999980,299999931,299999931,299999931,458482641909991552,8073552655120799147,strict_less_than_leftmost,false,1024,$KSSD_RELEASE_HOST/KSSD-Array-formal-results/final-validation-20260731-162115/03_figure3_final/logs/run_Synthetic_300_Mb_k21_w50_threads2_repeat2.log
final_release_formal,Synthetic_300_Mb,$KSSD_RELEASE_HOST/AEEE.fasta,300000057,a7eca29bdfa06ff373048fffa7a90139afc98acfa938a8ec0a98459608045962,1,21,50,3,42,KSSD-Array,2,2,2,0.918448197000,326637835.405000,326.637835405000,300000000,0,299999980,299999931,299999931,299999931,57545583792,499764457165866869,strict_less_than_leftmost,false,1024,$KSSD_RELEASE_HOST/KSSD-Array-formal-results/final-validation-20260731-162115/03_figure3_final/logs/run_Synthetic_300_Mb_k21_w50_threads2_repeat3.log
final_release_formal,Synthetic_300_Mb,$KSSD_RELEASE_HOST/AEEE.fasta,300000057,a7eca29bdfa06ff373048fffa7a90139afc98acfa938a8ec0a98459608045962,1,21,50,3,42,XXH3,2,2,2,2.040308884000,147036526.358000,147.036526358000,300000000,0,299999980,299999931,299999931,299999931,321455543804147354,329018299338216163,strict_less_than_leftmost,false,1024,$KSSD_RELEASE_HOST/KSSD-Array-formal-results/final-validation-20260731-162115/03_figure3_final/logs/run_Synthetic_300_Mb_k21_w50_threads2_repeat3.log
final_release_formal,Synthetic_300_Mb,$KSSD_RELEASE_HOST/AEEE.fasta,300000057,a7eca29bdfa06ff373048fffa7a90139afc98acfa938a8ec0a98459608045962,1,21,50,3,42,XXH64,2,2,2,2.384918229000,125790447.384000,125.790447384000,300000000,0,299999980,299999931,299999931,299999931,493443549087490184,414711873768231967,strict_less_than_leftmost,false,1024,$KSSD_RELEASE_HOST/KSSD-Array-formal-results/final-validation-20260731-162115/03_figure3_final/logs/run_Synthetic_300_Mb_k21_w50_threads2_repeat3.log
final_release_formal,Synthetic_300_Mb,$KSSD_RELEASE_HOST/AEEE.fasta,300000057,a7eca29bdfa06ff373048fffa7a90139afc98acfa938a8ec0a98459608045962,1,21,50,3,42,MurmurHash3,2,2,2,1.542498374000,194489625.439000,194.489625439000,300000000,0,299999980,299999931,299999931,299999931,188356848912102758,1016285632706511991,strict_less_than_leftmost,false,1024,$KSSD_RELEASE_HOST/KSSD-Array-formal-results/final-validation-20260731-162115/03_figure3_final/logs/run_Synthetic_300_Mb_k21_w50_threads2_repeat3.log
final_release_formal,Synthetic_300_Mb,$KSSD_RELEASE_HOST/AEEE.fasta,300000057,a7eca29bdfa06ff373048fffa7a90139afc98acfa938a8ec0a98459608045962,1,21,50,3,42,wyhash,2,2,2,1.178748643000,254507127.352000,254.507127352000,300000000,0,299999980,299999931,299999931,299999931,458482641909991552,8073552655120799147,strict_less_than_leftmost,false,1024,$KSSD_RELEASE_HOST/KSSD-Array-formal-results/final-validation-20260731-162115/03_figure3_final/logs/run_Synthetic_300_Mb_k21_w50_threads2_repeat3.log
final_release_formal,Synthetic_300_Mb,$KSSD_RELEASE_HOST/AEEE.fasta,300000057,a7eca29bdfa06ff373048fffa7a90139afc98acfa938a8ec0a98459608045962,1,21,50,4,42,KSSD-Array,2,2,2,0.913815085000,328293914.080000,328.293914080000,300000000,0,299999980,299999931,299999931,299999931,57545583792,499764457165866869,strict_less_than_leftmost,false,1024,$KSSD_RELEASE_HOST/KSSD-Array-formal-results/final-validation-20260731-162115/03_figure3_final/logs/run_Synthetic_300_Mb_k21_w50_threads2_repeat4.log
final_release_formal,Synthetic_300_Mb,$KSSD_RELEASE_HOST/AEEE.fasta,300000057,a7eca29bdfa06ff373048fffa7a90139afc98acfa938a8ec0a98459608045962,1,21,50,4,42,XXH3,2,2,2,2.038253192000,147184820.893000,147.184820893000,300000000,0,299999980,299999931,299999931,299999931,321455543804147354,329018299338216163,strict_less_than_leftmost,false,1024,$KSSD_RELEASE_HOST/KSSD-Array-formal-results/final-validation-20260731-162115/03_figure3_final/logs/run_Synthetic_300_Mb_k21_w50_threads2_repeat4.log
final_release_formal,Synthetic_300_Mb,$KSSD_RELEASE_HOST/AEEE.fasta,300000057,a7eca29bdfa06ff373048fffa7a90139afc98acfa938a8ec0a98459608045962,1,21,50,4,42,XXH64,2,2,2,2.381626867000,125964287.335000,125.964287335000,300000000,0,299999980,299999931,299999931,299999931,493443549087490184,414711873768231967,strict_less_than_leftmost,false,1024,$KSSD_RELEASE_HOST/KSSD-Array-formal-results/final-validation-20260731-162115/03_figure3_final/logs/run_Synthetic_300_Mb_k21_w50_threads2_repeat4.log
final_release_formal,Synthetic_300_Mb,$KSSD_RELEASE_HOST/AEEE.fasta,300000057,a7eca29bdfa06ff373048fffa7a90139afc98acfa938a8ec0a98459608045962,1,21,50,4,42,MurmurHash3,2,2,2,1.538669565000,194973591.357000,194.973591357000,300000000,0,299999980,299999931,299999931,299999931,188356848912102758,1016285632706511991,strict_less_than_leftmost,false,1024,$KSSD_RELEASE_HOST/KSSD-Array-formal-results/final-validation-20260731-162115/03_figure3_final/logs/run_Synthetic_300_Mb_k21_w50_threads2_repeat4.log
final_release_formal,Synthetic_300_Mb,$KSSD_RELEASE_HOST/AEEE.fasta,300000057,a7eca29bdfa06ff373048fffa7a90139afc98acfa938a8ec0a98459608045962,1,21,50,4,42,wyhash,2,2,2,1.178710808000,254515296.682000,254.515296682000,300000000,0,299999980,299999931,299999931,299999931,458482641909991552,8073552655120799147,strict_less_than_leftmost,false,1024,$KSSD_RELEASE_HOST/KSSD-Array-formal-results/final-validation-20260731-162115/03_figure3_final/logs/run_Synthetic_300_Mb_k21_w50_threads2_repeat4.log
final_release_formal,Synthetic_300_Mb,$KSSD_RELEASE_HOST/AEEE.fasta,300000057,a7eca29bdfa06ff373048fffa7a90139afc98acfa938a8ec0a98459608045962,1,21,50,5,42,KSSD-Array,2,2,2,0.916792991000,327227557.306000,327.227557306000,300000000,0,299999980,299999931,299999931,299999931,57545583792,499764457165866869,strict_less_than_leftmost,false,1024,$KSSD_RELEASE_HOST/KSSD-Array-formal-results/final-validation-20260731-162115/03_figure3_final/logs/run_Synthetic_300_Mb_k21_w50_threads2_repeat5.log
final_release_formal,Synthetic_300_Mb,$KSSD_RELEASE_HOST/AEEE.fasta,300000057,a7eca29bdfa06ff373048fffa7a90139afc98acfa938a8ec0a98459608045962,1,21,50,5,42,XXH3,2,2,2,2.036979866000,147276826.839000,147.276826839000,300000000,0,299999980,299999931,299999931,299999931,321455543804147354,329018299338216163,strict_less_than_leftmost,false,1024,$KSSD_RELEASE_HOST/KSSD-Array-formal-results/final-validation-20260731-162115/03_figure3_final/logs/run_Synthetic_300_Mb_k21_w50_threads2_repeat5.log
final_release_formal,Synthetic_300_Mb,$KSSD_RELEASE_HOST/AEEE.fasta,300000057,a7eca29bdfa06ff373048fffa7a90139afc98acfa938a8ec0a98459608045962,1,21,50,5,42,XXH64,2,2,2,2.383878647000,125845303.148000,125.845303148000,300000000,0,299999980,299999931,299999931,299999931,493443549087490184,414711873768231967,strict_less_than_leftmost,false,1024,$KSSD_RELEASE_HOST/KSSD-Array-formal-results/final-validation-20260731-162115/03_figure3_final/logs/run_Synthetic_300_Mb_k21_w50_threads2_repeat5.log
final_release_formal,Synthetic_300_Mb,$KSSD_RELEASE_HOST/AEEE.fasta,300000057,a7eca29bdfa06ff373048fffa7a90139afc98acfa938a8ec0a98459608045962,1,21,50,5,42,MurmurHash3,2,2,2,1.540122257000,194789686.102000,194.789686102000,300000000,0,299999980,299999931,299999931,299999931,188356848912102758,1016285632706511991,strict_less_than_leftmost,false,1024,$KSSD_RELEASE_HOST/KSSD-Array-formal-results/final-validation-20260731-162115/03_figure3_final/logs/run_Synthetic_300_Mb_k21_w50_threads2_repeat5.log
final_release_formal,Synthetic_300_Mb,$KSSD_RELEASE_HOST/AEEE.fasta,300000057,a7eca29bdfa06ff373048fffa7a90139afc98acfa938a8ec0a98459608045962,1,21,50,5,42,wyhash,2,2,2,1.178536041000,254553039.163000,254.553039163000,300000000,0,299999980,299999931,299999931,299999931,458482641909991552,8073552655120799147,strict_less_than_leftmost,false,1024,$KSSD_RELEASE_HOST/KSSD-Array-formal-results/final-validation-20260731-162115/03_figure3_final/logs/run_Synthetic_300_Mb_k21_w50_threads2_repeat5.log
final_release_formal,Synthetic_300_Mb,$KSSD_RELEASE_HOST/AEEE.fasta,300000057,a7eca29bdfa06ff373048fffa7a90139afc98acfa938a8ec0a98459608045962,1,21,50,1,42,KSSD-Array,4,4,4,0.463710322000,646955473.637000,646.955473637000,300000000,0,299999980,299999931,299999931,299999931,57545583792,499764457165866869,strict_less_than_leftmost,false,1024,$KSSD_RELEASE_HOST/KSSD-Array-formal-results/final-validation-20260731-162115/03_figure3_final/logs/run_Synthetic_300_Mb_k21_w50_threads4_repeat1.log
final_release_formal,Synthetic_300_Mb,$KSSD_RELEASE_HOST/AEEE.fasta,300000057,a7eca29bdfa06ff373048fffa7a90139afc98acfa938a8ec0a98459608045962,1,21,50,1,42,XXH3,4,4,4,1.021861804000,293581705.301000,293.581705301000,300000000,0,299999980,299999931,299999931,299999931,321455543804147354,329018299338216163,strict_less_than_leftmost,false,1024,$KSSD_RELEASE_HOST/KSSD-Array-formal-results/final-validation-20260731-162115/03_figure3_final/logs/run_Synthetic_300_Mb_k21_w50_threads4_repeat1.log
final_release_formal,Synthetic_300_Mb,$KSSD_RELEASE_HOST/AEEE.fasta,300000057,a7eca29bdfa06ff373048fffa7a90139afc98acfa938a8ec0a98459608045962,1,21,50,1,42,XXH64,4,4,4,1.191166193000,251853966.947000,251.853966947000,300000000,0,299999980,299999931,299999931,299999931,493443549087490184,414711873768231967,strict_less_than_leftmost,false,1024,$KSSD_RELEASE_HOST/KSSD-Array-formal-results/final-validation-20260731-162115/03_figure3_final/logs/run_Synthetic_300_Mb_k21_w50_threads4_repeat1.log
final_release_formal,Synthetic_300_Mb,$KSSD_RELEASE_HOST/AEEE.fasta,300000057,a7eca29bdfa06ff373048fffa7a90139afc98acfa938a8ec0a98459608045962,1,21,50,1,42,MurmurHash3,4,4,4,0.770203274000,389507473.062000,389.507473062000,300000000,0,299999980,299999931,299999931,299999931,188356848912102758,1016285632706511991,strict_less_than_leftmost,false,1024,$KSSD_RELEASE_HOST/KSSD-Array-formal-results/final-validation-20260731-162115/03_figure3_final/logs/run_Synthetic_300_Mb_k21_w50_threads4_repeat1.log
final_release_formal,Synthetic_300_Mb,$KSSD_RELEASE_HOST/AEEE.fasta,300000057,a7eca29bdfa06ff373048fffa7a90139afc98acfa938a8ec0a98459608045962,1,21,50,1,42,wyhash,4,4,4,0.589946383000,508520671.785000,508.520671785000,300000000,0,299999980,299999931,299999931,299999931,458482641909991552,8073552655120799147,strict_less_than_leftmost,false,1024,$KSSD_RELEASE_HOST/KSSD-Array-formal-results/final-validation-20260731-162115/03_figure3_final/logs/run_Synthetic_300_Mb_k21_w50_threads4_repeat1.log
final_release_formal,Synthetic_300_Mb,$KSSD_RELEASE_HOST/AEEE.fasta,300000057,a7eca29bdfa06ff373048fffa7a90139afc98acfa938a8ec0a98459608045962,1,21,50,2,42,KSSD-Array,4,4,4,0.463784118000,646852531.936000,646.852531936000,300000000,0,299999980,299999931,299999931,299999931,57545583792,499764457165866869,strict_less_than_leftmost,false,1024,$KSSD_RELEASE_HOST/KSSD-Array-formal-results/final-validation-20260731-162115/03_figure3_final/logs/run_Synthetic_300_Mb_k21_w50_threads4_repeat2.log
final_release_formal,Synthetic_300_Mb,$KSSD_RELEASE_HOST/AEEE.fasta,300000057,a7eca29bdfa06ff373048fffa7a90139afc98acfa938a8ec0a98459608045962,1,21,50,2,42,XXH3,4,4,4,1.020557960000,293956779.290000,293.956779290000,300000000,0,299999980,299999931,299999931,299999931,321455543804147354,329018299338216163,strict_less_than_leftmost,false,1024,$KSSD_RELEASE_HOST/KSSD-Array-formal-results/final-validation-20260731-162115/03_figure3_final/logs/run_Synthetic_300_Mb_k21_w50_threads4_repeat2.log
final_release_formal,Synthetic_300_Mb,$KSSD_RELEASE_HOST/AEEE.fasta,300000057,a7eca29bdfa06ff373048fffa7a90139afc98acfa938a8ec0a98459608045962,1,21,50,2,42,XXH64,4,4,4,1.191460145000,251791830.603000,251.791830603000,300000000,0,299999980,299999931,299999931,299999931,493443549087490184,414711873768231967,strict_less_than_leftmost,false,1024,$KSSD_RELEASE_HOST/KSSD-Array-formal-results/final-validation-20260731-162115/03_figure3_final/logs/run_Synthetic_300_Mb_k21_w50_threads4_repeat2.log
final_release_formal,Synthetic_300_Mb,$KSSD_RELEASE_HOST/AEEE.fasta,300000057,a7eca29bdfa06ff373048fffa7a90139afc98acfa938a8ec0a98459608045962,1,21,50,2,42,MurmurHash3,4,4,4,0.770509582000,389352628.453000,389.352628453000,300000000,0,299999980,299999931,299999931,299999931,188356848912102758,1016285632706511991,strict_less_than_leftmost,false,1024,$KSSD_RELEASE_HOST/KSSD-Array-formal-results/final-validation-20260731-162115/03_figure3_final/logs/run_Synthetic_300_Mb_k21_w50_threads4_repeat2.log
final_release_formal,Synthetic_300_Mb,$KSSD_RELEASE_HOST/AEEE.fasta,300000057,a7eca29bdfa06ff373048fffa7a90139afc98acfa938a8ec0a98459608045962,1,21,50,2,42,wyhash,4,4,4,0.592832112000,506045345.600000,506.045345600000,300000000,0,299999980,299999931,299999931,299999931,458482641909991552,8073552655120799147,strict_less_than_leftmost,false,1024,$KSSD_RELEASE_HOST/KSSD-Array-formal-results/final-validation-20260731-162115/03_figure3_final/logs/run_Synthetic_300_Mb_k21_w50_threads4_repeat2.log
final_release_formal,Synthetic_300_Mb,$KSSD_RELEASE_HOST/AEEE.fasta,300000057,a7eca29bdfa06ff373048fffa7a90139afc98acfa938a8ec0a98459608045962,1,21,50,3,42,KSSD-Array,4,4,4,0.463364073000,647438911.389000,647.438911389000,300000000,0,299999980,299999931,299999931,299999931,57545583792,499764457165866869,strict_less_than_leftmost,false,1024,$KSSD_RELEASE_HOST/KSSD-Array-formal-results/final-validation-20260731-162115/03_figure3_final/logs/run_Synthetic_300_Mb_k21_w50_threads4_repeat3.log
final_release_formal,Synthetic_300_Mb,$KSSD_RELEASE_HOST/AEEE.fasta,300000057,a7eca29bdfa06ff373048fffa7a90139afc98acfa938a8ec0a98459608045962,1,21,50,3,42,XXH3,4,4,4,1.022956131000,293267640.624000,293.267640624000,300000000,0,299999980,299999931,299999931,299999931,321455543804147354,329018299338216163,strict_less_than_leftmost,false,1024,$KSSD_RELEASE_HOST/KSSD-Array-formal-results/final-validation-20260731-162115/03_figure3_final/logs/run_Synthetic_300_Mb_k21_w50_threads4_repeat3.log
final_release_formal,Synthetic_300_Mb,$KSSD_RELEASE_HOST/AEEE.fasta,300000057,a7eca29bdfa06ff373048fffa7a90139afc98acfa938a8ec0a98459608045962,1,21,50,3,42,XXH64,4,4,4,1.191465587000,251790680.548000,251.790680548000,300000000,0,299999980,299999931,299999931,299999931,493443549087490184,414711873768231967,strict_less_than_leftmost,false,1024,$KSSD_RELEASE_HOST/KSSD-Array-formal-results/final-validation-20260731-162115/03_figure3_final/logs/run_Synthetic_300_Mb_k21_w50_threads4_repeat3.log
final_release_formal,Synthetic_300_Mb,$KSSD_RELEASE_HOST/AEEE.fasta,300000057,a7eca29bdfa06ff373048fffa7a90139afc98acfa938a8ec0a98459608045962,1,21,50,3,42,MurmurHash3,4,4,4,0.770033340000,389593431.110000,389.593431110000,300000000,0,299999980,299999931,299999931,299999931,188356848912102758,1016285632706511991,strict_less_than_leftmost,false,1024,$KSSD_RELEASE_HOST/KSSD-Array-formal-results/final-validation-20260731-162115/03_figure3_final/logs/run_Synthetic_300_Mb_k21_w50_threads4_repeat3.log
final_release_formal,Synthetic_300_Mb,$KSSD_RELEASE_HOST/AEEE.fasta,300000057,a7eca29bdfa06ff373048fffa7a90139afc98acfa938a8ec0a98459608045962,1,21,50,3,42,wyhash,4,4,4,0.589674780000,508754895.368000,508.754895368000,300000000,0,299999980,299999931,299999931,299999931,458482641909991552,8073552655120799147,strict_less_than_leftmost,false,1024,$KSSD_RELEASE_HOST/KSSD-Array-formal-results/final-validation-20260731-162115/03_figure3_final/logs/run_Synthetic_300_Mb_k21_w50_threads4_repeat3.log
final_release_formal,Synthetic_300_Mb,$KSSD_RELEASE_HOST/AEEE.fasta,300000057,a7eca29bdfa06ff373048fffa7a90139afc98acfa938a8ec0a98459608045962,1,21,50,4,42,KSSD-Array,4,4,4,0.463658920000,647027196.198000,647.027196198000,300000000,0,299999980,299999931,299999931,299999931,57545583792,499764457165866869,strict_less_than_leftmost,false,1024,$KSSD_RELEASE_HOST/KSSD-Array-formal-results/final-validation-20260731-162115/03_figure3_final/logs/run_Synthetic_300_Mb_k21_w50_threads4_repeat4.log
final_release_formal,Synthetic_300_Mb,$KSSD_RELEASE_HOST/AEEE.fasta,300000057,a7eca29bdfa06ff373048fffa7a90139afc98acfa938a8ec0a98459608045962,1,21,50,4,42,XXH3,4,4,4,1.019896251000,294147498.538000,294.147498538000,300000000,0,299999980,299999931,299999931,299999931,321455543804147354,329018299338216163,strict_less_than_leftmost,false,1024,$KSSD_RELEASE_HOST/KSSD-Array-formal-results/final-validation-20260731-162115/03_figure3_final/logs/run_Synthetic_300_Mb_k21_w50_threads4_repeat4.log
final_release_formal,Synthetic_300_Mb,$KSSD_RELEASE_HOST/AEEE.fasta,300000057,a7eca29bdfa06ff373048fffa7a90139afc98acfa938a8ec0a98459608045962,1,21,50,4,42,XXH64,4,4,4,1.191158585000,251855575.553000,251.855575553000,300000000,0,299999980,299999931,299999931,299999931,493443549087490184,414711873768231967,strict_less_than_leftmost,false,1024,$KSSD_RELEASE_HOST/KSSD-Array-formal-results/final-validation-20260731-162115/03_figure3_final/logs/run_Synthetic_300_Mb_k21_w50_threads4_repeat4.log
final_release_formal,Synthetic_300_Mb,$KSSD_RELEASE_HOST/AEEE.fasta,300000057,a7eca29bdfa06ff373048fffa7a90139afc98acfa938a8ec0a98459608045962,1,21,50,4,42,MurmurHash3,4,4,4,0.770256097000,389480761.228000,389.480761228000,300000000,0,299999980,299999931,299999931,299999931,188356848912102758,1016285632706511991,strict_less_than_leftmost,false,1024,$KSSD_RELEASE_HOST/KSSD-Array-formal-results/final-validation-20260731-162115/03_figure3_final/logs/run_Synthetic_300_Mb_k21_w50_threads4_repeat4.log
final_release_formal,Synthetic_300_Mb,$KSSD_RELEASE_HOST/AEEE.fasta,300000057,a7eca29bdfa06ff373048fffa7a90139afc98acfa938a8ec0a98459608045962,1,21,50,4,42,wyhash,4,4,4,0.590093262000,508394096.864000,508.394096864000,300000000,0,299999980,299999931,299999931,299999931,458482641909991552,8073552655120799147,strict_less_than_leftmost,false,1024,$KSSD_RELEASE_HOST/KSSD-Array-formal-results/final-validation-20260731-162115/03_figure3_final/logs/run_Synthetic_300_Mb_k21_w50_threads4_repeat4.log
final_release_formal,Synthetic_300_Mb,$KSSD_RELEASE_HOST/AEEE.fasta,300000057,a7eca29bdfa06ff373048fffa7a90139afc98acfa938a8ec0a98459608045962,1,21,50,5,42,KSSD-Array,4,4,4,0.464739850000,645522287.361000,645.522287361000,300000000,0,299999980,299999931,299999931,299999931,57545583792,499764457165866869,strict_less_than_leftmost,false,1024,$KSSD_RELEASE_HOST/KSSD-Array-formal-results/final-validation-20260731-162115/03_figure3_final/logs/run_Synthetic_300_Mb_k21_w50_threads4_repeat5.log
final_release_formal,Synthetic_300_Mb,$KSSD_RELEASE_HOST/AEEE.fasta,300000057,a7eca29bdfa06ff373048fffa7a90139afc98acfa938a8ec0a98459608045962,1,21,50,5,42,XXH3,4,4,4,1.021478451000,293691884.255000,293.691884255000,300000000,0,299999980,299999931,299999931,299999931,321455543804147354,329018299338216163,strict_less_than_leftmost,false,1024,$KSSD_RELEASE_HOST/KSSD-Array-formal-results/final-validation-20260731-162115/03_figure3_final/logs/run_Synthetic_300_Mb_k21_w50_threads4_repeat5.log
final_release_formal,Synthetic_300_Mb,$KSSD_RELEASE_HOST/AEEE.fasta,300000057,a7eca29bdfa06ff373048fffa7a90139afc98acfa938a8ec0a98459608045962,1,21,50,5,42,XXH64,4,4,4,1.191107886000,251866295.678000,251.866295678000,300000000,0,299999980,299999931,299999931,299999931,493443549087490184,414711873768231967,strict_less_than_leftmost,false,1024,$KSSD_RELEASE_HOST/KSSD-Array-formal-results/final-validation-20260731-162115/03_figure3_final/logs/run_Synthetic_300_Mb_k21_w50_threads4_repeat5.log
final_release_formal,Synthetic_300_Mb,$KSSD_RELEASE_HOST/AEEE.fasta,300000057,a7eca29bdfa06ff373048fffa7a90139afc98acfa938a8ec0a98459608045962,1,21,50,5,42,MurmurHash3,4,4,4,0.770055182000,389582380.604000,389.582380604000,300000000,0,299999980,299999931,299999931,299999931,188356848912102758,1016285632706511991,strict_less_than_leftmost,false,1024,$KSSD_RELEASE_HOST/KSSD-Array-formal-results/final-validation-20260731-162115/03_figure3_final/logs/run_Synthetic_300_Mb_k21_w50_threads4_repeat5.log
final_release_formal,Synthetic_300_Mb,$KSSD_RELEASE_HOST/AEEE.fasta,300000057,a7eca29bdfa06ff373048fffa7a90139afc98acfa938a8ec0a98459608045962,1,21,50,5,42,wyhash,4,4,4,0.589952231000,508515630.988000,508.515630988000,300000000,0,299999980,299999931,299999931,299999931,458482641909991552,8073552655120799147,strict_less_than_leftmost,false,1024,$KSSD_RELEASE_HOST/KSSD-Array-formal-results/final-validation-20260731-162115/03_figure3_final/logs/run_Synthetic_300_Mb_k21_w50_threads4_repeat5.log
final_release_formal,Synthetic_300_Mb,$KSSD_RELEASE_HOST/AEEE.fasta,300000057,a7eca29bdfa06ff373048fffa7a90139afc98acfa938a8ec0a98459608045962,1,21,50,1,42,KSSD-Array,8,8,8,0.237317814000,1264127314.943000,1264.127314943000,300000000,0,299999980,299999931,299999931,299999931,57545583792,499764457165866869,strict_less_than_leftmost,false,1024,$KSSD_RELEASE_HOST/KSSD-Array-formal-results/final-validation-20260731-162115/03_figure3_final/logs/run_Synthetic_300_Mb_k21_w50_threads8_repeat1.log
final_release_formal,Synthetic_300_Mb,$KSSD_RELEASE_HOST/AEEE.fasta,300000057,a7eca29bdfa06ff373048fffa7a90139afc98acfa938a8ec0a98459608045962,1,21,50,1,42,XXH3,8,8,8,0.513846300000,583832034.988000,583.832034988000,300000000,0,299999980,299999931,299999931,299999931,321455543804147354,329018299338216163,strict_less_than_leftmost,false,1024,$KSSD_RELEASE_HOST/KSSD-Array-formal-results/final-validation-20260731-162115/03_figure3_final/logs/run_Synthetic_300_Mb_k21_w50_threads8_repeat1.log
final_release_formal,Synthetic_300_Mb,$KSSD_RELEASE_HOST/AEEE.fasta,300000057,a7eca29bdfa06ff373048fffa7a90139afc98acfa938a8ec0a98459608045962,1,21,50,1,42,XXH64,8,8,8,0.595896521000,503442997.950000,503.442997950000,300000000,0,299999980,299999931,299999931,299999931,493443549087490184,414711873768231967,strict_less_than_leftmost,false,1024,$KSSD_RELEASE_HOST/KSSD-Array-formal-results/final-validation-20260731-162115/03_figure3_final/logs/run_Synthetic_300_Mb_k21_w50_threads8_repeat1.log
final_release_formal,Synthetic_300_Mb,$KSSD_RELEASE_HOST/AEEE.fasta,300000057,a7eca29bdfa06ff373048fffa7a90139afc98acfa938a8ec0a98459608045962,1,21,50,1,42,MurmurHash3,8,8,8,0.385223049000,778769421.453000,778.769421453000,300000000,0,299999980,299999931,299999931,299999931,188356848912102758,1016285632706511991,strict_less_than_leftmost,false,1024,$KSSD_RELEASE_HOST/KSSD-Array-formal-results/final-validation-20260731-162115/03_figure3_final/logs/run_Synthetic_300_Mb_k21_w50_threads8_repeat1.log
final_release_formal,Synthetic_300_Mb,$KSSD_RELEASE_HOST/AEEE.fasta,300000057,a7eca29bdfa06ff373048fffa7a90139afc98acfa938a8ec0a98459608045962,1,21,50,1,42,wyhash,8,8,8,0.294927429000,1017199153.084000,1017.199153084000,300000000,0,299999980,299999931,299999931,299999931,458482641909991552,8073552655120799147,strict_less_than_leftmost,false,1024,$KSSD_RELEASE_HOST/KSSD-Array-formal-results/final-validation-20260731-162115/03_figure3_final/logs/run_Synthetic_300_Mb_k21_w50_threads8_repeat1.log
final_release_formal,Synthetic_300_Mb,$KSSD_RELEASE_HOST/AEEE.fasta,300000057,a7eca29bdfa06ff373048fffa7a90139afc98acfa938a8ec0a98459608045962,1,21,50,2,42,KSSD-Array,8,8,8,0.238604533000,1257310274.990000,1257.310274990000,300000000,0,299999980,299999931,299999931,299999931,57545583792,499764457165866869,strict_less_than_leftmost,false,1024,$KSSD_RELEASE_HOST/KSSD-Array-formal-results/final-validation-20260731-162115/03_figure3_final/logs/run_Synthetic_300_Mb_k21_w50_threads8_repeat2.log
final_release_formal,Synthetic_300_Mb,$KSSD_RELEASE_HOST/AEEE.fasta,300000057,a7eca29bdfa06ff373048fffa7a90139afc98acfa938a8ec0a98459608045962,1,21,50,2,42,XXH3,8,8,8,0.515722006000,581708609.502000,581.708609502000,300000000,0,299999980,299999931,299999931,299999931,321455543804147354,329018299338216163,strict_less_than_leftmost,false,1024,$KSSD_RELEASE_HOST/KSSD-Array-formal-results/final-validation-20260731-162115/03_figure3_final/logs/run_Synthetic_300_Mb_k21_w50_threads8_repeat2.log
final_release_formal,Synthetic_300_Mb,$KSSD_RELEASE_HOST/AEEE.fasta,300000057,a7eca29bdfa06ff373048fffa7a90139afc98acfa938a8ec0a98459608045962,1,21,50,2,42,XXH64,8,8,8,0.596077520000,503290127.432000,503.290127432000,300000000,0,299999980,299999931,299999931,299999931,493443549087490184,414711873768231967,strict_less_than_leftmost,false,1024,$KSSD_RELEASE_HOST/KSSD-Array-formal-results/final-validation-20260731-162115/03_figure3_final/logs/run_Synthetic_300_Mb_k21_w50_threads8_repeat2.log
final_release_formal,Synthetic_300_Mb,$KSSD_RELEASE_HOST/AEEE.fasta,300000057,a7eca29bdfa06ff373048fffa7a90139afc98acfa938a8ec0a98459608045962,1,21,50,2,42,MurmurHash3,8,8,8,0.385151903000,778913277.238000,778.913277238000,300000000,0,299999980,299999931,299999931,299999931,188356848912102758,1016285632706511991,strict_less_than_leftmost,false,1024,$KSSD_RELEASE_HOST/KSSD-Array-formal-results/final-validation-20260731-162115/03_figure3_final/logs/run_Synthetic_300_Mb_k21_w50_threads8_repeat2.log
final_release_formal,Synthetic_300_Mb,$KSSD_RELEASE_HOST/AEEE.fasta,300000057,a7eca29bdfa06ff373048fffa7a90139afc98acfa938a8ec0a98459608045962,1,21,50,2,42,wyhash,8,8,8,0.294955183000,1017103439.067000,1017.103439067000,300000000,0,299999980,299999931,299999931,299999931,458482641909991552,8073552655120799147,strict_less_than_leftmost,false,1024,$KSSD_RELEASE_HOST/KSSD-Array-formal-results/final-validation-20260731-162115/03_figure3_final/logs/run_Synthetic_300_Mb_k21_w50_threads8_repeat2.log
final_release_formal,Synthetic_300_Mb,$KSSD_RELEASE_HOST/AEEE.fasta,300000057,a7eca29bdfa06ff373048fffa7a90139afc98acfa938a8ec0a98459608045962,1,21,50,3,42,KSSD-Array,8,8,8,0.236590682000,1268012452.832000,1268.012452832000,300000000,0,299999980,299999931,299999931,299999931,57545583792,499764457165866869,strict_less_than_leftmost,false,1024,$KSSD_RELEASE_HOST/KSSD-Array-formal-results/final-validation-20260731-162115/03_figure3_final/logs/run_Synthetic_300_Mb_k21_w50_threads8_repeat3.log
final_release_formal,Synthetic_300_Mb,$KSSD_RELEASE_HOST/AEEE.fasta,300000057,a7eca29bdfa06ff373048fffa7a90139afc98acfa938a8ec0a98459608045962,1,21,50,3,42,XXH3,8,8,8,0.512398233000,585481978.038000,585.481978038000,300000000,0,299999980,299999931,299999931,299999931,321455543804147354,329018299338216163,strict_less_than_leftmost,false,1024,$KSSD_RELEASE_HOST/KSSD-Array-formal-results/final-validation-20260731-162115/03_figure3_final/logs/run_Synthetic_300_Mb_k21_w50_threads8_repeat3.log
final_release_formal,Synthetic_300_Mb,$KSSD_RELEASE_HOST/AEEE.fasta,300000057,a7eca29bdfa06ff373048fffa7a90139afc98acfa938a8ec0a98459608045962,1,21,50,3,42,XXH64,8,8,8,0.600701464000,499416014.408000,499.416014408000,300000000,0,299999980,299999931,299999931,299999931,493443549087490184,414711873768231967,strict_less_than_leftmost,false,1024,$KSSD_RELEASE_HOST/KSSD-Array-formal-results/final-validation-20260731-162115/03_figure3_final/logs/run_Synthetic_300_Mb_k21_w50_threads8_repeat3.log
final_release_formal,Synthetic_300_Mb,$KSSD_RELEASE_HOST/AEEE.fasta,300000057,a7eca29bdfa06ff373048fffa7a90139afc98acfa938a8ec0a98459608045962,1,21,50,3,42,MurmurHash3,8,8,8,0.385298871000,778616169.368000,778.616169368000,300000000,0,299999980,299999931,299999931,299999931,188356848912102758,1016285632706511991,strict_less_than_leftmost,false,1024,$KSSD_RELEASE_HOST/KSSD-Array-formal-results/final-validation-20260731-162115/03_figure3_final/logs/run_Synthetic_300_Mb_k21_w50_threads8_repeat3.log
final_release_formal,Synthetic_300_Mb,$KSSD_RELEASE_HOST/AEEE.fasta,300000057,a7eca29bdfa06ff373048fffa7a90139afc98acfa938a8ec0a98459608045962,1,21,50,3,42,wyhash,8,8,8,0.294916239000,1017237748.648000,1017.237748648000,300000000,0,299999980,299999931,299999931,299999931,458482641909991552,8073552655120799147,strict_less_than_leftmost,false,1024,$KSSD_RELEASE_HOST/KSSD-Array-formal-results/final-validation-20260731-162115/03_figure3_final/logs/run_Synthetic_300_Mb_k21_w50_threads8_repeat3.log
final_release_formal,Synthetic_300_Mb,$KSSD_RELEASE_HOST/AEEE.fasta,300000057,a7eca29bdfa06ff373048fffa7a90139afc98acfa938a8ec0a98459608045962,1,21,50,4,42,KSSD-Array,8,8,8,0.235011615000,1276532357.773000,1276.532357773000,300000000,0,299999980,299999931,299999931,299999931,57545583792,499764457165866869,strict_less_than_leftmost,false,1024,$KSSD_RELEASE_HOST/KSSD-Array-formal-results/final-validation-20260731-162115/03_figure3_final/logs/run_Synthetic_300_Mb_k21_w50_threads8_repeat4.log
final_release_formal,Synthetic_300_Mb,$KSSD_RELEASE_HOST/AEEE.fasta,300000057,a7eca29bdfa06ff373048fffa7a90139afc98acfa938a8ec0a98459608045962,1,21,50,4,42,XXH3,8,8,8,0.510362296000,587817582.434000,587.817582434000,300000000,0,299999980,299999931,299999931,299999931,321455543804147354,329018299338216163,strict_less_than_leftmost,false,1024,$KSSD_RELEASE_HOST/KSSD-Array-formal-results/final-validation-20260731-162115/03_figure3_final/logs/run_Synthetic_300_Mb_k21_w50_threads8_repeat4.log
final_release_formal,Synthetic_300_Mb,$KSSD_RELEASE_HOST/AEEE.fasta,300000057,a7eca29bdfa06ff373048fffa7a90139afc98acfa938a8ec0a98459608045962,1,21,50,4,42,XXH64,8,8,8,0.596086356000,503282666.983000,503.282666983000,300000000,0,299999980,299999931,299999931,299999931,493443549087490184,414711873768231967,strict_less_than_leftmost,false,1024,$KSSD_RELEASE_HOST/KSSD-Array-formal-results/final-validation-20260731-162115/03_figure3_final/logs/run_Synthetic_300_Mb_k21_w50_threads8_repeat4.log
final_release_formal,Synthetic_300_Mb,$KSSD_RELEASE_HOST/AEEE.fasta,300000057,a7eca29bdfa06ff373048fffa7a90139afc98acfa938a8ec0a98459608045962,1,21,50,4,42,MurmurHash3,8,8,8,0.384951171000,779319439.971000,779.319439971000,300000000,0,299999980,299999931,299999931,299999931,188356848912102758,1016285632706511991,strict_less_than_leftmost,false,1024,$KSSD_RELEASE_HOST/KSSD-Array-formal-results/final-validation-20260731-162115/03_figure3_final/logs/run_Synthetic_300_Mb_k21_w50_threads8_repeat4.log
final_release_formal,Synthetic_300_Mb,$KSSD_RELEASE_HOST/AEEE.fasta,300000057,a7eca29bdfa06ff373048fffa7a90139afc98acfa938a8ec0a98459608045962,1,21,50,4,42,wyhash,8,8,8,0.295525124000,1015141883.504000,1015.141883504000,300000000,0,299999980,299999931,299999931,299999931,458482641909991552,8073552655120799147,strict_less_than_leftmost,false,1024,$KSSD_RELEASE_HOST/KSSD-Array-formal-results/final-validation-20260731-162115/03_figure3_final/logs/run_Synthetic_300_Mb_k21_w50_threads8_repeat4.log
final_release_formal,Synthetic_300_Mb,$KSSD_RELEASE_HOST/AEEE.fasta,300000057,a7eca29bdfa06ff373048fffa7a90139afc98acfa938a8ec0a98459608045962,1,21,50,5,42,KSSD-Array,8,8,8,0.238226333000,1259306337.893000,1259.306337893000,300000000,0,299999980,299999931,299999931,299999931,57545583792,499764457165866869,strict_less_than_leftmost,false,1024,$KSSD_RELEASE_HOST/KSSD-Array-formal-results/final-validation-20260731-162115/03_figure3_final/logs/run_Synthetic_300_Mb_k21_w50_threads8_repeat5.log
final_release_formal,Synthetic_300_Mb,$KSSD_RELEASE_HOST/AEEE.fasta,300000057,a7eca29bdfa06ff373048fffa7a90139afc98acfa938a8ec0a98459608045962,1,21,50,5,42,XXH3,8,8,8,0.514876782000,582663544.926000,582.663544926000,300000000,0,299999980,299999931,299999931,299999931,321455543804147354,329018299338216163,strict_less_than_leftmost,false,1024,$KSSD_RELEASE_HOST/KSSD-Array-formal-results/final-validation-20260731-162115/03_figure3_final/logs/run_Synthetic_300_Mb_k21_w50_threads8_repeat5.log
final_release_formal,Synthetic_300_Mb,$KSSD_RELEASE_HOST/AEEE.fasta,300000057,a7eca29bdfa06ff373048fffa7a90139afc98acfa938a8ec0a98459608045962,1,21,50,5,42,XXH64,8,8,8,0.595931348000,503413576.089000,503.413576089000,300000000,0,299999980,299999931,299999931,299999931,493443549087490184,414711873768231967,strict_less_than_leftmost,false,1024,$KSSD_RELEASE_HOST/KSSD-Array-formal-results/final-validation-20260731-162115/03_figure3_final/logs/run_Synthetic_300_Mb_k21_w50_threads8_repeat5.log
final_release_formal,Synthetic_300_Mb,$KSSD_RELEASE_HOST/AEEE.fasta,300000057,a7eca29bdfa06ff373048fffa7a90139afc98acfa938a8ec0a98459608045962,1,21,50,5,42,MurmurHash3,8,8,8,0.385359478000,778493713.343000,778.493713343000,300000000,0,299999980,299999931,299999931,299999931,188356848912102758,1016285632706511991,strict_less_than_leftmost,false,1024,$KSSD_RELEASE_HOST/KSSD-Array-formal-results/final-validation-20260731-162115/03_figure3_final/logs/run_Synthetic_300_Mb_k21_w50_threads8_repeat5.log
final_release_formal,Synthetic_300_Mb,$KSSD_RELEASE_HOST/AEEE.fasta,300000057,a7eca29bdfa06ff373048fffa7a90139afc98acfa938a8ec0a98459608045962,1,21,50,5,42,wyhash,8,8,8,0.297728157000,1007630363.291000,1007.630363291000,300000000,0,299999980,299999931,299999931,299999931,458482641909991552,8073552655120799147,strict_less_than_leftmost,false,1024,$KSSD_RELEASE_HOST/KSSD-Array-formal-results/final-validation-20260731-162115/03_figure3_final/logs/run_Synthetic_300_Mb_k21_w50_threads8_repeat5.log
final_release_formal,Synthetic_300_Mb,$KSSD_RELEASE_HOST/AEEE.fasta,300000057,a7eca29bdfa06ff373048fffa7a90139afc98acfa938a8ec0a98459608045962,1,21,50,1,42,KSSD-Array,16,16,16,0.124279295000,2413917225.713000,2413.917225713000,300000000,0,299999980,299999931,299999931,299999931,57545583792,499764457165866869,strict_less_than_leftmost,false,1024,$KSSD_RELEASE_HOST/KSSD-Array-formal-results/final-validation-20260731-162115/03_figure3_final/logs/run_Synthetic_300_Mb_k21_w50_threads16_repeat1.log
final_release_formal,Synthetic_300_Mb,$KSSD_RELEASE_HOST/AEEE.fasta,300000057,a7eca29bdfa06ff373048fffa7a90139afc98acfa938a8ec0a98459608045962,1,21,50,1,42,XXH3,16,16,16,0.258076887000,1162444008.401000,1162.444008401000,300000000,0,299999980,299999931,299999931,299999931,321455543804147354,329018299338216163,strict_less_than_leftmost,false,1024,$KSSD_RELEASE_HOST/KSSD-Array-formal-results/final-validation-20260731-162115/03_figure3_final/logs/run_Synthetic_300_Mb_k21_w50_threads16_repeat1.log
final_release_formal,Synthetic_300_Mb,$KSSD_RELEASE_HOST/AEEE.fasta,300000057,a7eca29bdfa06ff373048fffa7a90139afc98acfa938a8ec0a98459608045962,1,21,50,1,42,XXH64,16,16,16,0.298378043000,1005435681.472000,1005.435681472000,300000000,0,299999980,299999931,299999931,299999931,493443549087490184,414711873768231967,strict_less_than_leftmost,false,1024,$KSSD_RELEASE_HOST/KSSD-Array-formal-results/final-validation-20260731-162115/03_figure3_final/logs/run_Synthetic_300_Mb_k21_w50_threads16_repeat1.log
final_release_formal,Synthetic_300_Mb,$KSSD_RELEASE_HOST/AEEE.fasta,300000057,a7eca29bdfa06ff373048fffa7a90139afc98acfa938a8ec0a98459608045962,1,21,50,1,42,MurmurHash3,16,16,16,0.199267904000,1505510546.244000,1505.510546244000,300000000,0,299999980,299999931,299999931,299999931,188356848912102758,1016285632706511991,strict_less_than_leftmost,false,1024,$KSSD_RELEASE_HOST/KSSD-Array-formal-results/final-validation-20260731-162115/03_figure3_final/logs/run_Synthetic_300_Mb_k21_w50_threads16_repeat1.log
final_release_formal,Synthetic_300_Mb,$KSSD_RELEASE_HOST/AEEE.fasta,300000057,a7eca29bdfa06ff373048fffa7a90139afc98acfa938a8ec0a98459608045962,1,21,50,1,42,wyhash,16,16,16,0.152343744000,1969230393.865000,1969.230393865000,300000000,0,299999980,299999931,299999931,299999931,458482641909991552,8073552655120799147,strict_less_than_leftmost,false,1024,$KSSD_RELEASE_HOST/KSSD-Array-formal-results/final-validation-20260731-162115/03_figure3_final/logs/run_Synthetic_300_Mb_k21_w50_threads16_repeat1.log
final_release_formal,Synthetic_300_Mb,$KSSD_RELEASE_HOST/AEEE.fasta,300000057,a7eca29bdfa06ff373048fffa7a90139afc98acfa938a8ec0a98459608045962,1,21,50,2,42,KSSD-Array,16,16,16,0.124095037000,2417501442.866000,2417.501442866000,300000000,0,299999980,299999931,299999931,299999931,57545583792,499764457165866869,strict_less_than_leftmost,false,1024,$KSSD_RELEASE_HOST/KSSD-Array-formal-results/final-validation-20260731-162115/03_figure3_final/logs/run_Synthetic_300_Mb_k21_w50_threads16_repeat2.log
final_release_formal,Synthetic_300_Mb,$KSSD_RELEASE_HOST/AEEE.fasta,300000057,a7eca29bdfa06ff373048fffa7a90139afc98acfa938a8ec0a98459608045962,1,21,50,2,42,XXH3,16,16,16,0.258060546000,1162517617.087000,1162.517617087000,300000000,0,299999980,299999931,299999931,299999931,321455543804147354,329018299338216163,strict_less_than_leftmost,false,1024,$KSSD_RELEASE_HOST/KSSD-Array-formal-results/final-validation-20260731-162115/03_figure3_final/logs/run_Synthetic_300_Mb_k21_w50_threads16_repeat2.log
final_release_formal,Synthetic_300_Mb,$KSSD_RELEASE_HOST/AEEE.fasta,300000057,a7eca29bdfa06ff373048fffa7a90139afc98acfa938a8ec0a98459608045962,1,21,50,2,42,XXH64,16,16,16,0.364189036000,823747837.922000,823.747837922000,300000000,0,299999980,299999931,299999931,299999931,493443549087490184,414711873768231967,strict_less_than_leftmost,false,1024,$KSSD_RELEASE_HOST/KSSD-Array-formal-results/final-validation-20260731-162115/03_figure3_final/logs/run_Synthetic_300_Mb_k21_w50_threads16_repeat2.log
final_release_formal,Synthetic_300_Mb,$KSSD_RELEASE_HOST/AEEE.fasta,300000057,a7eca29bdfa06ff373048fffa7a90139afc98acfa938a8ec0a98459608045962,1,21,50,2,42,MurmurHash3,16,16,16,0.201061231000,1492082434.331000,1492.082434331000,300000000,0,299999980,299999931,299999931,299999931,188356848912102758,1016285632706511991,strict_less_than_leftmost,false,1024,$KSSD_RELEASE_HOST/KSSD-Array-formal-results/final-validation-20260731-162115/03_figure3_final/logs/run_Synthetic_300_Mb_k21_w50_threads16_repeat2.log
final_release_formal,Synthetic_300_Mb,$KSSD_RELEASE_HOST/AEEE.fasta,300000057,a7eca29bdfa06ff373048fffa7a90139afc98acfa938a8ec0a98459608045962,1,21,50,2,42,wyhash,16,16,16,0.150630814000,1991623911.692000,1991.623911692000,300000000,0,299999980,299999931,299999931,299999931,458482641909991552,8073552655120799147,strict_less_than_leftmost,false,1024,$KSSD_RELEASE_HOST/KSSD-Array-formal-results/final-validation-20260731-162115/03_figure3_final/logs/run_Synthetic_300_Mb_k21_w50_threads16_repeat2.log
final_release_formal,Synthetic_300_Mb,$KSSD_RELEASE_HOST/AEEE.fasta,300000057,a7eca29bdfa06ff373048fffa7a90139afc98acfa938a8ec0a98459608045962,1,21,50,3,42,KSSD-Array,16,16,16,0.125479764000,2390823200.783000,2390.823200783000,300000000,0,299999980,299999931,299999931,299999931,57545583792,499764457165866869,strict_less_than_leftmost,false,1024,$KSSD_RELEASE_HOST/KSSD-Array-formal-results/final-validation-20260731-162115/03_figure3_final/logs/run_Synthetic_300_Mb_k21_w50_threads16_repeat3.log
final_release_formal,Synthetic_300_Mb,$KSSD_RELEASE_HOST/AEEE.fasta,300000057,a7eca29bdfa06ff373048fffa7a90139afc98acfa938a8ec0a98459608045962,1,21,50,3,42,XXH3,16,16,16,0.265037611000,1131914560.609000,1131.914560609000,300000000,0,299999980,299999931,299999931,299999931,321455543804147354,329018299338216163,strict_less_than_leftmost,false,1024,$KSSD_RELEASE_HOST/KSSD-Array-formal-results/final-validation-20260731-162115/03_figure3_final/logs/run_Synthetic_300_Mb_k21_w50_threads16_repeat3.log
final_release_formal,Synthetic_300_Mb,$KSSD_RELEASE_HOST/AEEE.fasta,300000057,a7eca29bdfa06ff373048fffa7a90139afc98acfa938a8ec0a98459608045962,1,21,50,3,42,XXH64,16,16,16,0.303505479000,988449803.241000,988.449803241000,300000000,0,299999980,299999931,299999931,299999931,493443549087490184,414711873768231967,strict_less_than_leftmost,false,1024,$KSSD_RELEASE_HOST/KSSD-Array-formal-results/final-validation-20260731-162115/03_figure3_final/logs/run_Synthetic_300_Mb_k21_w50_threads16_repeat3.log
final_release_formal,Synthetic_300_Mb,$KSSD_RELEASE_HOST/AEEE.fasta,300000057,a7eca29bdfa06ff373048fffa7a90139afc98acfa938a8ec0a98459608045962,1,21,50,3,42,MurmurHash3,16,16,16,0.194359209000,1543533401.600000,1543.533401600000,300000000,0,299999980,299999931,299999931,299999931,188356848912102758,1016285632706511991,strict_less_than_leftmost,false,1024,$KSSD_RELEASE_HOST/KSSD-Array-formal-results/final-validation-20260731-162115/03_figure3_final/logs/run_Synthetic_300_Mb_k21_w50_threads16_repeat3.log
final_release_formal,Synthetic_300_Mb,$KSSD_RELEASE_HOST/AEEE.fasta,300000057,a7eca29bdfa06ff373048fffa7a90139afc98acfa938a8ec0a98459608045962,1,21,50,3,42,wyhash,16,16,16,0.148756113000,2016723379.966000,2016.723379966000,300000000,0,299999980,299999931,299999931,299999931,458482641909991552,8073552655120799147,strict_less_than_leftmost,false,1024,$KSSD_RELEASE_HOST/KSSD-Array-formal-results/final-validation-20260731-162115/03_figure3_final/logs/run_Synthetic_300_Mb_k21_w50_threads16_repeat3.log
final_release_formal,Synthetic_300_Mb,$KSSD_RELEASE_HOST/AEEE.fasta,300000057,a7eca29bdfa06ff373048fffa7a90139afc98acfa938a8ec0a98459608045962,1,21,50,4,42,KSSD-Array,16,16,16,0.125813628000,2384478818.145000,2384.478818145000,300000000,0,299999980,299999931,299999931,299999931,57545583792,499764457165866869,strict_less_than_leftmost,false,1024,$KSSD_RELEASE_HOST/KSSD-Array-formal-results/final-validation-20260731-162115/03_figure3_final/logs/run_Synthetic_300_Mb_k21_w50_threads16_repeat4.log
final_release_formal,Synthetic_300_Mb,$KSSD_RELEASE_HOST/AEEE.fasta,300000057,a7eca29bdfa06ff373048fffa7a90139afc98acfa938a8ec0a98459608045962,1,21,50,4,42,XXH3,16,16,16,0.266800682000,1124434648.184000,1124.434648184000,300000000,0,299999980,299999931,299999931,299999931,321455543804147354,329018299338216163,strict_less_than_leftmost,false,1024,$KSSD_RELEASE_HOST/KSSD-Array-formal-results/final-validation-20260731-162115/03_figure3_final/logs/run_Synthetic_300_Mb_k21_w50_threads16_repeat4.log
final_release_formal,Synthetic_300_Mb,$KSSD_RELEASE_HOST/AEEE.fasta,300000057,a7eca29bdfa06ff373048fffa7a90139afc98acfa938a8ec0a98459608045962,1,21,50,4,42,XXH64,16,16,16,0.303503790000,988455303.968000,988.455303968000,300000000,0,299999980,299999931,299999931,299999931,493443549087490184,414711873768231967,strict_less_than_leftmost,false,1024,$KSSD_RELEASE_HOST/KSSD-Array-formal-results/final-validation-20260731-162115/03_figure3_final/logs/run_Synthetic_300_Mb_k21_w50_threads16_repeat4.log
final_release_formal,Synthetic_300_Mb,$KSSD_RELEASE_HOST/AEEE.fasta,300000057,a7eca29bdfa06ff373048fffa7a90139afc98acfa938a8ec0a98459608045962,1,21,50,4,42,MurmurHash3,16,16,16,0.193408961000,1551117018.823000,1551.117018823000,300000000,0,299999980,299999931,299999931,299999931,188356848912102758,1016285632706511991,strict_less_than_leftmost,false,1024,$KSSD_RELEASE_HOST/KSSD-Array-formal-results/final-validation-20260731-162115/03_figure3_final/logs/run_Synthetic_300_Mb_k21_w50_threads16_repeat4.log
final_release_formal,Synthetic_300_Mb,$KSSD_RELEASE_HOST/AEEE.fasta,300000057,a7eca29bdfa06ff373048fffa7a90139afc98acfa938a8ec0a98459608045962,1,21,50,4,42,wyhash,16,16,16,0.148068639000,2026086908.248000,2026.086908248000,300000000,0,299999980,299999931,299999931,299999931,458482641909991552,8073552655120799147,strict_less_than_leftmost,false,1024,$KSSD_RELEASE_HOST/KSSD-Array-formal-results/final-validation-20260731-162115/03_figure3_final/logs/run_Synthetic_300_Mb_k21_w50_threads16_repeat4.log
final_release_formal,Synthetic_300_Mb,$KSSD_RELEASE_HOST/AEEE.fasta,300000057,a7eca29bdfa06ff373048fffa7a90139afc98acfa938a8ec0a98459608045962,1,21,50,5,42,KSSD-Array,16,16,16,0.124757956000,2404655707.889000,2404.655707889000,300000000,0,299999980,299999931,299999931,299999931,57545583792,499764457165866869,strict_less_than_leftmost,false,1024,$KSSD_RELEASE_HOST/KSSD-Array-formal-results/final-validation-20260731-162115/03_figure3_final/logs/run_Synthetic_300_Mb_k21_w50_threads16_repeat5.log
final_release_formal,Synthetic_300_Mb,$KSSD_RELEASE_HOST/AEEE.fasta,300000057,a7eca29bdfa06ff373048fffa7a90139afc98acfa938a8ec0a98459608045962,1,21,50,5,42,XXH3,16,16,16,0.259872668000,1154411248.050000,1154.411248050000,300000000,0,299999980,299999931,299999931,299999931,321455543804147354,329018299338216163,strict_less_than_leftmost,false,1024,$KSSD_RELEASE_HOST/KSSD-Array-formal-results/final-validation-20260731-162115/03_figure3_final/logs/run_Synthetic_300_Mb_k21_w50_threads16_repeat5.log
final_release_formal,Synthetic_300_Mb,$KSSD_RELEASE_HOST/AEEE.fasta,300000057,a7eca29bdfa06ff373048fffa7a90139afc98acfa938a8ec0a98459608045962,1,21,50,5,42,XXH64,16,16,16,0.298588948000,1004725503.102000,1004.725503102000,300000000,0,299999980,299999931,299999931,299999931,493443549087490184,414711873768231967,strict_less_than_leftmost,false,1024,$KSSD_RELEASE_HOST/KSSD-Array-formal-results/final-validation-20260731-162115/03_figure3_final/logs/run_Synthetic_300_Mb_k21_w50_threads16_repeat5.log
final_release_formal,Synthetic_300_Mb,$KSSD_RELEASE_HOST/AEEE.fasta,300000057,a7eca29bdfa06ff373048fffa7a90139afc98acfa938a8ec0a98459608045962,1,21,50,5,42,MurmurHash3,16,16,16,0.192932224000,1554949840.831000,1554.949840831000,300000000,0,299999980,299999931,299999931,299999931,188356848912102758,1016285632706511991,strict_less_than_leftmost,false,1024,$KSSD_RELEASE_HOST/KSSD-Array-formal-results/final-validation-20260731-162115/03_figure3_final/logs/run_Synthetic_300_Mb_k21_w50_threads16_repeat5.log
final_release_formal,Synthetic_300_Mb,$KSSD_RELEASE_HOST/AEEE.fasta,300000057,a7eca29bdfa06ff373048fffa7a90139afc98acfa938a8ec0a98459608045962,1,21,50,5,42,wyhash,16,16,16,0.153916647000,1949106460.200000,1949.106460200000,300000000,0,299999980,299999931,299999931,299999931,458482641909991552,8073552655120799147,strict_less_than_leftmost,false,1024,$KSSD_RELEASE_HOST/KSSD-Array-formal-results/final-validation-20260731-162115/03_figure3_final/logs/run_Synthetic_300_Mb_k21_w50_threads16_repeat5.log
final_release_formal,GRCh38.p14_chr1,$KSSD_RELEASE_HOST/seq/human/GCF_000001405.40_GRCh38.p14_genomic.fna,3339739109,df6e4918316e05a9cc1fd29c352841d3678b607d7a436819cd43371b52c814c0,705,21,50,1,42,KSSD-Array,1,1,1,1.397919691000,164874237.400000,164.874237400000,230481012,18475410,230480992,230480943,230480943,230480943,188661062253,1141841123653806802,strict_less_than_leftmost,false,1024,$KSSD_RELEASE_HOST/KSSD-Array-formal-results/final-validation-20260731-162115/03_figure3_final/logs/run_GRCh38.p14_chr1_k21_w50_threads1_repeat1.log
final_release_formal,GRCh38.p14_chr1,$KSSD_RELEASE_HOST/seq/human/GCF_000001405.40_GRCh38.p14_genomic.fna,3339739109,df6e4918316e05a9cc1fd29c352841d3678b607d7a436819cd43371b52c814c0,705,21,50,1,42,XXH3,1,1,1,3.132644101000,73573931.659000,73.573931659000,230481012,18475410,230480992,230480943,230480943,230480943,775743263796053414,3912626187028003461,strict_less_than_leftmost,false,1024,$KSSD_RELEASE_HOST/KSSD-Array-formal-results/final-validation-20260731-162115/03_figure3_final/logs/run_GRCh38.p14_chr1_k21_w50_threads1_repeat1.log
final_release_formal,GRCh38.p14_chr1,$KSSD_RELEASE_HOST/seq/human/GCF_000001405.40_GRCh38.p14_genomic.fna,3339739109,df6e4918316e05a9cc1fd29c352841d3678b607d7a436819cd43371b52c814c0,705,21,50,1,42,XXH64,1,1,1,3.665033065000,62886456.660000,62.886456660000,230481012,18475410,230480992,230480943,230480943,230480943,1359048515777232336,9834236220924344634,strict_less_than_leftmost,false,1024,$KSSD_RELEASE_HOST/KSSD-Array-formal-results/final-validation-20260731-162115/03_figure3_final/logs/run_GRCh38.p14_chr1_k21_w50_threads1_repeat1.log
final_release_formal,GRCh38.p14_chr1,$KSSD_RELEASE_HOST/seq/human/GCF_000001405.40_GRCh38.p14_genomic.fna,3339739109,df6e4918316e05a9cc1fd29c352841d3678b607d7a436819cd43371b52c814c0,705,21,50,1,42,MurmurHash3,1,1,1,2.365473473000,97435437.611000,97.435437611000,230481012,18475410,230480992,230480943,230480943,230480943,363051744283573300,12897034638841301640,strict_less_than_leftmost,false,1024,$KSSD_RELEASE_HOST/KSSD-Array-formal-results/final-validation-20260731-162115/03_figure3_final/logs/run_GRCh38.p14_chr1_k21_w50_threads1_repeat1.log
final_release_formal,GRCh38.p14_chr1,$KSSD_RELEASE_HOST/seq/human/GCF_000001405.40_GRCh38.p14_genomic.fna,3339739109,df6e4918316e05a9cc1fd29c352841d3678b607d7a436819cd43371b52c814c0,705,21,50,1,42,wyhash,1,1,1,1.812705937000,127147453.040000,127.147453040000,230481012,18475410,230480992,230480943,230480943,230480943,786380710371532391,5050789339946367374,strict_less_than_leftmost,false,1024,$KSSD_RELEASE_HOST/KSSD-Array-formal-results/final-validation-20260731-162115/03_figure3_final/logs/run_GRCh38.p14_chr1_k21_w50_threads1_repeat1.log
final_release_formal,GRCh38.p14_chr1,$KSSD_RELEASE_HOST/seq/human/GCF_000001405.40_GRCh38.p14_genomic.fna,3339739109,df6e4918316e05a9cc1fd29c352841d3678b607d7a436819cd43371b52c814c0,705,21,50,2,42,KSSD-Array,1,1,1,1.397603441000,164911545.177000,164.911545177000,230481012,18475410,230480992,230480943,230480943,230480943,188661062253,1141841123653806802,strict_less_than_leftmost,false,1024,$KSSD_RELEASE_HOST/KSSD-Array-formal-results/final-validation-20260731-162115/03_figure3_final/logs/run_GRCh38.p14_chr1_k21_w50_threads1_repeat2.log
final_release_formal,GRCh38.p14_chr1,$KSSD_RELEASE_HOST/seq/human/GCF_000001405.40_GRCh38.p14_genomic.fna,3339739109,df6e4918316e05a9cc1fd29c352841d3678b607d7a436819cd43371b52c814c0,705,21,50,2,42,XXH3,1,1,1,3.131595539000,73598566.651000,73.598566651000,230481012,18475410,230480992,230480943,230480943,230480943,775743263796053414,3912626187028003461,strict_less_than_leftmost,false,1024,$KSSD_RELEASE_HOST/KSSD-Array-formal-results/final-validation-20260731-162115/03_figure3_final/logs/run_GRCh38.p14_chr1_k21_w50_threads1_repeat2.log
final_release_formal,GRCh38.p14_chr1,$KSSD_RELEASE_HOST/seq/human/GCF_000001405.40_GRCh38.p14_genomic.fna,3339739109,df6e4918316e05a9cc1fd29c352841d3678b607d7a436819cd43371b52c814c0,705,21,50,2,42,XXH64,1,1,1,3.666100762000,62868141.920000,62.868141920000,230481012,18475410,230480992,230480943,230480943,230480943,1359048515777232336,9834236220924344634,strict_less_than_leftmost,false,1024,$KSSD_RELEASE_HOST/KSSD-Array-formal-results/final-validation-20260731-162115/03_figure3_final/logs/run_GRCh38.p14_chr1_k21_w50_threads1_repeat2.log
final_release_formal,GRCh38.p14_chr1,$KSSD_RELEASE_HOST/seq/human/GCF_000001405.40_GRCh38.p14_genomic.fna,3339739109,df6e4918316e05a9cc1fd29c352841d3678b607d7a436819cd43371b52c814c0,705,21,50,2,42,MurmurHash3,1,1,1,2.364347646000,97481833.262000,97.481833262000,230481012,18475410,230480992,230480943,230480943,230480943,363051744283573300,12897034638841301640,strict_less_than_leftmost,false,1024,$KSSD_RELEASE_HOST/KSSD-Array-formal-results/final-validation-20260731-162115/03_figure3_final/logs/run_GRCh38.p14_chr1_k21_w50_threads1_repeat2.log
final_release_formal,GRCh38.p14_chr1,$KSSD_RELEASE_HOST/seq/human/GCF_000001405.40_GRCh38.p14_genomic.fna,3339739109,df6e4918316e05a9cc1fd29c352841d3678b607d7a436819cd43371b52c814c0,705,21,50,2,42,wyhash,1,1,1,1.812529280000,127159845.385000,127.159845385000,230481012,18475410,230480992,230480943,230480943,230480943,786380710371532391,5050789339946367374,strict_less_than_leftmost,false,1024,$KSSD_RELEASE_HOST/KSSD-Array-formal-results/final-validation-20260731-162115/03_figure3_final/logs/run_GRCh38.p14_chr1_k21_w50_threads1_repeat2.log
final_release_formal,GRCh38.p14_chr1,$KSSD_RELEASE_HOST/seq/human/GCF_000001405.40_GRCh38.p14_genomic.fna,3339739109,df6e4918316e05a9cc1fd29c352841d3678b607d7a436819cd43371b52c814c0,705,21,50,3,42,KSSD-Array,1,1,1,1.397863059000,164880916.994000,164.880916994000,230481012,18475410,230480992,230480943,230480943,230480943,188661062253,1141841123653806802,strict_less_than_leftmost,false,1024,$KSSD_RELEASE_HOST/KSSD-Array-formal-results/final-validation-20260731-162115/03_figure3_final/logs/run_GRCh38.p14_chr1_k21_w50_threads1_repeat3.log
final_release_formal,GRCh38.p14_chr1,$KSSD_RELEASE_HOST/seq/human/GCF_000001405.40_GRCh38.p14_genomic.fna,3339739109,df6e4918316e05a9cc1fd29c352841d3678b607d7a436819cd43371b52c814c0,705,21,50,3,42,XXH3,1,1,1,3.132055245000,73587764.254000,73.587764254000,230481012,18475410,230480992,230480943,230480943,230480943,775743263796053414,3912626187028003461,strict_less_than_leftmost,false,1024,$KSSD_RELEASE_HOST/KSSD-Array-formal-results/final-validation-20260731-162115/03_figure3_final/logs/run_GRCh38.p14_chr1_k21_w50_threads1_repeat3.log
final_release_formal,GRCh38.p14_chr1,$KSSD_RELEASE_HOST/seq/human/GCF_000001405.40_GRCh38.p14_genomic.fna,3339739109,df6e4918316e05a9cc1fd29c352841d3678b607d7a436819cd43371b52c814c0,705,21,50,3,42,XXH64,1,1,1,3.666805167000,62856064.749000,62.856064749000,230481012,18475410,230480992,230480943,230480943,230480943,1359048515777232336,9834236220924344634,strict_less_than_leftmost,false,1024,$KSSD_RELEASE_HOST/KSSD-Array-formal-results/final-validation-20260731-162115/03_figure3_final/logs/run_GRCh38.p14_chr1_k21_w50_threads1_repeat3.log
final_release_formal,GRCh38.p14_chr1,$KSSD_RELEASE_HOST/seq/human/GCF_000001405.40_GRCh38.p14_genomic.fna,3339739109,df6e4918316e05a9cc1fd29c352841d3678b607d7a436819cd43371b52c814c0,705,21,50,3,42,MurmurHash3,1,1,1,2.361572969000,97596367.347000,97.596367347000,230481012,18475410,230480992,230480943,230480943,230480943,363051744283573300,12897034638841301640,strict_less_than_leftmost,false,1024,$KSSD_RELEASE_HOST/KSSD-Array-formal-results/final-validation-20260731-162115/03_figure3_final/logs/run_GRCh38.p14_chr1_k21_w50_threads1_repeat3.log
final_release_formal,GRCh38.p14_chr1,$KSSD_RELEASE_HOST/seq/human/GCF_000001405.40_GRCh38.p14_genomic.fna,3339739109,df6e4918316e05a9cc1fd29c352841d3678b607d7a436819cd43371b52c814c0,705,21,50,3,42,wyhash,1,1,1,1.813770347000,127072836.636000,127.072836636000,230481012,18475410,230480992,230480943,230480943,230480943,786380710371532391,5050789339946367374,strict_less_than_leftmost,false,1024,$KSSD_RELEASE_HOST/KSSD-Array-formal-results/final-validation-20260731-162115/03_figure3_final/logs/run_GRCh38.p14_chr1_k21_w50_threads1_repeat3.log
final_release_formal,GRCh38.p14_chr1,$KSSD_RELEASE_HOST/seq/human/GCF_000001405.40_GRCh38.p14_genomic.fna,3339739109,df6e4918316e05a9cc1fd29c352841d3678b607d7a436819cd43371b52c814c0,705,21,50,4,42,KSSD-Array,1,1,1,1.397987958000,164866186.208000,164.866186208000,230481012,18475410,230480992,230480943,230480943,230480943,188661062253,1141841123653806802,strict_less_than_leftmost,false,1024,$KSSD_RELEASE_HOST/KSSD-Array-formal-results/final-validation-20260731-162115/03_figure3_final/logs/run_GRCh38.p14_chr1_k21_w50_threads1_repeat4.log
final_release_formal,GRCh38.p14_chr1,$KSSD_RELEASE_HOST/seq/human/GCF_000001405.40_GRCh38.p14_genomic.fna,3339739109,df6e4918316e05a9cc1fd29c352841d3678b607d7a436819cd43371b52c814c0,705,21,50,4,42,XXH3,1,1,1,3.133520007000,73553365.699000,73.553365699000,230481012,18475410,230480992,230480943,230480943,230480943,775743263796053414,3912626187028003461,strict_less_than_leftmost,false,1024,$KSSD_RELEASE_HOST/KSSD-Array-formal-results/final-validation-20260731-162115/03_figure3_final/logs/run_GRCh38.p14_chr1_k21_w50_threads1_repeat4.log
final_release_formal,GRCh38.p14_chr1,$KSSD_RELEASE_HOST/seq/human/GCF_000001405.40_GRCh38.p14_genomic.fna,3339739109,df6e4918316e05a9cc1fd29c352841d3678b607d7a436819cd43371b52c814c0,705,21,50,4,42,XXH64,1,1,1,3.665741870000,62874296.984000,62.874296984000,230481012,18475410,230480992,230480943,230480943,230480943,1359048515777232336,9834236220924344634,strict_less_than_leftmost,false,1024,$KSSD_RELEASE_HOST/KSSD-Array-formal-results/final-validation-20260731-162115/03_figure3_final/logs/run_GRCh38.p14_chr1_k21_w50_threads1_repeat4.log
final_release_formal,GRCh38.p14_chr1,$KSSD_RELEASE_HOST/seq/human/GCF_000001405.40_GRCh38.p14_genomic.fna,3339739109,df6e4918316e05a9cc1fd29c352841d3678b607d7a436819cd43371b52c814c0,705,21,50,4,42,MurmurHash3,1,1,1,2.363969727000,97497417.318000,97.497417318000,230481012,18475410,230480992,230480943,230480943,230480943,363051744283573300,12897034638841301640,strict_less_than_leftmost,false,1024,$KSSD_RELEASE_HOST/KSSD-Array-formal-results/final-validation-20260731-162115/03_figure3_final/logs/run_GRCh38.p14_chr1_k21_w50_threads1_repeat4.log
final_release_formal,GRCh38.p14_chr1,$KSSD_RELEASE_HOST/seq/human/GCF_000001405.40_GRCh38.p14_genomic.fna,3339739109,df6e4918316e05a9cc1fd29c352841d3678b607d7a436819cd43371b52c814c0,705,21,50,4,42,wyhash,1,1,1,1.816240713000,126899998.084000,126.899998084000,230481012,18475410,230480992,230480943,230480943,230480943,786380710371532391,5050789339946367374,strict_less_than_leftmost,false,1024,$KSSD_RELEASE_HOST/KSSD-Array-formal-results/final-validation-20260731-162115/03_figure3_final/logs/run_GRCh38.p14_chr1_k21_w50_threads1_repeat4.log
final_release_formal,GRCh38.p14_chr1,$KSSD_RELEASE_HOST/seq/human/GCF_000001405.40_GRCh38.p14_genomic.fna,3339739109,df6e4918316e05a9cc1fd29c352841d3678b607d7a436819cd43371b52c814c0,705,21,50,5,42,KSSD-Array,1,1,1,1.398255500000,164834640.736000,164.834640736000,230481012,18475410,230480992,230480943,230480943,230480943,188661062253,1141841123653806802,strict_less_than_leftmost,false,1024,$KSSD_RELEASE_HOST/KSSD-Array-formal-results/final-validation-20260731-162115/03_figure3_final/logs/run_GRCh38.p14_chr1_k21_w50_threads1_repeat5.log
final_release_formal,GRCh38.p14_chr1,$KSSD_RELEASE_HOST/seq/human/GCF_000001405.40_GRCh38.p14_genomic.fna,3339739109,df6e4918316e05a9cc1fd29c352841d3678b607d7a436819cd43371b52c814c0,705,21,50,5,42,XXH3,1,1,1,3.134048033000,73540973.391000,73.540973391000,230481012,18475410,230480992,230480943,230480943,230480943,775743263796053414,3912626187028003461,strict_less_than_leftmost,false,1024,$KSSD_RELEASE_HOST/KSSD-Array-formal-results/final-validation-20260731-162115/03_figure3_final/logs/run_GRCh38.p14_chr1_k21_w50_threads1_repeat5.log
final_release_formal,GRCh38.p14_chr1,$KSSD_RELEASE_HOST/seq/human/GCF_000001405.40_GRCh38.p14_genomic.fna,3339739109,df6e4918316e05a9cc1fd29c352841d3678b607d7a436819cd43371b52c814c0,705,21,50,5,42,XXH64,1,1,1,3.664867466000,62889298.218000,62.889298218000,230481012,18475410,230480992,230480943,230480943,230480943,1359048515777232336,9834236220924344634,strict_less_than_leftmost,false,1024,$KSSD_RELEASE_HOST/KSSD-Array-formal-results/final-validation-20260731-162115/03_figure3_final/logs/run_GRCh38.p14_chr1_k21_w50_threads1_repeat5.log
final_release_formal,GRCh38.p14_chr1,$KSSD_RELEASE_HOST/seq/human/GCF_000001405.40_GRCh38.p14_genomic.fna,3339739109,df6e4918316e05a9cc1fd29c352841d3678b607d7a436819cd43371b52c814c0,705,21,50,5,42,MurmurHash3,1,1,1,2.364304602000,97483607.994000,97.483607994000,230481012,18475410,230480992,230480943,230480943,230480943,363051744283573300,12897034638841301640,strict_less_than_leftmost,false,1024,$KSSD_RELEASE_HOST/KSSD-Array-formal-results/final-validation-20260731-162115/03_figure3_final/logs/run_GRCh38.p14_chr1_k21_w50_threads1_repeat5.log
final_release_formal,GRCh38.p14_chr1,$KSSD_RELEASE_HOST/seq/human/GCF_000001405.40_GRCh38.p14_genomic.fna,3339739109,df6e4918316e05a9cc1fd29c352841d3678b607d7a436819cd43371b52c814c0,705,21,50,5,42,wyhash,1,1,1,1.812815295000,127139782.876000,127.139782876000,230481012,18475410,230480992,230480943,230480943,230480943,786380710371532391,5050789339946367374,strict_less_than_leftmost,false,1024,$KSSD_RELEASE_HOST/KSSD-Array-formal-results/final-validation-20260731-162115/03_figure3_final/logs/run_GRCh38.p14_chr1_k21_w50_threads1_repeat5.log
final_release_formal,GRCh38.p14_chr1,$KSSD_RELEASE_HOST/seq/human/GCF_000001405.40_GRCh38.p14_genomic.fna,3339739109,df6e4918316e05a9cc1fd29c352841d3678b607d7a436819cd43371b52c814c0,705,21,50,1,42,KSSD-Array,2,2,2,0.706125099000,326402422.639000,326.402422639000,230481012,18475410,230480992,230480943,230480943,230480943,188661062253,1141841123653806802,strict_less_than_leftmost,false,1024,$KSSD_RELEASE_HOST/KSSD-Array-formal-results/final-validation-20260731-162115/03_figure3_final/logs/run_GRCh38.p14_chr1_k21_w50_threads2_repeat1.log
final_release_formal,GRCh38.p14_chr1,$KSSD_RELEASE_HOST/seq/human/GCF_000001405.40_GRCh38.p14_genomic.fna,3339739109,df6e4918316e05a9cc1fd29c352841d3678b607d7a436819cd43371b52c814c0,705,21,50,1,42,XXH3,2,2,2,1.567258371000,147059953.397000,147.059953397000,230481012,18475410,230480992,230480943,230480943,230480943,775743263796053414,3912626187028003461,strict_less_than_leftmost,false,1024,$KSSD_RELEASE_HOST/KSSD-Array-formal-results/final-validation-20260731-162115/03_figure3_final/logs/run_GRCh38.p14_chr1_k21_w50_threads2_repeat1.log
final_release_formal,GRCh38.p14_chr1,$KSSD_RELEASE_HOST/seq/human/GCF_000001405.40_GRCh38.p14_genomic.fna,3339739109,df6e4918316e05a9cc1fd29c352841d3678b607d7a436819cd43371b52c814c0,705,21,50,1,42,XXH64,2,2,2,1.833684927000,125692772.846000,125.692772846000,230481012,18475410,230480992,230480943,230480943,230480943,1359048515777232336,9834236220924344634,strict_less_than_leftmost,false,1024,$KSSD_RELEASE_HOST/KSSD-Array-formal-results/final-validation-20260731-162115/03_figure3_final/logs/run_GRCh38.p14_chr1_k21_w50_threads2_repeat1.log
final_release_formal,GRCh38.p14_chr1,$KSSD_RELEASE_HOST/seq/human/GCF_000001405.40_GRCh38.p14_genomic.fna,3339739109,df6e4918316e05a9cc1fd29c352841d3678b607d7a436819cd43371b52c814c0,705,21,50,1,42,MurmurHash3,2,2,2,1.183479506000,194748571.337000,194.748571337000,230481012,18475410,230480992,230480943,230480943,230480943,363051744283573300,12897034638841301640,strict_less_than_leftmost,false,1024,$KSSD_RELEASE_HOST/KSSD-Array-formal-results/final-validation-20260731-162115/03_figure3_final/logs/run_GRCh38.p14_chr1_k21_w50_threads2_repeat1.log
final_release_formal,GRCh38.p14_chr1,$KSSD_RELEASE_HOST/seq/human/GCF_000001405.40_GRCh38.p14_genomic.fna,3339739109,df6e4918316e05a9cc1fd29c352841d3678b607d7a436819cd43371b52c814c0,705,21,50,1,42,wyhash,2,2,2,0.907885873000,253865546.160000,253.865546160000,230481012,18475410,230480992,230480943,230480943,230480943,786380710371532391,5050789339946367374,strict_less_than_leftmost,false,1024,$KSSD_RELEASE_HOST/KSSD-Array-formal-results/final-validation-20260731-162115/03_figure3_final/logs/run_GRCh38.p14_chr1_k21_w50_threads2_repeat1.log
final_release_formal,GRCh38.p14_chr1,$KSSD_RELEASE_HOST/seq/human/GCF_000001405.40_GRCh38.p14_genomic.fna,3339739109,df6e4918316e05a9cc1fd29c352841d3678b607d7a436819cd43371b52c814c0,705,21,50,2,42,KSSD-Array,2,2,2,0.706907561000,326041134.252000,326.041134252000,230481012,18475410,230480992,230480943,230480943,230480943,188661062253,1141841123653806802,strict_less_than_leftmost,false,1024,$KSSD_RELEASE_HOST/KSSD-Array-formal-results/final-validation-20260731-162115/03_figure3_final/logs/run_GRCh38.p14_chr1_k21_w50_threads2_repeat2.log
final_release_formal,GRCh38.p14_chr1,$KSSD_RELEASE_HOST/seq/human/GCF_000001405.40_GRCh38.p14_genomic.fna,3339739109,df6e4918316e05a9cc1fd29c352841d3678b607d7a436819cd43371b52c814c0,705,21,50,2,42,XXH3,2,2,2,1.568568745000,146937100.293000,146.937100293000,230481012,18475410,230480992,230480943,230480943,230480943,775743263796053414,3912626187028003461,strict_less_than_leftmost,false,1024,$KSSD_RELEASE_HOST/KSSD-Array-formal-results/final-validation-20260731-162115/03_figure3_final/logs/run_GRCh38.p14_chr1_k21_w50_threads2_repeat2.log
final_release_formal,GRCh38.p14_chr1,$KSSD_RELEASE_HOST/seq/human/GCF_000001405.40_GRCh38.p14_genomic.fna,3339739109,df6e4918316e05a9cc1fd29c352841d3678b607d7a436819cd43371b52c814c0,705,21,50,2,42,XXH64,2,2,2,1.833852694000,125681274.049000,125.681274049000,230481012,18475410,230480992,230480943,230480943,230480943,1359048515777232336,9834236220924344634,strict_less_than_leftmost,false,1024,$KSSD_RELEASE_HOST/KSSD-Array-formal-results/final-validation-20260731-162115/03_figure3_final/logs/run_GRCh38.p14_chr1_k21_w50_threads2_repeat2.log
final_release_formal,GRCh38.p14_chr1,$KSSD_RELEASE_HOST/seq/human/GCF_000001405.40_GRCh38.p14_genomic.fna,3339739109,df6e4918316e05a9cc1fd29c352841d3678b607d7a436819cd43371b52c814c0,705,21,50,2,42,MurmurHash3,2,2,2,1.182772837000,194864927.389000,194.864927389000,230481012,18475410,230480992,230480943,230480943,230480943,363051744283573300,12897034638841301640,strict_less_than_leftmost,false,1024,$KSSD_RELEASE_HOST/KSSD-Array-formal-results/final-validation-20260731-162115/03_figure3_final/logs/run_GRCh38.p14_chr1_k21_w50_threads2_repeat2.log
final_release_formal,GRCh38.p14_chr1,$KSSD_RELEASE_HOST/seq/human/GCF_000001405.40_GRCh38.p14_genomic.fna,3339739109,df6e4918316e05a9cc1fd29c352841d3678b607d7a436819cd43371b52c814c0,705,21,50,2,42,wyhash,2,2,2,0.907421833000,253995368.657000,253.995368657000,230481012,18475410,230480992,230480943,230480943,230480943,786380710371532391,5050789339946367374,strict_less_than_leftmost,false,1024,$KSSD_RELEASE_HOST/KSSD-Array-formal-results/final-validation-20260731-162115/03_figure3_final/logs/run_GRCh38.p14_chr1_k21_w50_threads2_repeat2.log
final_release_formal,GRCh38.p14_chr1,$KSSD_RELEASE_HOST/seq/human/GCF_000001405.40_GRCh38.p14_genomic.fna,3339739109,df6e4918316e05a9cc1fd29c352841d3678b607d7a436819cd43371b52c814c0,705,21,50,3,42,KSSD-Array,2,2,2,0.706687464000,326142679.390000,326.142679390000,230481012,18475410,230480992,230480943,230480943,230480943,188661062253,1141841123653806802,strict_less_than_leftmost,false,1024,$KSSD_RELEASE_HOST/KSSD-Array-formal-results/final-validation-20260731-162115/03_figure3_final/logs/run_GRCh38.p14_chr1_k21_w50_threads2_repeat3.log
final_release_formal,GRCh38.p14_chr1,$KSSD_RELEASE_HOST/seq/human/GCF_000001405.40_GRCh38.p14_genomic.fna,3339739109,df6e4918316e05a9cc1fd29c352841d3678b607d7a436819cd43371b52c814c0,705,21,50,3,42,XXH3,2,2,2,1.566939169000,147089911.057000,147.089911057000,230481012,18475410,230480992,230480943,230480943,230480943,775743263796053414,3912626187028003461,strict_less_than_leftmost,false,1024,$KSSD_RELEASE_HOST/KSSD-Array-formal-results/final-validation-20260731-162115/03_figure3_final/logs/run_GRCh38.p14_chr1_k21_w50_threads2_repeat3.log
final_release_formal,GRCh38.p14_chr1,$KSSD_RELEASE_HOST/seq/human/GCF_000001405.40_GRCh38.p14_genomic.fna,3339739109,df6e4918316e05a9cc1fd29c352841d3678b607d7a436819cd43371b52c814c0,705,21,50,3,42,XXH64,2,2,2,1.832957020000,125742688.173000,125.742688173000,230481012,18475410,230480992,230480943,230480943,230480943,1359048515777232336,9834236220924344634,strict_less_than_leftmost,false,1024,$KSSD_RELEASE_HOST/KSSD-Array-formal-results/final-validation-20260731-162115/03_figure3_final/logs/run_GRCh38.p14_chr1_k21_w50_threads2_repeat3.log
final_release_formal,GRCh38.p14_chr1,$KSSD_RELEASE_HOST/seq/human/GCF_000001405.40_GRCh38.p14_genomic.fna,3339739109,df6e4918316e05a9cc1fd29c352841d3678b607d7a436819cd43371b52c814c0,705,21,50,3,42,MurmurHash3,2,2,2,1.182778341000,194864020.595000,194.864020595000,230481012,18475410,230480992,230480943,230480943,230480943,363051744283573300,12897034638841301640,strict_less_than_leftmost,false,1024,$KSSD_RELEASE_HOST/KSSD-Array-formal-results/final-validation-20260731-162115/03_figure3_final/logs/run_GRCh38.p14_chr1_k21_w50_threads2_repeat3.log
final_release_formal,GRCh38.p14_chr1,$KSSD_RELEASE_HOST/seq/human/GCF_000001405.40_GRCh38.p14_genomic.fna,3339739109,df6e4918316e05a9cc1fd29c352841d3678b607d7a436819cd43371b52c814c0,705,21,50,3,42,wyhash,2,2,2,0.908286463000,253753581.484000,253.753581484000,230481012,18475410,230480992,230480943,230480943,230480943,786380710371532391,5050789339946367374,strict_less_than_leftmost,false,1024,$KSSD_RELEASE_HOST/KSSD-Array-formal-results/final-validation-20260731-162115/03_figure3_final/logs/run_GRCh38.p14_chr1_k21_w50_threads2_repeat3.log
final_release_formal,GRCh38.p14_chr1,$KSSD_RELEASE_HOST/seq/human/GCF_000001405.40_GRCh38.p14_genomic.fna,3339739109,df6e4918316e05a9cc1fd29c352841d3678b607d7a436819cd43371b52c814c0,705,21,50,4,42,KSSD-Array,2,2,2,0.705468801000,326706074.986000,326.706074986000,230481012,18475410,230480992,230480943,230480943,230480943,188661062253,1141841123653806802,strict_less_than_leftmost,false,1024,$KSSD_RELEASE_HOST/KSSD-Array-formal-results/final-validation-20260731-162115/03_figure3_final/logs/run_GRCh38.p14_chr1_k21_w50_threads2_repeat4.log
final_release_formal,GRCh38.p14_chr1,$KSSD_RELEASE_HOST/seq/human/GCF_000001405.40_GRCh38.p14_genomic.fna,3339739109,df6e4918316e05a9cc1fd29c352841d3678b607d7a436819cd43371b52c814c0,705,21,50,4,42,XXH3,2,2,2,1.567445661000,147042381.586000,147.042381586000,230481012,18475410,230480992,230480943,230480943,230480943,775743263796053414,3912626187028003461,strict_less_than_leftmost,false,1024,$KSSD_RELEASE_HOST/KSSD-Array-formal-results/final-validation-20260731-162115/03_figure3_final/logs/run_GRCh38.p14_chr1_k21_w50_threads2_repeat4.log
final_release_formal,GRCh38.p14_chr1,$KSSD_RELEASE_HOST/seq/human/GCF_000001405.40_GRCh38.p14_genomic.fna,3339739109,df6e4918316e05a9cc1fd29c352841d3678b607d7a436819cd43371b52c814c0,705,21,50,4,42,XXH64,2,2,2,1.834254391000,125653750.173000,125.653750173000,230481012,18475410,230480992,230480943,230480943,230480943,1359048515777232336,9834236220924344634,strict_less_than_leftmost,false,1024,$KSSD_RELEASE_HOST/KSSD-Array-formal-results/final-validation-20260731-162115/03_figure3_final/logs/run_GRCh38.p14_chr1_k21_w50_threads2_repeat4.log
final_release_formal,GRCh38.p14_chr1,$KSSD_RELEASE_HOST/seq/human/GCF_000001405.40_GRCh38.p14_genomic.fna,3339739109,df6e4918316e05a9cc1fd29c352841d3678b607d7a436819cd43371b52c814c0,705,21,50,4,42,MurmurHash3,2,2,2,1.184081274000,194649597.169000,194.649597169000,230481012,18475410,230480992,230480943,230480943,230480943,363051744283573300,12897034638841301640,strict_less_than_leftmost,false,1024,$KSSD_RELEASE_HOST/KSSD-Array-formal-results/final-validation-20260731-162115/03_figure3_final/logs/run_GRCh38.p14_chr1_k21_w50_threads2_repeat4.log
final_release_formal,GRCh38.p14_chr1,$KSSD_RELEASE_HOST/seq/human/GCF_000001405.40_GRCh38.p14_genomic.fna,3339739109,df6e4918316e05a9cc1fd29c352841d3678b607d7a436819cd43371b52c814c0,705,21,50,4,42,wyhash,2,2,2,0.907921151000,253855682.012000,253.855682012000,230481012,18475410,230480992,230480943,230480943,230480943,786380710371532391,5050789339946367374,strict_less_than_leftmost,false,1024,$KSSD_RELEASE_HOST/KSSD-Array-formal-results/final-validation-20260731-162115/03_figure3_final/logs/run_GRCh38.p14_chr1_k21_w50_threads2_repeat4.log
final_release_formal,GRCh38.p14_chr1,$KSSD_RELEASE_HOST/seq/human/GCF_000001405.40_GRCh38.p14_genomic.fna,3339739109,df6e4918316e05a9cc1fd29c352841d3678b607d7a436819cd43371b52c814c0,705,21,50,5,42,KSSD-Array,2,2,2,0.706597872000,326184032.153000,326.184032153000,230481012,18475410,230480992,230480943,230480943,230480943,188661062253,1141841123653806802,strict_less_than_leftmost,false,1024,$KSSD_RELEASE_HOST/KSSD-Array-formal-results/final-validation-20260731-162115/03_figure3_final/logs/run_GRCh38.p14_chr1_k21_w50_threads2_repeat5.log
final_release_formal,GRCh38.p14_chr1,$KSSD_RELEASE_HOST/seq/human/GCF_000001405.40_GRCh38.p14_genomic.fna,3339739109,df6e4918316e05a9cc1fd29c352841d3678b607d7a436819cd43371b52c814c0,705,21,50,5,42,XXH3,2,2,2,1.567826526000,147006661.246000,147.006661246000,230481012,18475410,230480992,230480943,230480943,230480943,775743263796053414,3912626187028003461,strict_less_than_leftmost,false,1024,$KSSD_RELEASE_HOST/KSSD-Array-formal-results/final-validation-20260731-162115/03_figure3_final/logs/run_GRCh38.p14_chr1_k21_w50_threads2_repeat5.log
final_release_formal,GRCh38.p14_chr1,$KSSD_RELEASE_HOST/seq/human/GCF_000001405.40_GRCh38.p14_genomic.fna,3339739109,df6e4918316e05a9cc1fd29c352841d3678b607d7a436819cd43371b52c814c0,705,21,50,5,42,XXH64,2,2,2,1.834280889000,125651934.980000,125.651934980000,230481012,18475410,230480992,230480943,230480943,230480943,1359048515777232336,9834236220924344634,strict_less_than_leftmost,false,1024,$KSSD_RELEASE_HOST/KSSD-Array-formal-results/final-validation-20260731-162115/03_figure3_final/logs/run_GRCh38.p14_chr1_k21_w50_threads2_repeat5.log
final_release_formal,GRCh38.p14_chr1,$KSSD_RELEASE_HOST/seq/human/GCF_000001405.40_GRCh38.p14_genomic.fna,3339739109,df6e4918316e05a9cc1fd29c352841d3678b607d7a436819cd43371b52c814c0,705,21,50,5,42,MurmurHash3,2,2,2,1.183021863000,194823908.339000,194.823908339000,230481012,18475410,230480992,230480943,230480943,230480943,363051744283573300,12897034638841301640,strict_less_than_leftmost,false,1024,$KSSD_RELEASE_HOST/KSSD-Array-formal-results/final-validation-20260731-162115/03_figure3_final/logs/run_GRCh38.p14_chr1_k21_w50_threads2_repeat5.log
final_release_formal,GRCh38.p14_chr1,$KSSD_RELEASE_HOST/seq/human/GCF_000001405.40_GRCh38.p14_genomic.fna,3339739109,df6e4918316e05a9cc1fd29c352841d3678b607d7a436819cd43371b52c814c0,705,21,50,5,42,wyhash,2,2,2,0.907925243000,253854537.890000,253.854537890000,230481012,18475410,230480992,230480943,230480943,230480943,786380710371532391,5050789339946367374,strict_less_than_leftmost,false,1024,$KSSD_RELEASE_HOST/KSSD-Array-formal-results/final-validation-20260731-162115/03_figure3_final/logs/run_GRCh38.p14_chr1_k21_w50_threads2_repeat5.log
final_release_formal,GRCh38.p14_chr1,$KSSD_RELEASE_HOST/seq/human/GCF_000001405.40_GRCh38.p14_genomic.fna,3339739109,df6e4918316e05a9cc1fd29c352841d3678b607d7a436819cd43371b52c814c0,705,21,50,1,42,KSSD-Array,4,4,4,0.361364539000,637807305.714000,637.807305714000,230481012,18475410,230480992,230480943,230480943,230480943,188661062253,1141841123653806802,strict_less_than_leftmost,false,1024,$KSSD_RELEASE_HOST/KSSD-Array-formal-results/final-validation-20260731-162115/03_figure3_final/logs/run_GRCh38.p14_chr1_k21_w50_threads4_repeat1.log
final_release_formal,GRCh38.p14_chr1,$KSSD_RELEASE_HOST/seq/human/GCF_000001405.40_GRCh38.p14_genomic.fna,3339739109,df6e4918316e05a9cc1fd29c352841d3678b607d7a436819cd43371b52c814c0,705,21,50,1,42,XXH3,4,4,4,0.787242627000,292769897.228000,292.769897228000,230481012,18475410,230480992,230480943,230480943,230480943,775743263796053414,3912626187028003461,strict_less_than_leftmost,false,1024,$KSSD_RELEASE_HOST/KSSD-Array-formal-results/final-validation-20260731-162115/03_figure3_final/logs/run_GRCh38.p14_chr1_k21_w50_threads4_repeat1.log
final_release_formal,GRCh38.p14_chr1,$KSSD_RELEASE_HOST/seq/human/GCF_000001405.40_GRCh38.p14_genomic.fna,3339739109,df6e4918316e05a9cc1fd29c352841d3678b607d7a436819cd43371b52c814c0,705,21,50,1,42,XXH64,4,4,4,0.917396286000,251233786.878000,251.233786878000,230481012,18475410,230480992,230480943,230480943,230480943,1359048515777232336,9834236220924344634,strict_less_than_leftmost,false,1024,$KSSD_RELEASE_HOST/KSSD-Array-formal-results/final-validation-20260731-162115/03_figure3_final/logs/run_GRCh38.p14_chr1_k21_w50_threads4_repeat1.log
final_release_formal,GRCh38.p14_chr1,$KSSD_RELEASE_HOST/seq/human/GCF_000001405.40_GRCh38.p14_genomic.fna,3339739109,df6e4918316e05a9cc1fd29c352841d3678b607d7a436819cd43371b52c814c0,705,21,50,1,42,MurmurHash3,4,4,4,0.591842109000,389429781.178000,389.429781178000,230481012,18475410,230480992,230480943,230480943,230480943,363051744283573300,12897034638841301640,strict_less_than_leftmost,false,1024,$KSSD_RELEASE_HOST/KSSD-Array-formal-results/final-validation-20260731-162115/03_figure3_final/logs/run_GRCh38.p14_chr1_k21_w50_threads4_repeat1.log
final_release_formal,GRCh38.p14_chr1,$KSSD_RELEASE_HOST/seq/human/GCF_000001405.40_GRCh38.p14_genomic.fna,3339739109,df6e4918316e05a9cc1fd29c352841d3678b607d7a436819cd43371b52c814c0,705,21,50,1,42,wyhash,4,4,4,0.461377960000,499549096.363000,499.549096363000,230481012,18475410,230480992,230480943,230480943,230480943,786380710371532391,5050789339946367374,strict_less_than_leftmost,false,1024,$KSSD_RELEASE_HOST/KSSD-Array-formal-results/final-validation-20260731-162115/03_figure3_final/logs/run_GRCh38.p14_chr1_k21_w50_threads4_repeat1.log
final_release_formal,GRCh38.p14_chr1,$KSSD_RELEASE_HOST/seq/human/GCF_000001405.40_GRCh38.p14_genomic.fna,3339739109,df6e4918316e05a9cc1fd29c352841d3678b607d7a436819cd43371b52c814c0,705,21,50,2,42,KSSD-Array,4,4,4,0.361201543000,638095122.977000,638.095122977000,230481012,18475410,230480992,230480943,230480943,230480943,188661062253,1141841123653806802,strict_less_than_leftmost,false,1024,$KSSD_RELEASE_HOST/KSSD-Array-formal-results/final-validation-20260731-162115/03_figure3_final/logs/run_GRCh38.p14_chr1_k21_w50_threads4_repeat2.log
final_release_formal,GRCh38.p14_chr1,$KSSD_RELEASE_HOST/seq/human/GCF_000001405.40_GRCh38.p14_genomic.fna,3339739109,df6e4918316e05a9cc1fd29c352841d3678b607d7a436819cd43371b52c814c0,705,21,50,2,42,XXH3,4,4,4,0.786962742000,292874021.474000,292.874021474000,230481012,18475410,230480992,230480943,230480943,230480943,775743263796053414,3912626187028003461,strict_less_than_leftmost,false,1024,$KSSD_RELEASE_HOST/KSSD-Array-formal-results/final-validation-20260731-162115/03_figure3_final/logs/run_GRCh38.p14_chr1_k21_w50_threads4_repeat2.log
final_release_formal,GRCh38.p14_chr1,$KSSD_RELEASE_HOST/seq/human/GCF_000001405.40_GRCh38.p14_genomic.fna,3339739109,df6e4918316e05a9cc1fd29c352841d3678b607d7a436819cd43371b52c814c0,705,21,50,2,42,XXH64,4,4,4,0.920629519000,250351458.696000,250.351458696000,230481012,18475410,230480992,230480943,230480943,230480943,1359048515777232336,9834236220924344634,strict_less_than_leftmost,false,1024,$KSSD_RELEASE_HOST/KSSD-Array-formal-results/final-validation-20260731-162115/03_figure3_final/logs/run_GRCh38.p14_chr1_k21_w50_threads4_repeat2.log
final_release_formal,GRCh38.p14_chr1,$KSSD_RELEASE_HOST/seq/human/GCF_000001405.40_GRCh38.p14_genomic.fna,3339739109,df6e4918316e05a9cc1fd29c352841d3678b607d7a436819cd43371b52c814c0,705,21,50,2,42,MurmurHash3,4,4,4,0.591878046000,389406136.209000,389.406136209000,230481012,18475410,230480992,230480943,230480943,230480943,363051744283573300,12897034638841301640,strict_less_than_leftmost,false,1024,$KSSD_RELEASE_HOST/KSSD-Array-formal-results/final-validation-20260731-162115/03_figure3_final/logs/run_GRCh38.p14_chr1_k21_w50_threads4_repeat2.log
final_release_formal,GRCh38.p14_chr1,$KSSD_RELEASE_HOST/seq/human/GCF_000001405.40_GRCh38.p14_genomic.fna,3339739109,df6e4918316e05a9cc1fd29c352841d3678b607d7a436819cd43371b52c814c0,705,21,50,2,42,wyhash,4,4,4,0.454105085000,507549795.440000,507.549795440000,230481012,18475410,230480992,230480943,230480943,230480943,786380710371532391,5050789339946367374,strict_less_than_leftmost,false,1024,$KSSD_RELEASE_HOST/KSSD-Array-formal-results/final-validation-20260731-162115/03_figure3_final/logs/run_GRCh38.p14_chr1_k21_w50_threads4_repeat2.log
final_release_formal,GRCh38.p14_chr1,$KSSD_RELEASE_HOST/seq/human/GCF_000001405.40_GRCh38.p14_genomic.fna,3339739109,df6e4918316e05a9cc1fd29c352841d3678b607d7a436819cd43371b52c814c0,705,21,50,3,42,KSSD-Array,4,4,4,0.361591077000,637407717.337000,637.407717337000,230481012,18475410,230480992,230480943,230480943,230480943,188661062253,1141841123653806802,strict_less_than_leftmost,false,1024,$KSSD_RELEASE_HOST/KSSD-Array-formal-results/final-validation-20260731-162115/03_figure3_final/logs/run_GRCh38.p14_chr1_k21_w50_threads4_repeat3.log
final_release_formal,GRCh38.p14_chr1,$KSSD_RELEASE_HOST/seq/human/GCF_000001405.40_GRCh38.p14_genomic.fna,3339739109,df6e4918316e05a9cc1fd29c352841d3678b607d7a436819cd43371b52c814c0,705,21,50,3,42,XXH3,4,4,4,0.786044242000,293216247.490000,293.216247490000,230481012,18475410,230480992,230480943,230480943,230480943,775743263796053414,3912626187028003461,strict_less_than_leftmost,false,1024,$KSSD_RELEASE_HOST/KSSD-Array-formal-results/final-validation-20260731-162115/03_figure3_final/logs/run_GRCh38.p14_chr1_k21_w50_threads4_repeat3.log
final_release_formal,GRCh38.p14_chr1,$KSSD_RELEASE_HOST/seq/human/GCF_000001405.40_GRCh38.p14_genomic.fna,3339739109,df6e4918316e05a9cc1fd29c352841d3678b607d7a436819cd43371b52c814c0,705,21,50,3,42,XXH64,4,4,4,0.921234562000,250187034.342000,250.187034342000,230481012,18475410,230480992,230480943,230480943,230480943,1359048515777232336,9834236220924344634,strict_less_than_leftmost,false,1024,$KSSD_RELEASE_HOST/KSSD-Array-formal-results/final-validation-20260731-162115/03_figure3_final/logs/run_GRCh38.p14_chr1_k21_w50_threads4_repeat3.log
final_release_formal,GRCh38.p14_chr1,$KSSD_RELEASE_HOST/seq/human/GCF_000001405.40_GRCh38.p14_genomic.fna,3339739109,df6e4918316e05a9cc1fd29c352841d3678b607d7a436819cd43371b52c814c0,705,21,50,3,42,MurmurHash3,4,4,4,0.591314501000,389777254.930000,389.777254930000,230481012,18475410,230480992,230480943,230480943,230480943,363051744283573300,12897034638841301640,strict_less_than_leftmost,false,1024,$KSSD_RELEASE_HOST/KSSD-Array-formal-results/final-validation-20260731-162115/03_figure3_final/logs/run_GRCh38.p14_chr1_k21_w50_threads4_repeat3.log
final_release_formal,GRCh38.p14_chr1,$KSSD_RELEASE_HOST/seq/human/GCF_000001405.40_GRCh38.p14_genomic.fna,3339739109,df6e4918316e05a9cc1fd29c352841d3678b607d7a436819cd43371b52c814c0,705,21,50,3,42,wyhash,4,4,4,0.454434955000,507181369.884000,507.181369884000,230481012,18475410,230480992,230480943,230480943,230480943,786380710371532391,5050789339946367374,strict_less_than_leftmost,false,1024,$KSSD_RELEASE_HOST/KSSD-Array-formal-results/final-validation-20260731-162115/03_figure3_final/logs/run_GRCh38.p14_chr1_k21_w50_threads4_repeat3.log
final_release_formal,GRCh38.p14_chr1,$KSSD_RELEASE_HOST/seq/human/GCF_000001405.40_GRCh38.p14_genomic.fna,3339739109,df6e4918316e05a9cc1fd29c352841d3678b607d7a436819cd43371b52c814c0,705,21,50,4,42,KSSD-Array,4,4,4,0.360319016000,639658005.172000,639.658005172000,230481012,18475410,230480992,230480943,230480943,230480943,188661062253,1141841123653806802,strict_less_than_leftmost,false,1024,$KSSD_RELEASE_HOST/KSSD-Array-formal-results/final-validation-20260731-162115/03_figure3_final/logs/run_GRCh38.p14_chr1_k21_w50_threads4_repeat4.log
final_release_formal,GRCh38.p14_chr1,$KSSD_RELEASE_HOST/seq/human/GCF_000001405.40_GRCh38.p14_genomic.fna,3339739109,df6e4918316e05a9cc1fd29c352841d3678b607d7a436819cd43371b52c814c0,705,21,50,4,42,XXH3,4,4,4,0.785983932000,293238746.514000,293.238746514000,230481012,18475410,230480992,230480943,230480943,230480943,775743263796053414,3912626187028003461,strict_less_than_leftmost,false,1024,$KSSD_RELEASE_HOST/KSSD-Array-formal-results/final-validation-20260731-162115/03_figure3_final/logs/run_GRCh38.p14_chr1_k21_w50_threads4_repeat4.log
final_release_formal,GRCh38.p14_chr1,$KSSD_RELEASE_HOST/seq/human/GCF_000001405.40_GRCh38.p14_genomic.fna,3339739109,df6e4918316e05a9cc1fd29c352841d3678b607d7a436819cd43371b52c814c0,705,21,50,4,42,XXH64,4,4,4,0.916556477000,251463983.708000,251.463983708000,230481012,18475410,230480992,230480943,230480943,230480943,1359048515777232336,9834236220924344634,strict_less_than_leftmost,false,1024,$KSSD_RELEASE_HOST/KSSD-Array-formal-results/final-validation-20260731-162115/03_figure3_final/logs/run_GRCh38.p14_chr1_k21_w50_threads4_repeat4.log
final_release_formal,GRCh38.p14_chr1,$KSSD_RELEASE_HOST/seq/human/GCF_000001405.40_GRCh38.p14_genomic.fna,3339739109,df6e4918316e05a9cc1fd29c352841d3678b607d7a436819cd43371b52c814c0,705,21,50,4,42,MurmurHash3,4,4,4,0.592178451000,389208595.164000,389.208595164000,230481012,18475410,230480992,230480943,230480943,230480943,363051744283573300,12897034638841301640,strict_less_than_leftmost,false,1024,$KSSD_RELEASE_HOST/KSSD-Array-formal-results/final-validation-20260731-162115/03_figure3_final/logs/run_GRCh38.p14_chr1_k21_w50_threads4_repeat4.log
final_release_formal,GRCh38.p14_chr1,$KSSD_RELEASE_HOST/seq/human/GCF_000001405.40_GRCh38.p14_genomic.fna,3339739109,df6e4918316e05a9cc1fd29c352841d3678b607d7a436819cd43371b52c814c0,705,21,50,4,42,wyhash,4,4,4,0.454576175000,507023807.396000,507.023807396000,230481012,18475410,230480992,230480943,230480943,230480943,786380710371532391,5050789339946367374,strict_less_than_leftmost,false,1024,$KSSD_RELEASE_HOST/KSSD-Array-formal-results/final-validation-20260731-162115/03_figure3_final/logs/run_GRCh38.p14_chr1_k21_w50_threads4_repeat4.log
final_release_formal,GRCh38.p14_chr1,$KSSD_RELEASE_HOST/seq/human/GCF_000001405.40_GRCh38.p14_genomic.fna,3339739109,df6e4918316e05a9cc1fd29c352841d3678b607d7a436819cd43371b52c814c0,705,21,50,5,42,KSSD-Array,4,4,4,0.361151870000,638182886.884000,638.182886884000,230481012,18475410,230480992,230480943,230480943,230480943,188661062253,1141841123653806802,strict_less_than_leftmost,false,1024,$KSSD_RELEASE_HOST/KSSD-Array-formal-results/final-validation-20260731-162115/03_figure3_final/logs/run_GRCh38.p14_chr1_k21_w50_threads4_repeat5.log
final_release_formal,GRCh38.p14_chr1,$KSSD_RELEASE_HOST/seq/human/GCF_000001405.40_GRCh38.p14_genomic.fna,3339739109,df6e4918316e05a9cc1fd29c352841d3678b607d7a436819cd43371b52c814c0,705,21,50,5,42,XXH3,4,4,4,0.786103467000,293194156.591000,293.194156591000,230481012,18475410,230480992,230480943,230480943,230480943,775743263796053414,3912626187028003461,strict_less_than_leftmost,false,1024,$KSSD_RELEASE_HOST/KSSD-Array-formal-results/final-validation-20260731-162115/03_figure3_final/logs/run_GRCh38.p14_chr1_k21_w50_threads4_repeat5.log
final_release_formal,GRCh38.p14_chr1,$KSSD_RELEASE_HOST/seq/human/GCF_000001405.40_GRCh38.p14_genomic.fna,3339739109,df6e4918316e05a9cc1fd29c352841d3678b607d7a436819cd43371b52c814c0,705,21,50,5,42,XXH64,4,4,4,0.916903424000,251368832.275000,251.368832275000,230481012,18475410,230480992,230480943,230480943,230480943,1359048515777232336,9834236220924344634,strict_less_than_leftmost,false,1024,$KSSD_RELEASE_HOST/KSSD-Array-formal-results/final-validation-20260731-162115/03_figure3_final/logs/run_GRCh38.p14_chr1_k21_w50_threads4_repeat5.log
final_release_formal,GRCh38.p14_chr1,$KSSD_RELEASE_HOST/seq/human/GCF_000001405.40_GRCh38.p14_genomic.fna,3339739109,df6e4918316e05a9cc1fd29c352841d3678b607d7a436819cd43371b52c814c0,705,21,50,5,42,MurmurHash3,4,4,4,0.591911783000,389383941.357000,389.383941357000,230481012,18475410,230480992,230480943,230480943,230480943,363051744283573300,12897034638841301640,strict_less_than_leftmost,false,1024,$KSSD_RELEASE_HOST/KSSD-Array-formal-results/final-validation-20260731-162115/03_figure3_final/logs/run_GRCh38.p14_chr1_k21_w50_threads4_repeat5.log
final_release_formal,GRCh38.p14_chr1,$KSSD_RELEASE_HOST/seq/human/GCF_000001405.40_GRCh38.p14_genomic.fna,3339739109,df6e4918316e05a9cc1fd29c352841d3678b607d7a436819cd43371b52c814c0,705,21,50,5,42,wyhash,4,4,4,0.454712024000,506872329.815000,506.872329815000,230481012,18475410,230480992,230480943,230480943,230480943,786380710371532391,5050789339946367374,strict_less_than_leftmost,false,1024,$KSSD_RELEASE_HOST/KSSD-Array-formal-results/final-validation-20260731-162115/03_figure3_final/logs/run_GRCh38.p14_chr1_k21_w50_threads4_repeat5.log
final_release_formal,GRCh38.p14_chr1,$KSSD_RELEASE_HOST/seq/human/GCF_000001405.40_GRCh38.p14_genomic.fna,3339739109,df6e4918316e05a9cc1fd29c352841d3678b607d7a436819cd43371b52c814c0,705,21,50,1,42,KSSD-Array,8,8,8,0.185079210000,1245309740.624000,1245.309740624000,230481012,18475410,230480992,230480943,230480943,230480943,188661062253,1141841123653806802,strict_less_than_leftmost,false,1024,$KSSD_RELEASE_HOST/KSSD-Array-formal-results/final-validation-20260731-162115/03_figure3_final/logs/run_GRCh38.p14_chr1_k21_w50_threads8_repeat1.log
final_release_formal,GRCh38.p14_chr1,$KSSD_RELEASE_HOST/seq/human/GCF_000001405.40_GRCh38.p14_genomic.fna,3339739109,df6e4918316e05a9cc1fd29c352841d3678b607d7a436819cd43371b52c814c0,705,21,50,1,42,XXH3,8,8,8,0.395128198000,583306744.916000,583.306744916000,230481012,18475410,230480992,230480943,230480943,230480943,775743263796053414,3912626187028003461,strict_less_than_leftmost,false,1024,$KSSD_RELEASE_HOST/KSSD-Array-formal-results/final-validation-20260731-162115/03_figure3_final/logs/run_GRCh38.p14_chr1_k21_w50_threads8_repeat1.log
final_release_formal,GRCh38.p14_chr1,$KSSD_RELEASE_HOST/seq/human/GCF_000001405.40_GRCh38.p14_genomic.fna,3339739109,df6e4918316e05a9cc1fd29c352841d3678b607d7a436819cd43371b52c814c0,705,21,50,1,42,XXH64,8,8,8,0.458877674000,502270988.673000,502.270988673000,230481012,18475410,230480992,230480943,230480943,230480943,1359048515777232336,9834236220924344634,strict_less_than_leftmost,false,1024,$KSSD_RELEASE_HOST/KSSD-Array-formal-results/final-validation-20260731-162115/03_figure3_final/logs/run_GRCh38.p14_chr1_k21_w50_threads8_repeat1.log
final_release_formal,GRCh38.p14_chr1,$KSSD_RELEASE_HOST/seq/human/GCF_000001405.40_GRCh38.p14_genomic.fna,3339739109,df6e4918316e05a9cc1fd29c352841d3678b607d7a436819cd43371b52c814c0,705,21,50,1,42,MurmurHash3,8,8,8,0.295949333000,778785140.901000,778.785140901000,230481012,18475410,230480992,230480943,230480943,230480943,363051744283573300,12897034638841301640,strict_less_than_leftmost,false,1024,$KSSD_RELEASE_HOST/KSSD-Array-formal-results/final-validation-20260731-162115/03_figure3_final/logs/run_GRCh38.p14_chr1_k21_w50_threads8_repeat1.log
final_release_formal,GRCh38.p14_chr1,$KSSD_RELEASE_HOST/seq/human/GCF_000001405.40_GRCh38.p14_genomic.fna,3339739109,df6e4918316e05a9cc1fd29c352841d3678b607d7a436819cd43371b52c814c0,705,21,50,1,42,wyhash,8,8,8,0.227428902000,1013419758.760000,1013.419758760000,230481012,18475410,230480992,230480943,230480943,230480943,786380710371532391,5050789339946367374,strict_less_than_leftmost,false,1024,$KSSD_RELEASE_HOST/KSSD-Array-formal-results/final-validation-20260731-162115/03_figure3_final/logs/run_GRCh38.p14_chr1_k21_w50_threads8_repeat1.log
final_release_formal,GRCh38.p14_chr1,$KSSD_RELEASE_HOST/seq/human/GCF_000001405.40_GRCh38.p14_genomic.fna,3339739109,df6e4918316e05a9cc1fd29c352841d3678b607d7a436819cd43371b52c814c0,705,21,50,2,42,KSSD-Array,8,8,8,0.185913629000,1239720531.731000,1239.720531731000,230481012,18475410,230480992,230480943,230480943,230480943,188661062253,1141841123653806802,strict_less_than_leftmost,false,1024,$KSSD_RELEASE_HOST/KSSD-Array-formal-results/final-validation-20260731-162115/03_figure3_final/logs/run_GRCh38.p14_chr1_k21_w50_threads8_repeat2.log
final_release_formal,GRCh38.p14_chr1,$KSSD_RELEASE_HOST/seq/human/GCF_000001405.40_GRCh38.p14_genomic.fna,3339739109,df6e4918316e05a9cc1fd29c352841d3678b607d7a436819cd43371b52c814c0,705,21,50,2,42,XXH3,8,8,8,0.392924954000,586577514.749000,586.577514749000,230481012,18475410,230480992,230480943,230480943,230480943,775743263796053414,3912626187028003461,strict_less_than_leftmost,false,1024,$KSSD_RELEASE_HOST/KSSD-Array-formal-results/final-validation-20260731-162115/03_figure3_final/logs/run_GRCh38.p14_chr1_k21_w50_threads8_repeat2.log
final_release_formal,GRCh38.p14_chr1,$KSSD_RELEASE_HOST/seq/human/GCF_000001405.40_GRCh38.p14_genomic.fna,3339739109,df6e4918316e05a9cc1fd29c352841d3678b607d7a436819cd43371b52c814c0,705,21,50,2,42,XXH64,8,8,8,0.458789785000,502367207.238000,502.367207238000,230481012,18475410,230480992,230480943,230480943,230480943,1359048515777232336,9834236220924344634,strict_less_than_leftmost,false,1024,$KSSD_RELEASE_HOST/KSSD-Array-formal-results/final-validation-20260731-162115/03_figure3_final/logs/run_GRCh38.p14_chr1_k21_w50_threads8_repeat2.log
final_release_formal,GRCh38.p14_chr1,$KSSD_RELEASE_HOST/seq/human/GCF_000001405.40_GRCh38.p14_genomic.fna,3339739109,df6e4918316e05a9cc1fd29c352841d3678b607d7a436819cd43371b52c814c0,705,21,50,2,42,MurmurHash3,8,8,8,0.296503146000,777330514.395000,777.330514395000,230481012,18475410,230480992,230480943,230480943,230480943,363051744283573300,12897034638841301640,strict_less_than_leftmost,false,1024,$KSSD_RELEASE_HOST/KSSD-Array-formal-results/final-validation-20260731-162115/03_figure3_final/logs/run_GRCh38.p14_chr1_k21_w50_threads8_repeat2.log
final_release_formal,GRCh38.p14_chr1,$KSSD_RELEASE_HOST/seq/human/GCF_000001405.40_GRCh38.p14_genomic.fna,3339739109,df6e4918316e05a9cc1fd29c352841d3678b607d7a436819cd43371b52c814c0,705,21,50,2,42,wyhash,8,8,8,0.227783131000,1011843774.331000,1011.843774331000,230481012,18475410,230480992,230480943,230480943,230480943,786380710371532391,5050789339946367374,strict_less_than_leftmost,false,1024,$KSSD_RELEASE_HOST/KSSD-Array-formal-results/final-validation-20260731-162115/03_figure3_final/logs/run_GRCh38.p14_chr1_k21_w50_threads8_repeat2.log
final_release_formal,GRCh38.p14_chr1,$KSSD_RELEASE_HOST/seq/human/GCF_000001405.40_GRCh38.p14_genomic.fna,3339739109,df6e4918316e05a9cc1fd29c352841d3678b607d7a436819cd43371b52c814c0,705,21,50,3,42,KSSD-Array,8,8,8,0.184393713000,1249939269.893000,1249.939269893000,230481012,18475410,230480992,230480943,230480943,230480943,188661062253,1141841123653806802,strict_less_than_leftmost,false,1024,$KSSD_RELEASE_HOST/KSSD-Array-formal-results/final-validation-20260731-162115/03_figure3_final/logs/run_GRCh38.p14_chr1_k21_w50_threads8_repeat3.log
final_release_formal,GRCh38.p14_chr1,$KSSD_RELEASE_HOST/seq/human/GCF_000001405.40_GRCh38.p14_genomic.fna,3339739109,df6e4918316e05a9cc1fd29c352841d3678b607d7a436819cd43371b52c814c0,705,21,50,3,42,XXH3,8,8,8,0.394016985000,584951795.923000,584.951795923000,230481012,18475410,230480992,230480943,230480943,230480943,775743263796053414,3912626187028003461,strict_less_than_leftmost,false,1024,$KSSD_RELEASE_HOST/KSSD-Array-formal-results/final-validation-20260731-162115/03_figure3_final/logs/run_GRCh38.p14_chr1_k21_w50_threads8_repeat3.log
final_release_formal,GRCh38.p14_chr1,$KSSD_RELEASE_HOST/seq/human/GCF_000001405.40_GRCh38.p14_genomic.fna,3339739109,df6e4918316e05a9cc1fd29c352841d3678b607d7a436819cd43371b52c814c0,705,21,50,3,42,XXH64,8,8,8,0.458542760000,502637841.234000,502.637841234000,230481012,18475410,230480992,230480943,230480943,230480943,1359048515777232336,9834236220924344634,strict_less_than_leftmost,false,1024,$KSSD_RELEASE_HOST/KSSD-Array-formal-results/final-validation-20260731-162115/03_figure3_final/logs/run_GRCh38.p14_chr1_k21_w50_threads8_repeat3.log
final_release_formal,GRCh38.p14_chr1,$KSSD_RELEASE_HOST/seq/human/GCF_000001405.40_GRCh38.p14_genomic.fna,3339739109,df6e4918316e05a9cc1fd29c352841d3678b607d7a436819cd43371b52c814c0,705,21,50,3,42,MurmurHash3,8,8,8,0.296020853000,778596982.828000,778.596982828000,230481012,18475410,230480992,230480943,230480943,230480943,363051744283573300,12897034638841301640,strict_less_than_leftmost,false,1024,$KSSD_RELEASE_HOST/KSSD-Array-formal-results/final-validation-20260731-162115/03_figure3_final/logs/run_GRCh38.p14_chr1_k21_w50_threads8_repeat3.log
final_release_formal,GRCh38.p14_chr1,$KSSD_RELEASE_HOST/seq/human/GCF_000001405.40_GRCh38.p14_genomic.fna,3339739109,df6e4918316e05a9cc1fd29c352841d3678b607d7a436819cd43371b52c814c0,705,21,50,3,42,wyhash,8,8,8,0.227848526000,1011553364.185000,1011.553364185000,230481012,18475410,230480992,230480943,230480943,230480943,786380710371532391,5050789339946367374,strict_less_than_leftmost,false,1024,$KSSD_RELEASE_HOST/KSSD-Array-formal-results/final-validation-20260731-162115/03_figure3_final/logs/run_GRCh38.p14_chr1_k21_w50_threads8_repeat3.log
final_release_formal,GRCh38.p14_chr1,$KSSD_RELEASE_HOST/seq/human/GCF_000001405.40_GRCh38.p14_genomic.fna,3339739109,df6e4918316e05a9cc1fd29c352841d3678b607d7a436819cd43371b52c814c0,705,21,50,4,42,KSSD-Array,8,8,8,0.186124137000,1238318397.146000,1238.318397146000,230481012,18475410,230480992,230480943,230480943,230480943,188661062253,1141841123653806802,strict_less_than_leftmost,false,1024,$KSSD_RELEASE_HOST/KSSD-Array-formal-results/final-validation-20260731-162115/03_figure3_final/logs/run_GRCh38.p14_chr1_k21_w50_threads8_repeat4.log
final_release_formal,GRCh38.p14_chr1,$KSSD_RELEASE_HOST/seq/human/GCF_000001405.40_GRCh38.p14_genomic.fna,3339739109,df6e4918316e05a9cc1fd29c352841d3678b607d7a436819cd43371b52c814c0,705,21,50,4,42,XXH3,8,8,8,0.393094033000,586325213.947000,586.325213947000,230481012,18475410,230480992,230480943,230480943,230480943,775743263796053414,3912626187028003461,strict_less_than_leftmost,false,1024,$KSSD_RELEASE_HOST/KSSD-Array-formal-results/final-validation-20260731-162115/03_figure3_final/logs/run_GRCh38.p14_chr1_k21_w50_threads8_repeat4.log
final_release_formal,GRCh38.p14_chr1,$KSSD_RELEASE_HOST/seq/human/GCF_000001405.40_GRCh38.p14_genomic.fna,3339739109,df6e4918316e05a9cc1fd29c352841d3678b607d7a436819cd43371b52c814c0,705,21,50,4,42,XXH64,8,8,8,0.458731622000,502430902.834000,502.430902834000,230481012,18475410,230480992,230480943,230480943,230480943,1359048515777232336,9834236220924344634,strict_less_than_leftmost,false,1024,$KSSD_RELEASE_HOST/KSSD-Array-formal-results/final-validation-20260731-162115/03_figure3_final/logs/run_GRCh38.p14_chr1_k21_w50_threads8_repeat4.log
final_release_formal,GRCh38.p14_chr1,$KSSD_RELEASE_HOST/seq/human/GCF_000001405.40_GRCh38.p14_genomic.fna,3339739109,df6e4918316e05a9cc1fd29c352841d3678b607d7a436819cd43371b52c814c0,705,21,50,4,42,MurmurHash3,8,8,8,0.296234338000,778035877.124000,778.035877124000,230481012,18475410,230480992,230480943,230480943,230480943,363051744283573300,12897034638841301640,strict_less_than_leftmost,false,1024,$KSSD_RELEASE_HOST/KSSD-Array-formal-results/final-validation-20260731-162115/03_figure3_final/logs/run_GRCh38.p14_chr1_k21_w50_threads8_repeat4.log
final_release_formal,GRCh38.p14_chr1,$KSSD_RELEASE_HOST/seq/human/GCF_000001405.40_GRCh38.p14_genomic.fna,3339739109,df6e4918316e05a9cc1fd29c352841d3678b607d7a436819cd43371b52c814c0,705,21,50,4,42,wyhash,8,8,8,0.227309338000,1013952814.380000,1013.952814380000,230481012,18475410,230480992,230480943,230480943,230480943,786380710371532391,5050789339946367374,strict_less_than_leftmost,false,1024,$KSSD_RELEASE_HOST/KSSD-Array-formal-results/final-validation-20260731-162115/03_figure3_final/logs/run_GRCh38.p14_chr1_k21_w50_threads8_repeat4.log
final_release_formal,GRCh38.p14_chr1,$KSSD_RELEASE_HOST/seq/human/GCF_000001405.40_GRCh38.p14_genomic.fna,3339739109,df6e4918316e05a9cc1fd29c352841d3678b607d7a436819cd43371b52c814c0,705,21,50,5,42,KSSD-Array,8,8,8,0.184124634000,1251765926.117000,1251.765926117000,230481012,18475410,230480992,230480943,230480943,230480943,188661062253,1141841123653806802,strict_less_than_leftmost,false,1024,$KSSD_RELEASE_HOST/KSSD-Array-formal-results/final-validation-20260731-162115/03_figure3_final/logs/run_GRCh38.p14_chr1_k21_w50_threads8_repeat5.log
final_release_formal,GRCh38.p14_chr1,$KSSD_RELEASE_HOST/seq/human/GCF_000001405.40_GRCh38.p14_genomic.fna,3339739109,df6e4918316e05a9cc1fd29c352841d3678b607d7a436819cd43371b52c814c0,705,21,50,5,42,XXH3,8,8,8,0.392908126000,586602637.483000,586.602637483000,230481012,18475410,230480992,230480943,230480943,230480943,775743263796053414,3912626187028003461,strict_less_than_leftmost,false,1024,$KSSD_RELEASE_HOST/KSSD-Array-formal-results/final-validation-20260731-162115/03_figure3_final/logs/run_GRCh38.p14_chr1_k21_w50_threads8_repeat5.log
final_release_formal,GRCh38.p14_chr1,$KSSD_RELEASE_HOST/seq/human/GCF_000001405.40_GRCh38.p14_genomic.fna,3339739109,df6e4918316e05a9cc1fd29c352841d3678b607d7a436819cd43371b52c814c0,705,21,50,5,42,XXH64,8,8,8,0.458534129000,502647302.400000,502.647302400000,230481012,18475410,230480992,230480943,230480943,230480943,1359048515777232336,9834236220924344634,strict_less_than_leftmost,false,1024,$KSSD_RELEASE_HOST/KSSD-Array-formal-results/final-validation-20260731-162115/03_figure3_final/logs/run_GRCh38.p14_chr1_k21_w50_threads8_repeat5.log
final_release_formal,GRCh38.p14_chr1,$KSSD_RELEASE_HOST/seq/human/GCF_000001405.40_GRCh38.p14_genomic.fna,3339739109,df6e4918316e05a9cc1fd29c352841d3678b607d7a436819cd43371b52c814c0,705,21,50,5,42,MurmurHash3,8,8,8,0.296107814000,778368324.316000,778.368324316000,230481012,18475410,230480992,230480943,230480943,230480943,363051744283573300,12897034638841301640,strict_less_than_leftmost,false,1024,$KSSD_RELEASE_HOST/KSSD-Array-formal-results/final-validation-20260731-162115/03_figure3_final/logs/run_GRCh38.p14_chr1_k21_w50_threads8_repeat5.log
final_release_formal,GRCh38.p14_chr1,$KSSD_RELEASE_HOST/seq/human/GCF_000001405.40_GRCh38.p14_genomic.fna,3339739109,df6e4918316e05a9cc1fd29c352841d3678b607d7a436819cd43371b52c814c0,705,21,50,5,42,wyhash,8,8,8,0.227304065000,1013976336.059000,1013.976336059000,230481012,18475410,230480992,230480943,230480943,230480943,786380710371532391,5050789339946367374,strict_less_than_leftmost,false,1024,$KSSD_RELEASE_HOST/KSSD-Array-formal-results/final-validation-20260731-162115/03_figure3_final/logs/run_GRCh38.p14_chr1_k21_w50_threads8_repeat5.log
final_release_formal,GRCh38.p14_chr1,$KSSD_RELEASE_HOST/seq/human/GCF_000001405.40_GRCh38.p14_genomic.fna,3339739109,df6e4918316e05a9cc1fd29c352841d3678b607d7a436819cd43371b52c814c0,705,21,50,1,42,KSSD-Array,16,16,16,0.097258796000,2369769650.449000,2369.769650449000,230481012,18475410,230480992,230480943,230480943,230480943,188661062253,1141841123653806802,strict_less_than_leftmost,false,1024,$KSSD_RELEASE_HOST/KSSD-Array-formal-results/final-validation-20260731-162115/03_figure3_final/logs/run_GRCh38.p14_chr1_k21_w50_threads16_repeat1.log
final_release_formal,GRCh38.p14_chr1,$KSSD_RELEASE_HOST/seq/human/GCF_000001405.40_GRCh38.p14_genomic.fna,3339739109,df6e4918316e05a9cc1fd29c352841d3678b607d7a436819cd43371b52c814c0,705,21,50,1,42,XXH3,16,16,16,0.205363449000,1122307519.290000,1122.307519290000,230481012,18475410,230480992,230480943,230480943,230480943,775743263796053414,3912626187028003461,strict_less_than_leftmost,false,1024,$KSSD_RELEASE_HOST/KSSD-Array-formal-results/final-validation-20260731-162115/03_figure3_final/logs/run_GRCh38.p14_chr1_k21_w50_threads16_repeat1.log
final_release_formal,GRCh38.p14_chr1,$KSSD_RELEASE_HOST/seq/human/GCF_000001405.40_GRCh38.p14_genomic.fna,3339739109,df6e4918316e05a9cc1fd29c352841d3678b607d7a436819cd43371b52c814c0,705,21,50,1,42,XXH64,16,16,16,0.231699975000,994738747.814000,994.738747814000,230481012,18475410,230480992,230480943,230480943,230480943,1359048515777232336,9834236220924344634,strict_less_than_leftmost,false,1024,$KSSD_RELEASE_HOST/KSSD-Array-formal-results/final-validation-20260731-162115/03_figure3_final/logs/run_GRCh38.p14_chr1_k21_w50_threads16_repeat1.log
final_release_formal,GRCh38.p14_chr1,$KSSD_RELEASE_HOST/seq/human/GCF_000001405.40_GRCh38.p14_genomic.fna,3339739109,df6e4918316e05a9cc1fd29c352841d3678b607d7a436819cd43371b52c814c0,705,21,50,1,42,MurmurHash3,16,16,16,0.148462822000,1552448888.517000,1552.448888517000,230481012,18475410,230480992,230480943,230480943,230480943,363051744283573300,12897034638841301640,strict_less_than_leftmost,false,1024,$KSSD_RELEASE_HOST/KSSD-Array-formal-results/final-validation-20260731-162115/03_figure3_final/logs/run_GRCh38.p14_chr1_k21_w50_threads16_repeat1.log
final_release_formal,GRCh38.p14_chr1,$KSSD_RELEASE_HOST/seq/human/GCF_000001405.40_GRCh38.p14_genomic.fna,3339739109,df6e4918316e05a9cc1fd29c352841d3678b607d7a436819cd43371b52c814c0,705,21,50,1,42,wyhash,16,16,16,0.114034986000,2021142379.936000,2021.142379936000,230481012,18475410,230480992,230480943,230480943,230480943,786380710371532391,5050789339946367374,strict_less_than_leftmost,false,1024,$KSSD_RELEASE_HOST/KSSD-Array-formal-results/final-validation-20260731-162115/03_figure3_final/logs/run_GRCh38.p14_chr1_k21_w50_threads16_repeat1.log
final_release_formal,GRCh38.p14_chr1,$KSSD_RELEASE_HOST/seq/human/GCF_000001405.40_GRCh38.p14_genomic.fna,3339739109,df6e4918316e05a9cc1fd29c352841d3678b607d7a436819cd43371b52c814c0,705,21,50,2,42,KSSD-Array,16,16,16,0.097849950000,2355452843.870000,2355.452843870000,230481012,18475410,230480992,230480943,230480943,230480943,188661062253,1141841123653806802,strict_less_than_leftmost,false,1024,$KSSD_RELEASE_HOST/KSSD-Array-formal-results/final-validation-20260731-162115/03_figure3_final/logs/run_GRCh38.p14_chr1_k21_w50_threads16_repeat2.log
final_release_formal,GRCh38.p14_chr1,$KSSD_RELEASE_HOST/seq/human/GCF_000001405.40_GRCh38.p14_genomic.fna,3339739109,df6e4918316e05a9cc1fd29c352841d3678b607d7a436819cd43371b52c814c0,705,21,50,2,42,XXH3,16,16,16,0.200140526000,1151595569.405000,1151.595569405000,230481012,18475410,230480992,230480943,230480943,230480943,775743263796053414,3912626187028003461,strict_less_than_leftmost,false,1024,$KSSD_RELEASE_HOST/KSSD-Array-formal-results/final-validation-20260731-162115/03_figure3_final/logs/run_GRCh38.p14_chr1_k21_w50_threads16_repeat2.log
final_release_formal,GRCh38.p14_chr1,$KSSD_RELEASE_HOST/seq/human/GCF_000001405.40_GRCh38.p14_genomic.fna,3339739109,df6e4918316e05a9cc1fd29c352841d3678b607d7a436819cd43371b52c814c0,705,21,50,2,42,XXH64,16,16,16,0.230194601000,1001243912.754000,1001.243912754000,230481012,18475410,230480992,230480943,230480943,230480943,1359048515777232336,9834236220924344634,strict_less_than_leftmost,false,1024,$KSSD_RELEASE_HOST/KSSD-Array-formal-results/final-validation-20260731-162115/03_figure3_final/logs/run_GRCh38.p14_chr1_k21_w50_threads16_repeat2.log
final_release_formal,GRCh38.p14_chr1,$KSSD_RELEASE_HOST/seq/human/GCF_000001405.40_GRCh38.p14_genomic.fna,3339739109,df6e4918316e05a9cc1fd29c352841d3678b607d7a436819cd43371b52c814c0,705,21,50,2,42,MurmurHash3,16,16,16,0.148466138000,1552414214.479000,1552.414214479000,230481012,18475410,230480992,230480943,230480943,230480943,363051744283573300,12897034638841301640,strict_less_than_leftmost,false,1024,$KSSD_RELEASE_HOST/KSSD-Array-formal-results/final-validation-20260731-162115/03_figure3_final/logs/run_GRCh38.p14_chr1_k21_w50_threads16_repeat2.log
final_release_formal,GRCh38.p14_chr1,$KSSD_RELEASE_HOST/seq/human/GCF_000001405.40_GRCh38.p14_genomic.fna,3339739109,df6e4918316e05a9cc1fd29c352841d3678b607d7a436819cd43371b52c814c0,705,21,50,2,42,wyhash,16,16,16,0.114152121000,2019068423.617000,2019.068423617000,230481012,18475410,230480992,230480943,230480943,230480943,786380710371532391,5050789339946367374,strict_less_than_leftmost,false,1024,$KSSD_RELEASE_HOST/KSSD-Array-formal-results/final-validation-20260731-162115/03_figure3_final/logs/run_GRCh38.p14_chr1_k21_w50_threads16_repeat2.log
final_release_formal,GRCh38.p14_chr1,$KSSD_RELEASE_HOST/seq/human/GCF_000001405.40_GRCh38.p14_genomic.fna,3339739109,df6e4918316e05a9cc1fd29c352841d3678b607d7a436819cd43371b52c814c0,705,21,50,3,42,KSSD-Array,16,16,16,0.097588940000,2361752704.763000,2361.752704763000,230481012,18475410,230480992,230480943,230480943,230480943,188661062253,1141841123653806802,strict_less_than_leftmost,false,1024,$KSSD_RELEASE_HOST/KSSD-Array-formal-results/final-validation-20260731-162115/03_figure3_final/logs/run_GRCh38.p14_chr1_k21_w50_threads16_repeat3.log
final_release_formal,GRCh38.p14_chr1,$KSSD_RELEASE_HOST/seq/human/GCF_000001405.40_GRCh38.p14_genomic.fna,3339739109,df6e4918316e05a9cc1fd29c352841d3678b607d7a436819cd43371b52c814c0,705,21,50,3,42,XXH3,16,16,16,0.198193519000,1162908576.239000,1162.908576239000,230481012,18475410,230480992,230480943,230480943,230480943,775743263796053414,3912626187028003461,strict_less_than_leftmost,false,1024,$KSSD_RELEASE_HOST/KSSD-Array-formal-results/final-validation-20260731-162115/03_figure3_final/logs/run_GRCh38.p14_chr1_k21_w50_threads16_repeat3.log
final_release_formal,GRCh38.p14_chr1,$KSSD_RELEASE_HOST/seq/human/GCF_000001405.40_GRCh38.p14_genomic.fna,3339739109,df6e4918316e05a9cc1fd29c352841d3678b607d7a436819cd43371b52c814c0,705,21,50,3,42,XXH64,16,16,16,0.230117437000,1001579654.305000,1001.579654305000,230481012,18475410,230480992,230480943,230480943,230480943,1359048515777232336,9834236220924344634,strict_less_than_leftmost,false,1024,$KSSD_RELEASE_HOST/KSSD-Array-formal-results/final-validation-20260731-162115/03_figure3_final/logs/run_GRCh38.p14_chr1_k21_w50_threads16_repeat3.log
final_release_formal,GRCh38.p14_chr1,$KSSD_RELEASE_HOST/seq/human/GCF_000001405.40_GRCh38.p14_genomic.fna,3339739109,df6e4918316e05a9cc1fd29c352841d3678b607d7a436819cd43371b52c814c0,705,21,50,3,42,MurmurHash3,16,16,16,0.148480750000,1552261441.298000,1552.261441298000,230481012,18475410,230480992,230480943,230480943,230480943,363051744283573300,12897034638841301640,strict_less_than_leftmost,false,1024,$KSSD_RELEASE_HOST/KSSD-Array-formal-results/final-validation-20260731-162115/03_figure3_final/logs/run_GRCh38.p14_chr1_k21_w50_threads16_repeat3.log
final_release_formal,GRCh38.p14_chr1,$KSSD_RELEASE_HOST/seq/human/GCF_000001405.40_GRCh38.p14_genomic.fna,3339739109,df6e4918316e05a9cc1fd29c352841d3678b607d7a436819cd43371b52c814c0,705,21,50,3,42,wyhash,16,16,16,0.114148739000,2019128244.597000,2019.128244597000,230481012,18475410,230480992,230480943,230480943,230480943,786380710371532391,5050789339946367374,strict_less_than_leftmost,false,1024,$KSSD_RELEASE_HOST/KSSD-Array-formal-results/final-validation-20260731-162115/03_figure3_final/logs/run_GRCh38.p14_chr1_k21_w50_threads16_repeat3.log
final_release_formal,GRCh38.p14_chr1,$KSSD_RELEASE_HOST/seq/human/GCF_000001405.40_GRCh38.p14_genomic.fna,3339739109,df6e4918316e05a9cc1fd29c352841d3678b607d7a436819cd43371b52c814c0,705,21,50,4,42,KSSD-Array,16,16,16,0.098673991000,2335782111.012000,2335.782111012000,230481012,18475410,230480992,230480943,230480943,230480943,188661062253,1141841123653806802,strict_less_than_leftmost,false,1024,$KSSD_RELEASE_HOST/KSSD-Array-formal-results/final-validation-20260731-162115/03_figure3_final/logs/run_GRCh38.p14_chr1_k21_w50_threads16_repeat4.log
final_release_formal,GRCh38.p14_chr1,$KSSD_RELEASE_HOST/seq/human/GCF_000001405.40_GRCh38.p14_genomic.fna,3339739109,df6e4918316e05a9cc1fd29c352841d3678b607d7a436819cd43371b52c814c0,705,21,50,4,42,XXH3,16,16,16,0.201341247000,1144727900.687000,1144.727900687000,230481012,18475410,230480992,230480943,230480943,230480943,775743263796053414,3912626187028003461,strict_less_than_leftmost,false,1024,$KSSD_RELEASE_HOST/KSSD-Array-formal-results/final-validation-20260731-162115/03_figure3_final/logs/run_GRCh38.p14_chr1_k21_w50_threads16_repeat4.log
final_release_formal,GRCh38.p14_chr1,$KSSD_RELEASE_HOST/seq/human/GCF_000001405.40_GRCh38.p14_genomic.fna,3339739109,df6e4918316e05a9cc1fd29c352841d3678b607d7a436819cd43371b52c814c0,705,21,50,4,42,XXH64,16,16,16,0.231856594000,994066802.344000,994.066802344000,230481012,18475410,230480992,230480943,230480943,230480943,1359048515777232336,9834236220924344634,strict_less_than_leftmost,false,1024,$KSSD_RELEASE_HOST/KSSD-Array-formal-results/final-validation-20260731-162115/03_figure3_final/logs/run_GRCh38.p14_chr1_k21_w50_threads16_repeat4.log
final_release_formal,GRCh38.p14_chr1,$KSSD_RELEASE_HOST/seq/human/GCF_000001405.40_GRCh38.p14_genomic.fna,3339739109,df6e4918316e05a9cc1fd29c352841d3678b607d7a436819cd43371b52c814c0,705,21,50,4,42,MurmurHash3,16,16,16,0.148400983000,1553095797.216000,1553.095797216000,230481012,18475410,230480992,230480943,230480943,230480943,363051744283573300,12897034638841301640,strict_less_than_leftmost,false,1024,$KSSD_RELEASE_HOST/KSSD-Array-formal-results/final-validation-20260731-162115/03_figure3_final/logs/run_GRCh38.p14_chr1_k21_w50_threads16_repeat4.log
final_release_formal,GRCh38.p14_chr1,$KSSD_RELEASE_HOST/seq/human/GCF_000001405.40_GRCh38.p14_genomic.fna,3339739109,df6e4918316e05a9cc1fd29c352841d3678b607d7a436819cd43371b52c814c0,705,21,50,4,42,wyhash,16,16,16,0.114103858000,2019922437.680000,2019.922437680000,230481012,18475410,230480992,230480943,230480943,230480943,786380710371532391,5050789339946367374,strict_less_than_leftmost,false,1024,$KSSD_RELEASE_HOST/KSSD-Array-formal-results/final-validation-20260731-162115/03_figure3_final/logs/run_GRCh38.p14_chr1_k21_w50_threads16_repeat4.log
final_release_formal,GRCh38.p14_chr1,$KSSD_RELEASE_HOST/seq/human/GCF_000001405.40_GRCh38.p14_genomic.fna,3339739109,df6e4918316e05a9cc1fd29c352841d3678b607d7a436819cd43371b52c814c0,705,21,50,5,42,KSSD-Array,16,16,16,0.097258724000,2369771404.774000,2369.771404774000,230481012,18475410,230480992,230480943,230480943,230480943,188661062253,1141841123653806802,strict_less_than_leftmost,false,1024,$KSSD_RELEASE_HOST/KSSD-Array-formal-results/final-validation-20260731-162115/03_figure3_final/logs/run_GRCh38.p14_chr1_k21_w50_threads16_repeat5.log
final_release_formal,GRCh38.p14_chr1,$KSSD_RELEASE_HOST/seq/human/GCF_000001405.40_GRCh38.p14_genomic.fna,3339739109,df6e4918316e05a9cc1fd29c352841d3678b607d7a436819cd43371b52c814c0,705,21,50,5,42,XXH3,16,16,16,0.197877300000,1164766969.228000,1164.766969228000,230481012,18475410,230480992,230480943,230480943,230480943,775743263796053414,3912626187028003461,strict_less_than_leftmost,false,1024,$KSSD_RELEASE_HOST/KSSD-Array-formal-results/final-validation-20260731-162115/03_figure3_final/logs/run_GRCh38.p14_chr1_k21_w50_threads16_repeat5.log
final_release_formal,GRCh38.p14_chr1,$KSSD_RELEASE_HOST/seq/human/GCF_000001405.40_GRCh38.p14_genomic.fna,3339739109,df6e4918316e05a9cc1fd29c352841d3678b607d7a436819cd43371b52c814c0,705,21,50,5,42,XXH64,16,16,16,0.230265719000,1000934676.690000,1000.934676690000,230481012,18475410,230480992,230480943,230480943,230480943,1359048515777232336,9834236220924344634,strict_less_than_leftmost,false,1024,$KSSD_RELEASE_HOST/KSSD-Array-formal-results/final-validation-20260731-162115/03_figure3_final/logs/run_GRCh38.p14_chr1_k21_w50_threads16_repeat5.log
final_release_formal,GRCh38.p14_chr1,$KSSD_RELEASE_HOST/seq/human/GCF_000001405.40_GRCh38.p14_genomic.fna,3339739109,df6e4918316e05a9cc1fd29c352841d3678b607d7a436819cd43371b52c814c0,705,21,50,5,42,MurmurHash3,16,16,16,0.148441841000,1552668314.050000,1552.668314050000,230481012,18475410,230480992,230480943,230480943,230480943,363051744283573300,12897034638841301640,strict_less_than_leftmost,false,1024,$KSSD_RELEASE_HOST/KSSD-Array-formal-results/final-validation-20260731-162115/03_figure3_final/logs/run_GRCh38.p14_chr1_k21_w50_threads16_repeat5.log
final_release_formal,GRCh38.p14_chr1,$KSSD_RELEASE_HOST/seq/human/GCF_000001405.40_GRCh38.p14_genomic.fna,3339739109,df6e4918316e05a9cc1fd29c352841d3678b607d7a436819cd43371b52c814c0,705,21,50,5,42,wyhash,16,16,16,0.113973881000,2022225978.248000,2022.225978248000,230481012,18475410,230480992,230480943,230480943,230480943,786380710371532391,5050789339946367374,strict_less_than_leftmost,false,1024,$KSSD_RELEASE_HOST/KSSD-Array-formal-results/final-validation-20260731-162115/03_figure3_final/logs/run_GRCh38.p14_chr1_k21_w50_threads16_repeat5.log
